Sales_mean,Quantity_mean,Profit_mean,Sales_sum,Quantity_sum,Profit_sum
14.614,29.228,2.5,5,5.395499999999998,10.790999999999997
76.875,307.5,2.75,11,-14.164725000000002,-56.65890000000001
624.9828571428571,4374.88,3.4285714285714284,24,191.92591428571424,1343.4813999999997
35.56466666666667,106.694,4.333333333333333,13,-22.359366666666663,-67.07809999999999
20.272000000000002,40.544000000000004,2.5,5,5.458999999999998,10.917999999999996
9.94,9.94,2.0,2,3.0813999999999995,3.0813999999999995
175.50625000000002,1404.0500000000002,3.25,26,36.99191249999999,295.9352999999999
545.9399999999999,545.9399999999999,6.0,6,87.35040000000004,87.35040000000004
149.95,149.95,5.0,5,65.97800000000001,65.97800000000001
224.50655555555556,2020.5590000000002,4.0,36,28.1986111111111,253.78749999999988
94.64850000000001,378.59400000000005,6.0,24,-71.9994,-287.9976
64.864,64.864,4.0,4,6.486400000000003,6.486400000000003
25.248,25.248,3.0,3,4.102799999999999,4.102799999999999
19.33,38.66,2.0,4,7.541399999999999,15.082799999999999
175.68066666666667,2635.21,3.6,54,37.95244666666667,569.2867
5.9399999999999995,5.9399999999999995,3.0,3,0.0,0.0
40.08,40.08,6.0,6,19.2384,19.2384
76.32000000000001,152.64000000000001,2.0,4,22.3842,44.7684
134.9442857142857,944.61,4.857142857142857,34,15.0798,105.5586
179.334,717.336,2.5,10,3.275574999999998,13.102299999999993
236.41400000000002,472.82800000000003,3.5,7,103.82085000000004,207.64170000000007
120.25,240.5,2.0,4,5.825100000000001,11.650200000000002
36.48733333333334,109.46200000000002,3.3333333333333335,10,12.4553,37.365899999999996
44.794666666666664,134.384,3.0,9,17.047733333333333,51.1432
89.23599999999999,535.4159999999999,3.1666666666666665,19,16.355816666666662,98.13489999999997
36.955999999999996,73.91199999999999,3.0,6,-2.5134000000000007,-5.0268000000000015
115.36,115.36,7.0,7,49.60480000000001,49.60480000000001
227.04444444444445,2043.4,2.7777777777777777,25,32.61427777777778,293.5285
143.05559999999997,715.2779999999999,2.8,14,15.698879999999994,78.49439999999997
18.768,37.536,4.0,8,6.637499999999999,13.274999999999999
4.519999999999999,9.039999999999997,2.5,5,-7.8290000000000015,-15.658000000000003
24.808,99.232,5.25,21,5.459,21.836
8.849999999999998,8.849999999999998,5.0,5,-13.717499999999998,-13.717499999999998
41.315,82.63,3.5,7,14.6702,29.3404
5.682,11.364,3.0,6,-2.261249999999999,-4.522499999999998
27.836000000000002,55.672000000000004,3.5,7,9.394649999999999,18.789299999999997
19.456000000000003,19.456000000000003,4.0,4,3.404799999999998,3.404799999999998
354.90000000000003,354.90000000000003,5.0,5,17.744999999999962,17.744999999999962
175.9602857142857,1231.722,4.571428571428571,32,-32.28467142857143,-225.9927
204.064,612.192,2.0,6,28.225466666666648,84.67639999999994
267.2882,1336.441,3.2,16,-102.82714000000003,-514.1357000000002
99.13912499999999,1586.2259999999999,3.4375,55,9.30601875,148.8963
15.552000000000003,15.552000000000003,3.0,3,2.332799999999999,2.332799999999999
107.64800000000001,107.64800000000001,2.0,2,33.639999999999986,33.639999999999986
285.95550000000003,1143.8220000000001,4.5,18,21.377649999999978,85.51059999999991
195.65750000000003,782.6300000000001,2.75,11,55.995950000000015,223.98380000000006
65.65,131.3,8.0,16,29.8782,59.7564
7.98,7.98,3.0,3,2.0747999999999998,2.0747999999999998
9.392000000000001,18.784000000000002,5.5,11,1.9941999999999998,3.9883999999999995
189.73114285714288,1328.1180000000002,2.4285714285714284,17,22.82702857142855,159.78919999999985
34.998666666666665,104.996,3.0,9,12.624066666666664,37.87219999999999
162.81618181818183,1790.978,3.5454545454545454,39,33.23101818181818,365.5412
126.624,126.624,6.0,6,41.15279999999999,41.15279999999999
306.29694736842106,5819.642,3.8947368421052633,74,-43.170394736842105,-820.2375
16.28,16.28,2.0,2,6.5120000000000005,6.5120000000000005
3380.1754285714283,23661.228,3.5714285714285716,25,-255.67610000000033,-1789.7327000000023
437.13475000000005,3497.0780000000004,5.5,44,109.09069999999997,872.7255999999998
373.6196363636364,4109.816000000001,3.5454545454545454,39,95.94304545454547,1055.3735000000001
198.98242857142856,1392.877,3.7142857142857144,26,9.925128571428573,69.47590000000001
24.900000000000002,24.900000000000002,5.0,5,11.703000000000001,11.703000000000001
40.48,40.48,2.0,2,14.572799999999997,14.572799999999997
29.56833333333333,177.41,3.6666666666666665,22,8.180166666666667,49.081
151.699625,1213.597,3.5,28,13.11412500000001,104.91300000000008
276.8256,1384.1280000000002,5.8,29,56.05550000000001,280.27750000000003
693.8936666666667,2081.681,3.3333333333333335,10,-14.404799999999986,-43.214399999999955
190.119,380.238,3.0,6,-61.200900000000004,-122.40180000000001
59.31550000000001,355.89300000000003,3.0,18,1.4938500000000001,8.9631
215.75800000000004,863.0320000000002,2.0,8,69.0331,276.1324
30.016000000000002,180.096,4.0,24,7.651099999999999,45.90659999999999
131.90088888888891,1187.1080000000002,4.111111111111111,37,18.14893333333334,163.34040000000005
162.75585714285714,2278.582,3.0,42,37.48245714285714,524.7544
496.77888888888873,4471.009999999998,4.444444444444445,40,22.67024444444445,204.03220000000005
98.0716,490.358,3.2,16,28.21036,141.05180000000001
293.99516666666665,3527.942,3.3333333333333335,40,63.80350000000001,765.642
157.3984,786.9920000000001,4.6,23,23.54478,117.7239
79.02399999999999,316.09599999999995,2.75,11,28.929799999999997,115.71919999999999
383.968,767.936,3.5,7,134.3888,268.7776
278.1321111111111,2503.189,8.0,72,-28.000744444444436,-252.00669999999994
91.52279999999999,457.614,4.0,20,28.963280000000005,144.81640000000002
39.072,39.072,6.0,6,9.768,9.768
76.14,76.14,3.0,3,26.648999999999997,26.648999999999997
269.65771428571435,1887.6040000000003,3.2857142857142856,23,-22.888900000000017,-160.22230000000013
75.46466666666667,452.788,4.833333333333333,29,28.17685,169.0611
86.75133333333333,260.254,4.666666666666667,14,41.011833333333335,123.0355
38.22,76.44,4.5,9,16.56935,33.1387
438.87499999999994,877.7499999999999,3.5,7,11.493849999999998,22.987699999999997
148.142,592.568,4.0,16,-5.385399999999995,-21.54159999999998
106.32799999999999,318.984,2.6666666666666665,8,13.990599999999999,41.971799999999995
629.1616666666666,3774.97,4.166666666666667,25,71.48238333333335,428.8943000000001
34.95,69.9,2.5,5,10.800600000000001,21.601200000000002
268.719,1074.876,4.0,16,69.61395,278.4558
150.71566666666664,1808.5879999999997,3.3333333333333335,40,21.98851666666666,263.8621999999999
136.221,544.884,2.0,8,27.753449999999997,111.01379999999999
21.624,64.872,5.0,15,5.0112000000000005,15.033600000000002
29.295,117.18,3.5,14,11.233699999999999,44.934799999999996
87.33449999999999,174.66899999999998,3.5,7,5.9632499999999915,11.926499999999983
28.464285714285715,199.25,3.5714285714285716,25,9.782485714285713,68.47739999999999
407.4052,2037.0259999999998,4.2,21,63.04896000000002,315.2448000000001
56.86,113.72,4.0,8,16.469900000000003,32.939800000000005
272.8375,1091.35,3.0,12,53.95345,215.8138
186.14249999999998,372.28499999999997,6.0,12,-105.83865000000002,-211.67730000000003
201.79157142857144,2825.0820000000003,4.285714285714286,60,-11.555857142857139,-161.78199999999995
359.49399999999997,1437.9759999999999,3.75,15,-35.01032499999997,-140.0412999999999
298.96333333333337,896.8900000000001,2.6666666666666665,8,-23.301833333333338,-69.90550000000002
35.910000000000004,35.910000000000004,3.0,3,9.695699999999999,9.695699999999999
143.728,287.456,4.0,8,12.399599999999998,24.799199999999995
133.112,532.448,3.0,12,9.051899999999998,36.20759999999999
91.67999999999999,91.67999999999999,3.0,3,45.839999999999996,45.839999999999996
39.80977777777778,358.288,4.222222222222222,38,8.081811111111112,72.7363
79.53466666666667,477.20799999999997,4.333333333333333,26,1.0455999999999979,6.273599999999988
779.796,779.796,2.0,2,-168.95579999999995,-168.95579999999995
1121.9133333333334,3365.7400000000002,6.0,18,486.67530000000005,1460.0259
237.2266666666667,711.6800000000001,5.333333333333333,16,99.02946666666666,297.0884
138.91088888888888,1250.1979999999999,4.111111111111111,37,4.0978444444444495,36.880600000000044
58.14499999999999,348.86999999999995,2.3333333333333335,14,-18.99513333333334,-113.97080000000004
155.87833333333333,935.27,2.8333333333333335,17,21.326833333333333,127.961
158.596,475.788,2.6666666666666665,8,1.9125999999999816,5.737799999999945
302.2782857142857,2115.948,4.428571428571429,31,64.85504285714283,453.9852999999998
42.504000000000005,85.00800000000001,5.0,10,3.9744,7.9488
719.9760000000001,719.9760000000001,3.0,3,134.9955,134.9955
285.69374999999997,1142.7749999999999,3.0,12,13.066274999999978,52.26509999999991
337.4741111111111,6074.534,4.444444444444445,80,97.51077222222223,1755.1939000000002
166.072,664.288,4.25,17,40.60359999999999,162.41439999999997
78.27199999999999,469.63199999999995,2.3333333333333335,14,-0.2583333333333376,-1.5500000000000256
56.351,112.702,6.5,13,6.634349999999994,13.268699999999988
573.7366,2868.683,4.8,24,-51.38764000000003,-256.93820000000017
54.46100000000001,272.30500000000006,2.2,11,-0.2347999999999999,-1.1739999999999995
252.788,2022.304,3.125,25,22.74874999999999,181.98999999999992
537.482,4299.856,5.125,41,46.74533749999998,373.9626999999998
264.047,528.094,3.5,7,126.36815,252.7363
15.23,30.46,2.0,4,5.3866,10.7732
14.52,14.52,3.0,3,4.7916,4.7916
137.478,274.956,2.5,5,39.987300000000005,79.97460000000001
463.6666666666665,5563.999999999998,3.6666666666666665,44,112.89334166666667,1354.7201
328.033,656.066,5.5,11,13.17979999999997,26.35959999999994
126.28800000000001,631.44,2.6,13,28.433640000000004,142.1682
210.4615076923077,2735.9996,3.3846153846153846,44,-0.6059538461538446,-7.87739999999998
212.0781111111111,1908.703,3.4444444444444446,31,30.764111111111113,276.877
11.559999999999999,23.119999999999997,5.0,10,1.0503,2.1006
240.88875000000002,1927.1100000000001,4.5,36,21.9877875,175.9023
179.496,538.488,3.3333333333333335,10,4.4122999999999895,13.236899999999968
310.688,310.688,7.0,7,108.74079999999998,108.74079999999998
205.38,616.14,3.3333333333333335,10,25.36840000000001,76.10520000000002
274.1598333333333,1644.959,4.5,27,18.060333333333332,108.362
23.160000000000004,46.32000000000001,4.0,8,7.619999999999999,15.239999999999998
17.77066666666667,53.31200000000001,4.0,12,6.434933333333333,19.3048
283.61440000000005,1418.0720000000001,5.8,29,19.565519999999985,97.82759999999993
23.588000000000005,141.52800000000002,3.1666666666666665,19,6.09205,36.5523
104.98400000000001,209.96800000000002,3.0,6,32.6904,65.3808
188.08114285714282,1316.5679999999998,2.7142857142857144,19,52.697442857142846,368.8820999999999
18.72,37.44,4.0,8,9.282,18.564
63.882000000000005,63.882000000000005,1.0,1,10.647000000000004,10.647000000000004
140.718,422.154,3.3333333333333335,10,11.066733333333326,33.20019999999998
295.51,1182.04,3.5,14,7.285299999999985,29.14119999999994
22.901333333333337,68.70400000000001,3.6666666666666665,11,6.540066666666665,19.620199999999997
131.89757142857144,923.2830000000001,3.2857142857142856,23,17.729528571428574,124.10670000000002
138.22145454545455,1520.436,4.7272727272727275,52,42.49877272727273,467.48650000000004
176.64199999999997,1059.8519999999999,5.333333333333333,32,11.531233333333333,69.1874
268.80500000000006,1075.2200000000003,2.75,11,-1.4470000000000187,-5.788000000000075
72.08371428571428,504.58599999999996,2.7142857142857144,19,-2.660514285714288,-18.623600000000014
4.755000000000001,9.510000000000002,3.0,6,1.9941000000000004,3.988200000000001
32.2056,161.028,3.2,16,-11.71956,-58.5978
55.92,55.92,5.0,5,6.291,6.291
48.17266666666668,289.03600000000006,3.1666666666666665,19,19.956516666666662,119.73909999999998
123.26679999999999,616.334,2.6,13,37.981079999999984,189.90539999999993
218.92900000000003,3065.0060000000003,2.9285714285714284,41,11.387899999999998,159.43059999999997
275.07171428571434,1925.5020000000002,3.142857142857143,22,3.435942857142863,24.051600000000043
691.025875,11056.414,4.3125,69,44.583149999999975,713.3303999999996
53.208,212.832,6.0,24,10.298199999999998,41.19279999999999
238.0,238.0,2.0,2,38.08000000000001,38.08000000000001
382.0684999999999,3056.5479999999993,4.5,36,-477.5633750000002,-3820.5070000000014
92.10249999999999,368.40999999999997,6.25,25,34.70994999999999,138.83979999999997
391.41920000000005,1957.0960000000002,5.6,28,28.58567999999996,142.9283999999998
19.752000000000002,19.752000000000002,3.0,3,6.9132,6.9132
235.63875,1885.11,3.0,24,23.709137499999997,189.67309999999998
5.68,5.68,2.0,2,1.9169999999999998,1.9169999999999998
405.7933333333333,1217.3799999999999,3.3333333333333335,10,106.30966666666667,318.92900000000003
185.22444444444443,1667.02,5.222222222222222,47,61.78895555555557,556.1006000000001
288.67533333333336,2598.078,4.333333333333333,39,73.43532222222224,660.9179000000001
155.45600000000002,155.45600000000002,4.0,4,-7.7727999999999895,-7.7727999999999895
114.53,916.24,3.625,29,34.4466625,275.5733
266.4925,1598.955,2.8333333333333335,17,79.67266666666667,478.036
524.5055714285714,3671.539,5.285714285714286,37,109.39079999999998,765.7355999999999
74.444,223.33200000000002,2.6666666666666665,8,-3.7135666666666745,-11.140700000000024
303.72799999999995,2126.0959999999995,3.142857142857143,22,90.20875714285714,631.4612999999999
164.29892307692307,2135.886,4.538461538461538,59,23.755938461538456,308.82719999999995
121.80000000000001,243.60000000000002,5.0,10,23.40949999999999,46.81899999999998
46.949999999999996,93.89999999999999,5.5,11,-11.21040000000001,-22.42080000000002
101.05639999999998,505.2819999999999,3.4,17,18.756879999999995,93.78439999999998
853.0919999999999,853.0919999999999,6.0,6,-227.49120000000016,-227.49120000000016
116.18075,929.446,4.375,35,22.328949999999992,178.63159999999993
108.0755,432.302,3.5,14,12.683225,50.7329
8.88,26.640000000000004,2.3333333333333335,7,0.8743333333333324,2.622999999999997
309.0323333333333,1854.194,3.5,21,96.09696666666662,576.5817999999997
172.568,690.272,4.25,17,47.48025,189.921
61.199999999999996,673.1999999999999,5.2727272727272725,58,16.69495454545454,183.64449999999994
19.44,19.44,3.0,3,9.5256,9.5256
195.40854545454548,2149.494,3.272727272727273,36,49.16320909090909,540.7953
204.72500000000005,1228.3500000000004,5.333333333333333,32,13.574766666666667,81.4486
54.346250000000005,434.77000000000004,2.875,23,11.872787499999998,94.98229999999998
236.34750000000005,709.0425000000001,3.0,9,-145.5810333333333,-436.7430999999999
29.03,87.09,4.333333333333333,13,10.082600000000001,30.247800000000005
30.81866666666667,184.912,4.166666666666667,25,3.8172333333333337,22.9034
102.96900000000001,617.8140000000001,3.1666666666666665,19,18.913616666666666,113.4817
656.4125,2625.65,2.5,10,194.473425,777.8937
475.944,475.944,7.0,7,95.18879999999997,95.18879999999997
50.18,100.36,7.0,14,19.815399999999997,39.630799999999994
122.22716666666668,733.363,2.5,15,1.2418499999999966,7.45109999999998
52.084500000000006,208.33800000000002,5.5,22,14.661074999999997,58.64429999999999
670.6217142857142,14083.055999999999,4.0476190476190474,85,-46.76260476190488,-982.0147000000024
160.0148148148148,4320.4,2.925925925925926,79,-17.19727407407407,-464.32639999999986
291.59608695652173,6706.71,4.130434782608695,95,57.01821304347827,1311.4189000000001
317.57899999999995,1270.3159999999998,5.0,20,26.429799999999968,105.71919999999987
318.2416666666667,1909.45,4.666666666666667,28,38.170750000000005,229.02450000000005
559.9755,4479.804,4.875,39,47.77456250000003,382.19650000000024
8.576857142857143,60.038000000000004,3.4285714285714284,24,-2.3648999999999996,-16.554299999999998
167.06393333333332,2505.959,3.4,51,22.302506666666662,334.53759999999994
14.75,29.5,2.5,5,6.641300000000001,13.282600000000002
753.6952499999999,6029.561999999999,3.625,29,-75.36951250000008,-602.9561000000007
43.00033333333333,387.003,4.111111111111111,37,9.015555555555554,81.13999999999999
514.2781666666667,6171.338000000001,3.75,45,139.40875833333334,1672.9051
247.50357142857143,3465.05,3.0,42,-59.96980714285718,-839.5773000000005
107.47000000000001,1182.17,3.727272727272727,41,-23.702109090909108,-260.7232000000002
19.3416,96.708,2.8,14,6.45132,32.2566
236.912,947.648,3.25,13,1.27249999999999,5.08999999999996
1079.8543,10798.543,4.1,41,482.06154000000004,4820.615400000001
181.1904,905.952,3.2,16,26.879679999999986,134.39839999999992
114.29734285714282,1600.1627999999996,3.7142857142857144,52,5.412285714285711,75.77199999999996
497.74628571428576,3484.224,4.857142857142857,34,77.22451428571425,540.5715999999998
249.00330434782606,5727.075999999999,3.6956521739130435,85,19.084634782608692,438.9465999999999
195.826,979.13,4.2,21,41.16452,205.82260000000002
68.7117777777778,618.4060000000002,2.4444444444444446,22,15.467377777777775,139.20639999999997
234.87666666666667,704.63,3.3333333333333335,10,11.208533333333316,33.62559999999995
11.581600000000002,57.90800000000001,3.0,15,-4.655920000000002,-23.27960000000001
96.14185714285715,672.993,2.7142857142857144,19,-0.3155714285714369,-2.2090000000000583
120.835,483.34,2.75,11,18.2281,72.9124
87.82142857142857,614.75,3.4285714285714284,24,8.919328571428574,62.43530000000001
107.44,107.44,10.0,10,10.744000000000007,10.744000000000007
160.64960000000002,803.248,4.0,20,1.3005999999999887,6.502999999999943
69.15466666666667,207.46400000000003,3.6666666666666665,11,14.150299999999994,42.45089999999998
223.56988888888893,4024.2580000000007,3.388888888888889,61,36.27187777777778,652.8938
122.92999999999999,737.5799999999999,5.166666666666667,31,19.210283333333326,115.26169999999996
255.6582222222222,2300.924,3.7777777777777777,34,44.96641111111113,404.69770000000017
567.01,2268.04,3.0,12,163.245825,652.9833
9.376000000000001,18.752000000000002,2.5,5,2.496000000000001,4.992000000000002
368.0654285714286,2576.458,5.0,35,78.78419999999997,551.4893999999998
149.18133333333336,2685.2640000000006,3.611111111111111,65,10.250233333333325,184.50419999999986
122.5615,490.246,2.25,9,-36.02527499999999,-144.10109999999997
166.70100000000002,333.40200000000004,4.5,9,11.944500000000003,23.889000000000006
211.96,211.96,4.0,4,8.478399999999993,8.478399999999993
191.028,955.14,3.4,17,29.12625999999999,145.63129999999995
71.648,143.296,4.0,8,15.718799999999995,31.43759999999999
24.7785,99.114,2.75,11,1.422075,5.6883
223.94000000000003,447.88000000000005,4.5,9,20.796000000000006,41.59200000000001
664.7590000000001,3988.5540000000005,3.8333333333333335,23,60.10133333333329,360.6079999999997
93.43333333333334,280.3,2.3333333333333335,7,27.492266666666666,82.4768
335.4194545454545,3689.614,3.090909090909091,34,-19.782654545454555,-217.6092000000001
168.664,843.3199999999999,3.8,19,16.527519999999985,82.63759999999992
111.99288888888888,1007.9359999999999,5.0,45,13.615944444444441,122.54349999999997
217.47300000000004,2609.6760000000004,4.833333333333333,58,33.379058333333326,400.54869999999994
242.85775,1942.862,5.375,43,32.386224999999996,259.08979999999997
349.0005384615385,4537.0070000000005,3.230769230769231,42,13.593746153846133,176.71869999999973
52.86,740.04,3.5714285714285716,50,6.048642857142857,84.681
701.11,4907.77,2.857142857142857,20,317.9306857142857,2225.5148
199.59099999999998,1596.7279999999998,3.75,30,-10.401425000000001,-83.21140000000001
229.3532,3440.298,4.266666666666667,64,26.715866666666656,400.73799999999983
135.06533333333334,1215.588,4.333333333333333,39,15.88012222222222,142.92109999999997
417.5488571428572,2922.842,4.857142857142857,34,131.6663857142857,921.6646999999999
375.218,1500.872,2.75,11,39.32804999999999,157.31219999999996
251.25733333333326,3015.0879999999993,3.5833333333333335,43,-136.74642500000007,-1640.957100000001
177.3062476190476,3723.4311999999995,4.238095238095238,89,35.52267142857142,745.9760999999999
59.2784,296.392,3.4,17,27.573179999999997,137.86589999999998
173.39176666666665,2600.8765,2.933333333333333,44,17.061539999999994,255.92309999999992
358.45666666666665,1075.37,4.0,12,144.24213333333333,432.7264
98.76566666666668,592.594,3.3333333333333335,20,-7.416883333333332,-44.50129999999999
146.03775000000002,2336.6040000000003,4.0625,65,-2.9295875000000056,-46.87340000000009
761.2365,10657.311,4.071428571428571,57,112.47480714285712,1574.6472999999996
1240.7865,4963.146,5.0,20,315.16637500000013,1260.6655000000005
368.38859999999994,3683.8859999999995,3.6,36,6.159840000000005,61.598400000000055
242.07517647058825,4115.278,3.6470588235294117,62,41.01824117647059,697.3101
110.524,1878.908,3.4705882352941178,59,29.31762352941176,498.39959999999996
126.96000000000002,1777.4400000000003,3.5,49,38.025357142857146,532.355
171.79314285714284,1202.552,3.7142857142857144,26,2.947885714285719,20.635200000000033
354.23999999999995,4959.36,3.9285714285714284,55,14.424078571428549,201.93709999999967
159.16192307692305,2069.1049999999996,3.6923076923076925,48,-2.183646153846147,-28.387399999999907
84.17246153846153,1094.242,3.8461538461538463,50,18.90274615384615,245.73569999999992
530.4545,2121.818,4.25,17,-112.31600000000003,-449.2640000000001
461.50016666666664,5538.0019999999995,3.9166666666666665,47,72.31626666666668,867.7952000000001
143.65125,1149.21,4.5,36,-1.941775000000008,-15.534200000000064
58.199999999999996,58.199999999999996,3.0,3,28.517999999999994,28.517999999999994
92.73559999999999,927.3559999999999,4.3,43,5.282079999999999,52.82079999999999
161.14355555555554,1450.292,5.111111111111111,46,40.95103333333332,368.5592999999999
395.04150000000004,1580.1660000000002,3.75,15,114.18545,456.7418
129.7176,1297.176,3.0,30,18.41035,184.1035
167.45442857142854,2344.3619999999996,4.142857142857143,58,7.503014285714281,105.04219999999994
123.78120000000001,618.9060000000001,2.2,11,-25.58498000000001,-127.92490000000004
117.47599999999998,234.95199999999997,2.0,4,-164.87520000000006,-329.7504000000001
63.73454545454544,701.0799999999998,4.7272727272727275,52,12.584409090909089,138.42849999999999
740.9780714285715,5186.846500000001,5.428571428571429,38,42.91848571428572,300.42940000000004
108.05557142857143,1512.778,3.142857142857143,44,16.07250714285713,225.01509999999985
21.971999999999998,43.943999999999996,4.5,9,1.5486000000000022,3.0972000000000044
200.8382,2008.382,3.2,32,0.7571699999999921,7.571699999999922
210.332,1261.992,4.5,27,13.360399999999998,80.16239999999999
17.8452,89.226,2.8,14,0.5580999999999985,2.7904999999999927
352.8528,1764.2640000000001,5.4,27,51.629279999999994,258.14639999999997
730.29795,14605.959,3.75,75,159.93631499999998,3198.7262999999994
119.33279999999999,596.664,3.0,15,13.97735999999999,69.88679999999995
284.9114285714286,1994.38,2.4285714285714284,17,107.3122857142857,751.1859999999998
5.484000000000001,5.484000000000001,4.0,4,-4.021599999999999,-4.021599999999999
124.18716666666667,1490.246,3.9166666666666665,47,5.370849999999993,64.45019999999991
96.46166666666669,578.7700000000001,4.833333333333333,29,29.23476666666667,175.4086
281.8452,2818.4519999999998,2.9,29,17.097539999999977,170.97539999999978
187.38822222222223,1686.494,4.333333333333333,39,6.393266666666658,57.53939999999992
197.3090909090909,2170.4,3.1818181818181817,35,24.72913636363635,272.02049999999986
23.180999999999997,139.08599999999998,2.8333333333333335,17,1.3282833333333317,7.969699999999991
185.25960000000003,2778.8940000000007,4.533333333333333,68,-32.44001333333335,-486.60020000000026
269.85671428571425,3777.9939999999997,3.2857142857142856,46,50.38416428571427,705.3782999999997
146.8205,1761.8460000000002,4.25,51,46.5623,558.7476
232.21461538461537,3018.79,4.3076923076923075,56,10.555792307692304,137.22529999999995
248.6311,2486.311,4.7,47,-15.461640000000036,-154.61640000000037
44.272000000000006,88.54400000000001,2.5,5,-16.350199999999997,-32.700399999999995
569.2439999999999,2846.22,3.8,19,214.34508,1071.7254
442.05539999999996,1768.2215999999999,4.75,19,-87.11445000000006,-348.45780000000025
334.81933333333336,2008.9160000000002,5.833333333333333,35,-187.8100666666667,-1126.8604000000003
45.939,367.512,3.5,28,12.247724999999999,97.98179999999999
15.769000000000002,31.538000000000004,3.5,7,3.9466999999999985,7.893399999999997
91.0175,364.07,3.25,13,32.769925,131.0797
513.962,1027.924,3.0,6,-184.2465,-368.493
125.2365,1001.892,3.625,29,12.169349999999993,97.35479999999994
465.18,465.18,3.0,3,120.94680000000001,120.94680000000001
6.68,6.68,2.0,2,2.0039999999999996,2.0039999999999996
130.234,390.702,4.333333333333333,13,-3.9014000000000073,-11.704200000000021
254.74400000000003,254.74400000000003,7.0,7,-312.06139999999994,-312.06139999999994
21.83,43.66,2.5,5,10.4053,20.8106
13.120000000000001,13.120000000000001,5.0,5,2.131999999999999,2.131999999999999
893.313,3573.252,3.0,12,-47.910799999999995,-191.64319999999998
4297.644,4297.644,13.0,13,-1862.3124000000003,-1862.3124000000003
182.72,182.72,8.0,8,84.0512,84.0512
75.612,151.224,5.0,10,23.041199999999996,46.08239999999999
48.29566666666667,289.774,2.5,15,17.511833333333332,105.071
1073.6680000000001,2147.3360000000002,5.0,10,148.9234499999999,297.8468999999998
82.701,165.402,5.0,10,25.0857,50.1714
88.315,176.63,4.0,8,8.1948,16.3896
60.87142857142857,426.09999999999997,2.5714285714285716,18,20.47962857142857,143.35739999999998
286.4648,2864.648,3.7,37,29.522309999999983,295.2230999999998
77.24000000000001,77.24000000000001,5.0,5,7.724,7.724
203.92,203.92,5.0,5,22.940999999999995,22.940999999999995
125.49599999999998,627.4799999999999,4.2,21,37.99501999999999,189.97509999999994
175.306,1402.448,2.875,23,24.316712499999998,194.53369999999998
35.88,35.88,6.0,6,16.146,16.146
194.24099999999999,776.9639999999999,5.0,20,63.97854999999999,255.91419999999997
9.24,9.24,3.0,3,4.4352,4.4352
167.95499999999998,335.90999999999997,5.5,11,48.825900000000004,97.65180000000001
58.654666666666664,175.964,2.3333333333333335,7,15.9442,47.8326
29.99,29.99,1.0,1,2.9989999999999988,2.9989999999999988
2541.98,2541.98,2.0,2,1270.99,1270.99
14.556750000000001,58.227000000000004,4.25,17,2.3375249999999994,9.350099999999998
188.26333333333335,564.7900000000001,4.666666666666667,14,30.858,92.574
188.61499999999998,754.4599999999999,4.25,17,8.64725,34.589
100.36800000000001,200.73600000000002,2.5,5,-9.792900000000007,-19.585800000000013
458.6476,1834.5904,4.5,18,-3.581700000000051,-14.326800000000205
244.97475000000003,979.8990000000001,4.0,16,36.664124999999984,146.65649999999994
787.53,787.53,3.0,3,165.38129999999995,165.38129999999995
61.245,244.98,2.75,11,10.257200000000001,41.028800000000004
85.2876,852.876,3.3,33,-55.40410999999999,-554.0410999999999
113.623,908.984,3.125,25,37.2569375,298.0555
519.9506666666667,1559.852,3.6666666666666665,11,158.47406666666666,475.4222
376.731,3013.848,4.125,33,79.305775,634.4462
19.44,19.44,3.0,3,9.3312,9.3312
141.96,141.96,2.0,2,39.7488,39.7488
15.325333333333335,45.976000000000006,3.3333333333333335,10,2.744666666666666,8.233999999999998
351.3926666666667,2108.356,3.8333333333333335,23,94.10169999999998,564.6101999999998
172.79,518.37,3.3333333333333335,10,84.5285,253.5855
786.9316666666667,4721.59,3.6666666666666665,22,323.8239166666666,1942.9434999999996
16.776000000000003,16.776000000000003,3.0,3,1.6776,1.6776
685.3014181818181,7538.3156,3.6363636363636362,40,292.5743727272727,3218.3180999999995
149.66654545454546,1646.332,3.727272727272727,41,49.19209999999999,541.1130999999999
15.240000000000002,30.480000000000004,2.5,5,3.0456000000000003,6.091200000000001
295.422,886.2660000000001,5.666666666666667,17,72.86089999999999,218.58269999999996
229.33735714285717,3210.7230000000004,4.5,63,33.8032857142857,473.2459999999998
141.83933333333331,425.518,4.0,12,-5.765666666666665,-17.296999999999997
549.265,1098.53,5.0,10,142.8089,285.6178
107.772,107.772,2.0,2,-29.25240000000001,-29.25240000000001
585.6266666666667,3513.76,4.333333333333333,26,109.47339999999998,656.8403999999999
256.15866666666665,1536.952,3.8333333333333335,23,48.22059999999999,289.32359999999994
55.106,220.424,2.5,10,12.027900000000002,48.11160000000001
152.00133333333332,456.00399999999996,3.6666666666666665,11,-35.076533333333344,-105.22960000000003
164.8966,1648.9660000000001,3.2,32,40.57241999999999,405.7241999999999
60.378,120.756,3.0,6,13.91415,27.8283
131.89,263.78,7.0,14,16.415099999999995,32.83019999999999
41.858000000000004,251.14800000000002,4.333333333333333,26,-8.724600000000002,-52.347600000000014
52.748,210.992,2.75,11,14.550475,58.2019
41.856,83.712,3.0,6,12.6594,25.3188
116.62670588235294,1982.654,3.764705882352941,64,-20.91138235294118,-355.4935000000001
579.8079999999999,1739.4239999999998,5.666666666666667,17,-348.0220000000001,-1044.0660000000003
219.52000000000004,1536.6400000000003,3.4285714285714284,24,57.49901428571428,402.49309999999997
107.8884,539.442,2.4,12,32.80556,164.02779999999998
78.35499999999999,156.70999999999998,3.5,7,22.182750000000002,44.365500000000004
243.18050000000002,1945.4440000000002,2.625,21,-11.107225000000009,-88.85780000000007
390.8086666666666,2344.852,3.5,21,66.8985333333333,401.39119999999986
231.56466666666668,1389.3880000000001,3.1666666666666665,19,13.096333333333334,78.578
437.588,2625.5280000000002,3.6666666666666665,22,92.74576666666667,556.4746
227.08030769230768,2952.044,3.4615384615384617,45,43.281207692307675,562.6556999999998
57.99692307692307,753.9599999999999,2.769230769230769,36,7.356930769230766,95.64009999999996
48.63400000000001,194.53600000000003,5.0,20,17.74215,70.9686
180.96,180.96,2.0,2,81.432,81.432
223.95433333333335,1343.726,3.3333333333333335,20,-23.21195000000004,-139.27170000000024
76.458,152.916,3.0,6,12.222150000000001,24.444300000000002
162.77914285714286,1139.454,2.857142857142857,20,47.398700000000005,331.7909
174.541,349.082,2.5,5,-39.519099999999995,-79.03819999999999
186.5423,932.7115,2.8,14,2.08552,10.427599999999998
747.581,4485.486,2.6666666666666665,16,337.74500000000006,2026.4700000000003
299.3528571428572,2095.4700000000003,3.5714285714285716,25,-53.32904285714286,-373.30330000000004
890.0633333333334,2670.19,4.666666666666667,14,324.77116666666666,974.3135
48.187999999999995,289.128,4.0,24,15.347966666666666,92.0878
69.71187499999999,557.6949999999999,4.25,34,-3.8642000000000074,-30.91360000000006
61.3698,613.698,2.8,28,20.617469999999997,206.17469999999997
131.41719999999998,1314.1719999999998,3.4,34,0.7505500000000003,7.505500000000002
806.1120000000001,1612.2240000000002,6.5,13,112.41689999999994,224.83379999999988
26.8,26.8,2.0,2,12.863999999999999,12.863999999999999
48.56466666666666,145.694,3.0,9,-56.57646666666667,-169.7294
125.92999999999999,125.92999999999999,7.0,7,35.260400000000004,35.260400000000004
122.39714285714285,856.78,2.5714285714285716,18,19.22677142857143,134.5874
48.81,48.81,3.0,3,23.9169,23.9169
8.352,8.352,6.0,6,1.2527999999999997,1.2527999999999997
571.8676666666667,3431.206,3.6666666666666665,22,180.00545000000002,1080.0327000000002
120.77833333333335,724.6700000000001,4.166666666666667,25,16.029283333333332,96.17569999999999
133.95160000000004,1339.5160000000003,4.6,46,20.871449999999992,208.71449999999993
84.32533333333335,252.97600000000003,3.0,9,9.067866666666665,27.203599999999994
363.196875,1452.7875,3.25,13,37.89447499999997,151.5778999999999
17.94,17.94,3.0,3,8.790600000000001,8.790600000000001
388.4293333333333,1165.288,4.0,12,3.6355999999999846,10.906799999999954
31.413999999999998,62.827999999999996,2.0,4,-2.5361000000000007,-5.072200000000001
43.55,87.1,7.0,14,15.621999999999998,31.243999999999996
84.77199999999999,169.54399999999998,4.0,8,7.739599999999995,15.47919999999999
26.976,26.976,4.0,4,8.767199999999999,8.767199999999999
745.4008333333333,4472.405,5.833333333333333,35,41.53783333333326,249.22699999999958
165.99685714285715,1161.978,4.714285714285714,33,42.75602857142855,299.29219999999987
172.3548888888889,1551.194,3.111111111111111,28,7.201122222222212,64.8100999999999
239.5792,1197.896,5.4,27,39.82607999999999,199.13039999999995
70.49300000000001,140.98600000000002,5.5,11,0.45279999999999454,0.9055999999999891
80.37233333333333,482.234,3.1666666666666665,19,-8.257550000000004,-49.545300000000026
118.002,590.01,3.2,16,14.300759999999997,71.50379999999998
111.85963636363635,1230.456,4.0,44,40.75937272727272,448.3530999999999
125.6875,1005.5,3.625,29,35.8900125,287.1201
721.6983333333334,4330.1900000000005,4.333333333333333,26,164.41856666666664,986.5113999999998
105.69540000000002,1056.9540000000002,4.9,49,28.28148,282.8148
22.200000000000003,22.200000000000003,6.0,6,9.102000000000002,9.102000000000002
25.826666666666668,77.48,3.0,9,10.688133333333331,32.06439999999999
282.0075,1128.03,3.0,12,109.84150000000001,439.36600000000004
1522.638,1522.638,9.0,9,169.18200000000004,169.18200000000004
109.5968,547.984,3.8,19,19.806620000000002,99.0331
249.93270588235288,4248.855999999999,3.823529411764706,65,-25.055152941176488,-425.9376000000003
12.96,12.96,2.0,2,6.2208000000000006,6.2208000000000006
36.624,36.624,3.0,3,13.734,13.734
58.26200000000001,116.52400000000002,2.0,4,28.4248,56.8496
46.368399999999994,463.68399999999997,3.9,39,0.21319000000000193,2.1319000000000194
22.416800000000002,112.08400000000002,2.6,13,3.810219999999999,19.051099999999995
51.072,51.072,6.0,6,5.107200000000002,5.107200000000002
408.92781818181817,4498.206,3.0,33,143.68057272727276,1580.4863000000003
129.67681818181816,1426.445,3.1818181818181817,35,1.1883272727272691,13.07159999999996
32.806,65.612,3.0,6,9.326299999999998,18.652599999999996
48.71888888888889,438.47,3.5555555555555554,32,12.96514444444444,116.68629999999997
227.91057142857144,1595.374,2.7142857142857144,19,51.01792857142857,357.1255
345.40225,1381.609,5.0,20,-88.81087500000005,-355.2435000000002
4.96,4.96,4.0,4,2.3312,2.3312
662.772,1325.544,2.5,5,247.1898,494.3796
70.84542857142858,495.91800000000006,3.4285714285714284,24,3.6395142857142884,25.47660000000002
77.57499999999999,310.29999999999995,2.25,9,27.703199999999995,110.81279999999998
250.73514285714288,1755.1460000000002,4.714285714285714,33,50.93738571428571,356.5617
104.66040000000001,523.302,3.2,16,7.07614,35.3807
173.10666666666665,1038.6399999999999,3.0,18,10.319766666666654,61.91859999999993
196.978,787.912,3.5,14,-72.25604999999999,-289.02419999999995
54.2648,271.324,3.8,19,13.30232,66.5116
119.54400000000001,478.17600000000004,3.5,14,7.822874999999985,31.29149999999994
261.162,1305.81,3.6,18,-7.973660000000026,-39.86830000000013
19.816000000000003,59.44800000000001,3.3333333333333335,10,6.171599999999999,18.514799999999997
298.6748,1493.374,2.8,14,89.02906,445.1453
100.46799999999999,1004.68,3.6,36,23.08952,230.8952
122.256,489.024,2.5,10,12.091924999999996,48.367699999999985
287.004,1148.016,4.25,17,65.74924999999999,262.99699999999996
89.38254545454548,983.2080000000002,4.181818181818182,46,-4.638009090909098,-51.01810000000008
120.74016666666667,1448.882,4.083333333333333,49,40.77746666666667,489.3296
406.6512,2033.256,5.0,25,56.59103999999998,282.9551999999999
1024.428,2048.856,4.5,9,-70.19865000000013,-140.39730000000026
249.34271428571432,1745.3990000000003,4.0,28,15.712099999999992,109.98469999999995
307.168,307.168,4.0,4,30.716800000000006,30.716800000000006
248.16600000000003,1737.1620000000003,4.285714285714286,30,2.543085714285706,17.801599999999944
85.049125,680.393,3.0,24,19.6056875,156.8455
5.76,5.76,2.0,2,1.6128,1.6128
519.96,519.96,4.0,4,176.78640000000001,176.78640000000001
10.348,20.696,3.5,7,2.7317,5.4634
206.38833333333335,1238.3300000000002,4.166666666666667,25,46.59186666666667,279.5512
10.440000000000001,20.880000000000003,2.5,5,3.654,7.308
294.1446,2941.4460000000004,3.3,33,-0.7618999999999871,-7.618999999999872
183.823,919.115,7.0,35,-6.087280000000016,-30.436400000000077
160.73866666666666,482.21599999999995,5.0,15,23.4038,70.2114
623.96,623.96,5.0,5,38.9975,38.9975
404.3834,4043.834,4.7,47,63.00103999999999,630.0103999999999
155.88,155.88,6.0,6,38.970000000000006,38.970000000000006
98.915,197.83,2.5,5,39.59695,79.1939
61.792,61.792,4.0,4,6.179200000000002,6.179200000000002
112.05250000000001,448.21000000000004,2.0,8,26.877575,107.5103
226.9116,1134.558,3.4,17,-4.685159999999991,-23.425799999999953
505.84800000000007,1011.6960000000001,5.0,10,-86.25540000000004,-172.51080000000007
71.20466666666667,427.228,2.5,15,12.136533333333333,72.8192
199.20333333333335,597.61,4.666666666666667,14,60.14666666666665,180.43999999999994
152.7276,1069.0932,3.4285714285714284,24,23.45895714285714,164.21269999999998
15.190800000000001,75.95400000000001,3.4,17,-3.7309800000000024,-18.654900000000012
276.27353846153846,3591.556,3.769230769230769,49,65.07839230769231,846.0191
359.47999999999996,718.9599999999999,4.0,8,29.26639999999999,58.53279999999998
34.679,69.358,3.5,7,15.403949999999998,30.807899999999997
71.54666666666667,214.64000000000001,3.6666666666666665,11,15.231533333333331,45.694599999999994
158.19246153846154,2056.502,3.230769230769231,42,22.75033846153845,295.75439999999986
8.5,17.0,3.5,7,4.136799999999999,8.273599999999998
165.86333333333334,497.59000000000003,4.0,12,36.167100000000005,108.50130000000001
122.9404,1229.404,3.5,35,-30.434419999999996,-304.34419999999994
52.199999999999996,52.199999999999996,9.0,9,23.49,23.49
550.082,2200.328,4.0,16,79.79107499999994,319.16429999999974
85.11966666666667,1021.4360000000001,3.5833333333333335,43,4.559466666666663,54.71359999999996
129.71733333333333,1556.608,3.0,36,-24.675299999999996,-296.1036
134.85866666666666,1213.728,4.222222222222222,38,13.315766666666654,119.8418999999999
462.3914705882353,7860.655,4.705882352941177,80,104.55184705882348,1777.3813999999993
73.372,146.744,2.5,5,17.128500000000003,34.257000000000005
244.877,489.754,2.0,4,46.87115000000001,93.74230000000001
692.2701666666667,4153.621,3.3333333333333335,20,167.40946666666665,1004.4567999999998
383.3452857142857,2683.417,5.142857142857143,36,73.33492857142858,513.3445
355.2596,3552.596,3.8,38,74.04175999999998,740.4175999999998
79.3475,317.39,4.0,16,30.120225,120.4809
134.04942857142856,938.346,2.857142857142857,20,-20.14955714285714,-141.0469
191.29825,3060.772,3.25,52,53.13375624999998,850.1400999999997
127.61677777777777,1148.551,3.3333333333333335,30,7.832866666666667,70.4958
16.746666666666666,50.24,3.3333333333333335,10,7.149366666666666,21.4481
109.36942857142856,765.5859999999999,5.285714285714286,37,18.70445714285714,130.9312
168.86342857142856,2364.0879999999997,3.857142857142857,54,12.520828571428565,175.2915999999999
271.764,271.764,2.0,2,60.39199999999997,60.39199999999997
195.76833333333332,1761.9149999999997,4.0,36,9.889644444444416,89.00679999999974
160.90211764705884,2735.3360000000002,3.2941176470588234,56,29.880605882352945,507.97030000000007
186.26999999999998,372.53999999999996,6.5,13,56.41439999999998,112.82879999999996
119.63020000000002,1196.3020000000001,3.2,32,8.254439999999994,82.54439999999994
243.8383333333334,4389.090000000001,3.888888888888889,70,67.51513333333334,1215.2724
333.95199999999994,3005.5679999999993,3.2222222222222223,29,75.16792222222222,676.5113
75.1304,375.652,3.8,19,3.997279999999995,19.986399999999975
327.886,4262.518,3.4615384615384617,45,-133.37152307692307,-1733.8297999999998
104.71999999999998,733.0399999999998,6.285714285714286,44,43.77697142857143,306.4388
509.11269565217384,11709.591999999999,3.8260869565217392,88,54.20917826086955,1246.8110999999997
211.14257142857147,2955.9960000000005,3.7142857142857144,52,-57.12604285714286,-799.7646000000001
159.82880000000003,799.1440000000001,2.8,14,2.5852199999999788,12.926099999999893
228.9981538461538,5953.951999999998,3.6153846153846154,94,43.40342307692307,1128.4889999999998
358.12466666666666,2148.748,4.666666666666667,28,116.13831666666668,696.8299000000001
432.9166666666667,3896.25,4.666666666666667,42,132.63154444444444,1193.6839
49.15176470588236,835.58,2.8823529411764706,49,3.615988235294118,61.47180000000001
211.88273333333333,3178.241,4.0,60,23.336606666666658,350.04909999999984
58.58599999999999,292.92999999999995,2.4,12,22.968579999999996,114.84289999999997
273.55477777777776,2461.993,4.555555555555555,41,81.44628888888889,733.0165999999999
239.28275,1914.262,4.875,39,72.5610375,580.4883
123.67875000000001,989.4300000000001,2.375,19,19.589837500000005,156.71870000000004
61.312,490.496,3.25,26,12.376837499999995,99.01469999999996
44.74971428571428,313.248,3.4285714285714284,24,-2.1382571428571433,-14.967800000000004
90.321,361.284,5.25,21,19.75535,79.0214
81.94833333333334,491.69000000000005,3.8333333333333335,23,26.871199999999998,161.22719999999998
134.9033333333333,1214.1299999999999,3.0,27,2.234488888888892,20.110400000000027
45.36,45.36,7.0,7,21.772800000000004,21.772800000000004
182.2227142857143,1275.559,4.142857142857143,29,25.11948571428571,175.83639999999997
136.83927272727274,1505.2320000000002,3.272727272727273,36,30.99211818181818,340.9133
333.79760000000005,1668.9880000000003,5.2,26,42.18227999999999,210.91139999999996
778.8003333333335,4672.802000000001,3.8333333333333335,23,-122.10371666666667,-732.6223
117.93260000000001,1179.326,2.9,29,20.77128,207.71280000000002
489.97275,979.9455,3.5,7,-190.25730000000004,-380.5146000000001
399.79,1199.3700000000001,3.6666666666666665,11,99.90139999999998,299.70419999999996
51.43475,411.478,3.75,30,-18.649275000000006,-149.19420000000005
26.152,78.456,3.6666666666666665,11,-3.3269666666666673,-9.980900000000002
310.68622222222217,2796.1759999999995,4.333333333333333,39,84.45666666666666,760.11
582.336,582.336,8.0,8,-29.116799999999955,-29.116799999999955
50.449999999999996,201.79999999999998,3.5,14,5.242600000000001,20.970400000000005
247.55200000000002,1980.4160000000002,4.75,38,13.887224999999994,111.09779999999995
137.596,550.384,3.25,13,43.319199999999995,173.27679999999998
3.591999999999999,3.591999999999999,4.0,4,-6.286000000000003,-6.286000000000003
213.89645454545453,2352.861,3.090909090909091,34,27.99008181818182,307.89090000000004
284.6856666666667,2562.1710000000003,2.888888888888889,26,38.87173333333332,349.8455999999999
252.52816666666664,1515.1689999999999,5.5,33,3.1039333333333268,18.62359999999996
156.12539999999998,1561.254,3.7,37,41.18306,411.83059999999995
67.22885714285714,470.602,3.4285714285714284,24,7.842857142857148,54.900000000000034
454.43142857142857,3181.02,6.0,42,113.21258571428568,792.4880999999998
423.2916,4232.916,4.4,44,117.16104,1171.6104
256.7098571428572,1796.969,4.571428571428571,32,15.583299999999992,109.08309999999994
304.8763333333333,1829.2579999999998,4.0,24,26.807800000000015,160.8468000000001
773.3615,6186.892,3.125,25,318.8609125,2550.8873
172.6058888888889,1553.4530000000002,3.2222222222222223,29,28.384588888888885,255.46129999999997
83.41159999999999,417.058,3.0,15,15.091359999999995,75.45679999999997
325.5921666666667,1953.553,5.166666666666667,31,-143.95575,-863.7345
606.6402222222222,5459.762,4.0,36,110.01992222222219,990.1792999999998
134.22626666666667,2013.394,4.8,72,31.872573333333328,478.08859999999993
381.64547368421046,7251.263999999999,3.6842105263157894,70,115.06046315789473,2186.1488
32.207,161.035,4.4,22,4.155400000000003,20.777000000000015
165.82164799999998,4145.5412,4.4,110,21.685175999999988,542.1293999999997
233.73066666666668,2804.768,4.333333333333333,52,42.734174999999986,512.8100999999998
165.97,2987.46,3.1666666666666665,57,20.859805555555546,375.4764999999998
216.00971428571424,1512.0679999999998,3.857142857142857,27,11.153328571428569,78.07329999999997
199.6638181818182,2196.302,4.090909090909091,45,23.487536363636355,258.3628999999999
523.25,523.25,5.0,5,141.27749999999997,141.27749999999997
113.81115384615386,1479.545,4.538461538461538,59,-3.4839538461538373,-45.29139999999988
365.23966666666666,4382.876,3.9166666666666665,47,57.886458333333316,694.6374999999998
129.8465,2596.93,4.15,83,-7.239460000000018,-144.78920000000036
84.49683076923075,1098.4587999999999,3.1538461538461537,41,-2.5263846153846137,-32.842999999999975
232.004375,3712.07,3.4375,55,39.31332499999999,629.0131999999999
191.805,383.61,7.0,14,93.69045000000001,187.38090000000003
138.70271428571428,1941.838,3.9285714285714284,55,26.40095,369.61330000000004
91.89528571428572,1286.534,3.9285714285714284,55,27.4171,383.8394
171.56199999999998,857.81,2.4,12,65.14692,325.73459999999994
107.20095,1072.0095000000001,3.3,33,4.78518,47.851800000000004
221.79306666666665,3326.8959999999997,4.533333333333333,68,13.608933333333319,204.1339999999998
267.44225,3209.307,5.916666666666667,71,14.403224999999992,172.8386999999999
461.441,4614.41,4.4,44,72.20518999999997,722.0518999999997
497.48771428571433,3482.414,4.571428571428571,32,35.068428571428576,245.479
250.88935714285714,3512.451,3.5714285714285716,50,-87.1795714285714,-1220.5139999999997
175.0054285714286,1225.0380000000002,2.4285714285714284,17,70.54339999999999,493.80379999999997
204.7394,4094.788,4.0,80,55.56857,1111.3714
284.9337777777777,5128.807999999999,4.0,72,50.15313888888888,902.7564999999998
232.229125,3715.666,4.8125,77,36.18945625000001,579.0313000000002
112.42685714285717,786.9880000000002,3.5714285714285716,25,26.656314285714284,186.5942
169.667,339.334,5.5,11,26.4103,52.8206
82.49499999999999,329.97999999999996,4.0,16,26.5001,106.0004
95.96413333333335,1439.4620000000002,3.6,54,13.575273333333335,203.62910000000002
123.07628571428569,4307.669999999999,3.3714285714285714,118,12.199282857142853,426.9748999999998
166.64422222222225,1499.7980000000002,3.7777777777777777,34,37.21958888888889,334.97630000000004
448.4102,4484.102,3.2,32,-191.24122000000006,-1912.4122000000007
64.56875000000001,516.5500000000001,2.5,20,15.708549999999999,125.66839999999999
138.37066666666666,830.2239999999999,2.8333333333333335,17,16.91048333333333,101.46289999999999
57.290000000000006,229.16000000000003,2.75,11,20.4769,81.9076
162.94874999999996,1303.5899999999997,3.625,29,50.25337500000001,402.0270000000001
214.97350000000003,1289.8410000000001,4.166666666666667,25,-20.81181666666667,-124.87090000000002
600.6081666666666,7207.298,4.25,51,124.75895833333333,1497.1074999999998
106.61088888888888,959.4979999999999,4.777777777777778,43,4.003422222222219,36.03079999999997
194.17,1747.53,4.222222222222222,38,44.5387111111111,400.84839999999986
105.18327272727274,1157.016,4.090909090909091,45,-19.642163636363637,-216.06380000000001
495.9793333333334,1487.938,4.666666666666667,14,-228.5775000000001,-685.7325000000003
141.30666666666667,1271.76,3.888888888888889,35,15.931688888888877,143.38519999999988
739.395090909091,8133.346000000001,3.3636363636363638,37,292.8980909090909,3221.879
229.1518727272728,5041.341200000002,4.045454545454546,89,-7.435909090909103,-163.59000000000026
48.84466666666666,293.068,2.0,12,8.122133333333336,48.73280000000001
69.30000000000001,138.60000000000002,6.5,13,31.406999999999996,62.81399999999999
427.5355555555557,3847.820000000001,4.666666666666667,42,85.44266666666663,768.9839999999996
162.51200000000003,650.0480000000001,2.0,8,31.25414999999999,125.01659999999995
34.809000000000005,139.23600000000002,3.25,13,2.8474999999999975,11.38999999999999
132.3648,661.8240000000001,3.0,15,30.399559999999997,151.99779999999998
298.66028571428575,2090.6220000000003,3.7142857142857144,26,39.753857142857136,278.27699999999993
959.9680000000001,959.9680000000001,4.0,4,119.99599999999992,119.99599999999992
24.498000000000005,48.99600000000001,4.0,8,-0.9445500000000013,-1.8891000000000027
568.8366666666667,1706.51,4.666666666666667,14,155.66683333333336,467.0005000000001
40.21225,321.698,3.375,27,2.4763374999999983,19.810699999999986
241.16674999999998,964.6669999999999,7.25,29,63.5149,254.0596
77.29333333333334,231.88,2.6666666666666665,8,29.277333333333335,87.83200000000001
103.99000000000001,311.97,2.3333333333333335,7,39.2468,117.7404
126.89050000000002,507.56200000000007,3.75,15,20.010625000000005,80.04250000000002
166.67514285714284,1166.7259999999999,3.857142857142857,27,32.8660857142857,230.06259999999992
583.528,1167.056,4.5,9,35.126400000000004,70.25280000000001
31.36,31.36,4.0,4,15.68,15.68
234.754,1878.032,4.75,38,58.10889999999999,464.87119999999993
140.38945454545456,1544.284,4.636363636363637,51,-5.815609090909087,-63.971699999999956
43.163000000000004,86.32600000000001,5.5,11,15.407000000000002,30.814000000000004
127.26799999999999,381.804,6.666666666666667,20,35.4172,106.2516
174.47600000000003,523.4280000000001,2.3333333333333335,7,-13.915333333333345,-41.74600000000004
15.552000000000003,15.552000000000003,3.0,3,5.4432,5.4432
428.34040000000005,2141.702,3.4,17,-75.31183999999999,-376.5592
1307.3148571428574,9151.204000000002,4.571428571428571,32,417.97019999999986,2925.791399999999
188.6827272727273,2075.51,3.727272727272727,41,62.61046363636364,688.7151
698.175,1396.35,4.5,9,347.20709999999997,694.4141999999999
82.8275,331.31,3.25,13,19.759749999999997,79.03899999999999
44.07600000000001,88.15200000000002,2.0,4,-36.761,-73.522
61.686,123.372,2.0,4,7.171999999999997,14.343999999999994
357.11514285714287,2499.806,3.5714285714285716,25,45.76397142857144,320.34780000000006
630.1,1260.2,3.5,7,54.3582499999999,108.7164999999998
63.919999999999995,191.76,4.0,12,17.1457,51.43710000000001
683.0200000000001,1366.0400000000002,5.0,10,91.49900000000001,182.99800000000002
163.0482,815.241,3.4,17,-7.662420000000006,-38.31210000000003
146.82,146.82,3.0,3,73.41,73.41
264.18,264.18,7.0,7,68.6868,68.6868
115.96542857142857,811.758,3.142857142857143,22,-15.517942857142865,-108.62560000000005
153.438,613.752,4.0,16,56.97894999999999,227.91579999999996
89.565,358.26,2.75,11,12.089574999999993,48.35829999999997
143.7,287.4,2.5,5,12.194699999999994,24.389399999999988
157.026,471.07800000000003,2.6666666666666665,8,0.9831333333333324,2.949399999999997
141.00979999999998,1410.098,3.6,36,21.414439999999995,214.14439999999996
40.264,120.792,3.3333333333333335,10,14.892800000000001,44.6784
490.32,490.32,9.0,9,137.28960000000004,137.28960000000004
113.85,227.7,3.0,6,38.98259999999999,77.96519999999998
16.192,16.192,2.0,2,-6.881599999999995,-6.881599999999995
30.314999999999998,60.629999999999995,3.0,6,9.800099999999997,19.600199999999994
111.104,111.104,7.0,7,8.332800000000002,8.332800000000002
1531.4555,6125.822,4.5,18,563.3566249999999,2253.4264999999996
214.23133333333328,642.6939999999998,6.0,18,-7.531266666666672,-22.593800000000016
441.60774999999995,7065.723999999999,3.4375,55,-14.394068750000013,-230.3051000000002
129.80275,519.211,1.75,7,-20.267850000000003,-81.07140000000001
873.2984,4366.492,4.2,21,86.02622000000005,430.13110000000023
74.10282352941178,1259.7480000000003,3.823529411764706,65,-5.131117647058822,-87.22899999999997
592.7782222222223,5335.004000000001,3.4444444444444446,31,70.24385555555551,632.1946999999996
72.34400000000001,144.68800000000002,1.0,2,7.020999999999997,14.041999999999994
551.4480555555555,9926.064999999999,3.5,63,-25.558494444444456,-460.0529000000002
267.571,2140.568,2.625,21,12.175649999999989,97.40519999999991
293.4322222222222,2640.89,3.5555555555555554,32,80.97791111111111,728.8012
144.90300000000002,1014.3210000000001,3.857142857142857,27,21.152971428571426,148.0708
140.4545,1123.636,5.0,40,-4.2857,-34.2856
456.85200000000003,913.7040000000001,4.5,9,50.66130000000005,101.3226000000001
74.369,297.476,2.25,9,-44.9858,-179.9432
89.94,179.88,4.0,8,7.794799999999999,15.589599999999997
39.68,39.68,2.0,2,10.3168,10.3168
143.49249999999998,860.9549999999999,3.0,18,17.255616666666665,103.53369999999998
306.6392,1533.1960000000001,3.4,17,60.213859999999976,301.0692999999999
114.202,342.606,2.0,6,-76.40093333333334,-229.20280000000002
82.37866666666667,247.13600000000002,3.6666666666666665,11,1.9260333333333246,5.778099999999974
163.80633333333333,982.838,3.3333333333333335,20,6.022366666666667,36.1342
459.95,459.95,5.0,5,18.397999999999968,18.397999999999968
36.33333333333333,217.99999999999997,2.3333333333333335,14,7.914133333333333,47.4848
11.34,11.34,1.0,1,5.5565999999999995,5.5565999999999995
270.1913636363636,2972.1049999999996,4.818181818181818,53,-6.239054545454553,-68.62960000000008
81.57885714285715,571.052,3.5714285714285716,25,17.07982857142857,119.5588
179.52733333333333,1615.746,3.6666666666666665,33,39.16273333333332,352.4645999999999
623.6453333333334,1870.9360000000001,5.0,15,151.94346666666667,455.8304
56.418,112.836,5.0,10,-41.47259999999999,-82.94519999999999
53.0668,265.334,2.8,14,13.23342,66.1671
435.1065714285715,3045.7460000000005,3.142857142857143,22,76.12275714285714,532.8593
726.559,1453.118,6.0,12,175.24609999999998,350.49219999999997
179.27,358.54,3.5,7,44.85390000000001,89.70780000000002
245.25859999999994,2452.5859999999993,3.5,35,-162.57850000000005,-1625.7850000000005
96.75120000000001,483.7560000000001,5.2,26,6.913259999999999,34.5663
206.61408333333335,2479.369,3.5,42,13.40400833333333,160.84809999999996
47.105599999999995,235.528,4.2,21,13.036719999999997,65.18359999999998
162.35228571428573,1136.4660000000001,3.5714285714285716,25,15.935957142857138,111.55169999999997
237.4098,2374.098,3.3,33,20.34856,203.4856
206.3,412.6,4.0,8,19.621999999999993,39.243999999999986
40.90933333333333,122.72799999999998,5.666666666666667,17,6.984966666666665,20.954899999999995
3045.0633333333335,9135.19,4.666666666666667,14,793.7198666666665,2381.1595999999995
130.4345,1304.345,4.4,44,5.829419999999994,58.29419999999994
94.1712,470.856,4.8,24,25.04832,125.2416
286.7372500000001,2293.8980000000006,3.0,24,-15.119800000000001,-120.95840000000001
23.548000000000002,164.836,3.7142857142857144,26,7.716342857142856,54.014399999999995
312.288,624.576,3.5,7,44.3284,88.6568
79.31706666666668,1189.756,3.466666666666667,52,-3.957440000000003,-59.361600000000045
104.02857142857144,728.2,3.2857142857142856,23,32.53514285714286,227.746
345.16499999999996,1380.6599999999999,4.0,16,40.93514999999997,163.7405999999999
173.17529999999996,1731.7529999999997,3.7,37,-88.59747999999999,-885.9747999999998
30.344,30.344,2.0,2,-31.861200000000004,-31.861200000000004
273.3113333333333,819.934,3.3333333333333335,10,36.68503333333331,110.05509999999992
39.996,119.988,3.0,9,12.827199999999998,38.48159999999999
79.68325,637.466,2.75,22,-6.258675000000011,-50.06940000000009
138.402125,1107.217,3.125,25,-30.608012500000005,-244.86410000000004
242.58200000000002,2425.82,3.2,32,33.48065999999999,334.80659999999995
78.86000000000001,236.58000000000004,2.6666666666666665,8,13.341399999999993,40.02419999999998
132.90000000000003,1727.7000000000003,3.3076923076923075,43,5.695753846153853,74.04480000000008
107.91920000000002,539.5960000000001,3.2,16,15.467599999999996,77.33799999999998
28.631428571428575,200.42000000000002,3.142857142857143,22,6.068842857142855,42.48189999999999
805.996,4835.976,5.333333333333333,32,220.35516666666663,1322.1309999999999
16.92,33.84,4.0,8,5.942399999999999,11.884799999999998
221.8751111111111,1996.876,3.6666666666666665,33,-13.58782222222225,-122.29040000000026
97.73300000000002,390.9320000000001,3.5,14,26.511325,106.0453
31.92533333333333,95.776,2.6666666666666665,8,5.2702666666666635,15.81079999999999
37.8975,151.59,3.25,13,14.490125000000003,57.96050000000001
194.812,779.248,3.5,14,78.77205,315.0882
84.34333333333335,253.03000000000003,4.333333333333333,13,14.364899999999993,43.09469999999998
47.68854545454546,524.5740000000001,4.545454545454546,50,-0.3784181818181818,-4.1626
255.00275,2040.022,4.375,35,43.8493625,350.7949
15.271500000000001,61.086000000000006,3.5,14,-2.7013500000000024,-10.80540000000001
14.73,14.73,3.0,3,7.2177,7.2177
133.69014285714286,935.831,4.428571428571429,31,9.575314285714287,67.02720000000001
154.89850000000004,1858.7820000000004,3.8333333333333335,46,36.71789999999999,440.61479999999995
532.312,1064.624,4.5,9,138.90240000000003,277.80480000000006
93.627,561.762,3.6666666666666665,22,-9.89938333333333,-59.396299999999975
845.2613333333333,10143.135999999999,3.1666666666666665,38,122.54283333333326,1470.5139999999992
890.3364000000001,4451.682000000001,6.0,30,68.20818000000001,341.0409000000001
736.4296666666665,4418.5779999999995,3.5,21,161.53546666666668,969.2128000000001
334.72749999999996,1338.9099999999999,4.5,18,44.7414,178.9656
250.40709090909095,2754.4780000000005,4.454545454545454,49,14.162372727272714,155.78609999999986
218.0211111111111,1962.19,2.7777777777777777,25,44.382911111111106,399.4462
72.05300000000001,360.26500000000004,2.2,11,7.4899400000000025,37.449700000000014
469.6041538461538,6104.853999999999,6.384615384615385,83,103.31936923076918,1343.1517999999994
186.14865217391304,4281.419,3.347826086956522,77,41.666321739130424,958.3253999999998
64.784,64.784,1.0,1,-12.956800000000005,-12.956800000000005
74.34,594.72,4.875,39,21.568624999999997,172.54899999999998
147.2962,1472.962,3.8,38,51.06819,510.6819
88.81972727272728,977.017,3.8181818181818183,42,-38.106618181818185,-419.1728
193.78666666666666,581.36,3.3333333333333335,10,16.841999999999995,50.52599999999999
437.1255555555556,3934.1300000000006,3.2222222222222223,29,55.83223333333335,502.49010000000015
210.3165,841.266,5.5,22,9.419850000000006,37.67940000000002
284.097,568.194,3.5,7,50.35529999999999,100.71059999999999
667.2944,3336.4719999999998,5.0,25,57.33822000000002,286.6911000000001
207.68026666666668,3115.204,4.6,69,20.752959999999987,311.2943999999998
183.79199999999997,2389.296,3.6923076923076925,48,3.4238076923076926,44.5095
24.752307692307696,321.78000000000003,3.5384615384615383,46,3.5692615384615385,46.4004
199.0098,1990.0980000000002,4.4,44,51.28312999999999,512.8312999999999
220.4948333333333,1322.9689999999998,3.3333333333333335,20,28.637549999999987,171.8252999999999
104.5868,522.934,2.4,12,19.491759999999992,97.45879999999997
117.68571428571428,823.8,3.0,21,-7.849000000000003,-54.94300000000002
141.23600000000005,706.1800000000002,2.6,13,43.81462,219.07309999999998
376.866,376.866,3.0,3,-213.55740000000006,-213.55740000000006
134.5055,538.022,4.75,19,8.108399999999994,32.43359999999998
106.74545454545455,1174.2,3.0,33,17.811845454545438,195.93029999999982
451.1262857142857,6315.768,3.5714285714285716,50,67.19103571428569,940.6744999999996
47.92933333333334,143.788,3.6666666666666665,11,-6.706166666666667,-20.1185
83.27400000000002,666.1920000000001,3.25,26,21.152487500000003,169.21990000000002
146.964,1028.748,3.4285714285714284,24,-10.464257142857145,-73.24980000000001
219.65550000000002,1757.2440000000001,3.875,31,39.544587500000006,316.35670000000005
99.8815,799.052,3.625,29,12.401399999999985,99.21119999999988
286.99133333333333,2582.922,3.7777777777777777,34,51.19588888888888,460.7629999999999
289.86244444444446,2608.762,5.0,45,63.186199999999985,568.6757999999999
91.61866666666667,274.856,3.6666666666666665,11,12.533166666666657,37.59949999999997
232.2275,1393.365,3.3333333333333335,20,43.64843333333332,261.89059999999995
451.022,902.044,4.0,8,108.7196,217.4392
282.54800000000006,847.6440000000002,3.0,9,19.883166666666657,59.649499999999975
1045.6226666666669,3136.8680000000004,3.3333333333333335,10,321.9523,965.8568999999999
417.749,1253.247,5.0,15,-69.2218,-207.6654
100.08099999999997,600.4859999999999,5.166666666666667,31,0.7248833333333371,4.349300000000023
130.6026666666667,783.6160000000001,4.166666666666667,25,10.873333333333326,65.23999999999995
89.67937500000001,717.4350000000001,2.875,23,10.521200000000002,84.16960000000002
129.71200000000002,648.5600000000001,2.6,13,1.2553199999999944,6.276599999999972
149.44799999999998,448.34399999999994,3.6666666666666665,11,18.32599999999999,54.977999999999966
380.86400000000003,380.86400000000003,8.0,8,38.086400000000026,38.086400000000026
94.60938461538461,1229.922,4.384615384615385,57,16.574499999999993,215.46849999999992
61.303333333333335,183.91,4.0,12,13.271666666666663,39.81499999999999
66.8725,534.98,4.25,34,16.130025,129.0402
163.50707692307694,2125.592,2.8461538461538463,37,28.076907692307692,364.9998
89.84160000000001,1796.8320000000003,3.7,74,15.961399999999998,319.22799999999995
56.4154,282.077,3.0,15,17.768739999999998,88.84369999999998
389.69000000000005,2338.1400000000003,2.6666666666666665,16,3.210799999999979,19.264799999999873
152.60875000000001,1220.8700000000001,4.75,38,49.47515,395.8012
162.15426666666664,2432.314,3.8,57,32.87648666666667,493.14730000000003
226.63337499999997,1813.0669999999998,2.875,23,10.658912499999992,85.27129999999994
114.4828,1144.828,3.7,37,27.615110000000005,276.15110000000004
442.68919999999997,4426.892,4.3,43,-50.41235999999998,-504.1235999999998
137.6916,688.458,5.2,26,32.34484,161.7242
353.27700000000004,1413.1080000000002,3.5,14,-70.87895,-283.5158
400.212,800.424,2.0,4,80.97659999999998,161.95319999999995
150.12133333333333,900.728,3.6666666666666665,22,13.538183333333327,81.22909999999996
256.2866666666667,1537.72,2.6666666666666665,16,15.745033333333339,94.47020000000003
227.11520000000002,1135.576,5.8,29,5.887979999999985,29.439899999999923
235.16428571428574,1646.15,2.857142857142857,20,48.904999999999994,342.335
70.88,70.88,2.0,2,33.313599999999994,33.313599999999994
39.7025,158.81,3.5,14,15.8364,63.3456
32.56,65.12,3.5,7,10.581999999999999,21.163999999999998
138.45333333333335,415.36,6.333333333333333,19,53.74,161.22
162.904,651.616,4.0,16,20.322899999999983,81.29159999999993
80.957,323.828,2.75,11,9.627050000000004,38.508200000000016
16.0225,64.09,3.5,14,-0.8515499999999989,-3.4061999999999957
604.032,2416.128,5.0,20,51.818774999999995,207.27509999999998
125.16856250000004,1001.3485000000003,4.625,37,-15.655437500000014,-125.24350000000011
409.3936,2046.9679999999998,4.2,21,47.531239999999976,237.65619999999987
165.51657142857144,1158.616,3.2857142857142856,23,2.1219714285714266,14.853799999999985
135.19333333333333,405.58,1.6666666666666667,5,-58.62146666666667,-175.86440000000002
121.92054545454545,1341.126,3.909090909090909,43,23.59371818181819,259.5309000000001
52.30733333333333,156.922,3.3333333333333335,10,1.3605333333333316,4.081599999999995
113.09800000000003,565.4900000000001,3.6,18,18.129120000000007,90.64560000000003
320.93,1283.72,5.75,23,-56.59800000000002,-226.39200000000008
36.715,73.43,5.5,11,11.650549999999997,23.301099999999995
573.174,573.174,7.0,7,63.68599999999998,63.68599999999998
11.876,23.752,2.5,5,1.2159999999999993,2.4319999999999986
165.02325,1320.186,4.75,38,45.08582500000001,360.68660000000006
343.8748571428572,4814.2480000000005,3.5,49,25.488728571428577,356.8422000000001
198.7995555555556,1789.1960000000004,2.5555555555555554,23,18.705855555555555,168.3527
272.4258333333333,3269.1099999999997,5.083333333333333,61,-4.792224999999998,-57.50669999999998
101.52913333333333,609.1748,5.666666666666667,34,8.410183333333324,50.461099999999945
128.96566666666666,1934.485,4.066666666666666,61,-10.192886666666675,-152.89330000000012
101.14439999999998,1517.1659999999997,3.066666666666667,46,24.92827999999999,373.92419999999987
445.3878181818182,4899.2660000000005,3.0,33,120.33882727272724,1323.7270999999996
499.81866666666673,2998.9120000000003,3.1666666666666665,19,151.06945,906.4166999999999
164.35600000000002,2300.9840000000004,4.071428571428571,57,-45.1529785714286,-632.1417000000004
211.9416818181818,4662.717,4.090909090909091,90,25.587618181818172,562.9275999999998
88.65046153846153,2304.912,3.769230769230769,98,17.543838461538463,456.1398000000001
189.0761,3781.522,3.4,68,35.29780499999998,705.9560999999997
209.4124615384615,2722.3619999999996,3.4615384615384617,45,15.542307692307682,202.04999999999987
332.3663733333333,4985.495599999999,3.6666666666666665,55,-0.7403400000000109,-11.105100000000164
92.8132,928.132,3.7,37,9.029639999999997,90.29639999999998
118.256,946.048,3.125,25,26.296787499999994,210.37429999999995
113.00580000000002,1130.0580000000002,3.8,38,-8.22118000000001,-82.2118000000001
154.32022222222224,2777.764,3.0,54,-4.628422222222222,-83.3116
207.635,830.54,4.75,19,35.75674999999999,143.02699999999996
212.70525,1701.642,3.25,26,98.57610000000001,788.6088000000001
458.7607272727273,5046.368,4.0,44,90.30038181818178,993.3041999999995
246.82453333333333,3702.368,4.0,60,76.97623333333333,1154.6435
236.34133333333332,709.024,1.6666666666666667,5,-17.229866666666673,-51.68960000000002
249.86340000000004,2498.6340000000005,3.7,37,53.21419999999999,532.1419999999999
460.76533333333333,2764.592,3.8333333333333335,23,129.2408333333333,775.4449999999999
219.38000000000002,4168.22,3.263157894736842,62,17.76688421052631,337.5707999999999
168.28030769230767,2187.644,3.5384615384615383,46,47.881846153846155,622.464
105.15700000000002,1261.8840000000002,3.6666666666666665,44,36.40090833333333,436.8108999999999
187.26440000000002,936.3220000000001,2.8,14,38.74461999999999,193.72309999999996
48.9031875,782.451,4.0,64,-39.87955625000001,-638.0729000000001
184.0711428571429,1288.4980000000003,3.7142857142857144,26,5.515485714285703,38.60839999999992
153.12818181818184,1684.4100000000003,4.363636363636363,48,37.09843636363637,408.0828
86.01480000000001,860.1480000000001,3.8,38,-2.191020000000003,-21.91020000000003
153.44514285714286,2148.232,3.9285714285714284,55,-15.970242857142866,-223.58340000000013
158.91093478260868,3654.9514999999997,3.260869565217391,75,2.786056521739116,64.07929999999968
65.0882,325.44100000000003,3.6,18,9.015259999999998,45.07629999999999
323.65148,3236.5148,4.1,41,6.599080000000005,65.99080000000005
291.83599999999996,583.6719999999999,6.0,12,-3.388299999999992,-6.776599999999984
330.588,330.588,1.0,1,-115.70580000000004,-115.70580000000004
28.4604,142.302,4.4,22,7.3286,36.643
207.47844444444448,1867.3060000000003,3.7777777777777777,34,-92.81190000000001,-835.3071000000001
896.4157142857144,6274.910000000001,3.857142857142857,27,397.7061142857143,2783.9428000000003
2773.387428571428,19413.711999999996,3.2857142857142856,23,1257.3245571428572,8801.2719
4.928000000000001,4.928000000000001,2.0,2,1.7247999999999997,1.7247999999999997
148.4426666666667,445.3280000000001,6.666666666666667,20,-6.016266666666664,-18.048799999999993
44.76833333333334,268.61,2.1666666666666665,13,-34.62015000000001,-207.72090000000006
207.49200000000002,414.98400000000004,3.5,7,-29.495100000000015,-58.99020000000003
49.4782,247.39100000000002,3.2,16,-7.854160000000002,-39.27080000000001
29.296,117.184,3.75,15,2.2117999999999975,8.84719999999999
376.20500000000004,752.4100000000001,4.0,8,-230.60000000000005,-461.2000000000001
460.2966666666667,1380.89,4.0,12,119.31096666666667,357.9329
174.48369230769228,2268.2879999999996,4.3076923076923075,56,39.13093846153844,508.7021999999998
84.72111111111111,1524.98,3.0,54,26.20422222222222,471.676
291.4638823529412,4954.886,4.470588235294118,76,102.38044705882353,1740.4676000000002
90.38933333333334,542.336,3.5,21,2.8741999999999934,17.24519999999996
7.151999999999999,7.151999999999999,3.0,3,0.7152000000000003,0.7152000000000003
73.70457142857143,515.932,4.428571428571429,31,17.636699999999998,123.45689999999999
215.8853333333333,647.656,4.333333333333333,13,-0.9661333333333341,-2.8984000000000023
529.8301818181818,5828.1320000000005,4.363636363636363,48,141.7164818181818,1558.8812999999998
145.57966666666667,873.4780000000001,3.6666666666666665,22,-1.4992333333333352,-8.99540000000001
254.33954545454546,2797.735,3.8181818181818183,42,36.1282,397.41020000000003
110.1736,550.8679999999999,6.0,30,45.36676,226.8338
126.51914285714285,885.634,5.285714285714286,37,24.763071428571426,173.34149999999997
142.116,710.58,2.8,14,26.6846,133.423
33.292,199.752,3.5,21,2.6142500000000006,15.685500000000003
201.05314285714286,1407.372,4.142857142857143,29,20.0765142857143,140.5356000000001
183.2015,1465.612,4.625,37,44.023937499999995,352.19149999999996
240.73172727272728,2648.049,3.5454545454545454,39,5.533927272727283,60.87320000000011
325.32250000000005,4554.515,4.285714285714286,60,19.069499999999984,266.9729999999998
208.3835,2083.835,3.3,33,28.743999999999993,287.43999999999994
127.16420000000002,2543.2840000000006,3.55,71,25.235519999999998,504.71039999999994
184.16594545454547,4051.6508000000003,3.4545454545454546,76,1.072531818181816,23.59569999999995
75.74619999999999,757.4619999999999,3.5,35,16.142059999999997,161.42059999999998
340.5266666666666,1021.5799999999998,2.3333333333333335,7,90.39453333333331,271.18359999999996
192.94675000000004,3087.1480000000006,3.6875,59,22.864424999999997,365.83079999999995
199.95960000000002,1999.5960000000002,4.3,43,64.42931999999999,644.2932
160.8558823529412,2734.55,4.0,68,32.2135,547.6295
189.19400000000002,2648.7160000000003,3.7857142857142856,53,2.9659999999999873,41.52399999999982
263.21276190476186,5527.467999999999,3.5238095238095237,74,16.04335714285714,336.9104999999999
335.7744285714286,4700.842000000001,3.857142857142857,54,59.45162142857142,832.3226999999999
50.22783333333333,602.7339999999999,3.3333333333333335,40,12.961791666666668,155.5415
394.4607272727272,4339.067999999999,3.272727272727273,36,72.16225454545454,793.7848
21.59,64.77,4.666666666666667,14,9.162866666666664,27.488599999999995
484.0026666666667,1452.008,2.6666666666666665,8,182.25546666666665,546.7664
96.29853846153847,1251.881,2.769230769230769,36,13.661969230769234,177.60560000000004
258.74266666666665,1552.456,3.6666666666666665,22,18.226533333333325,109.35919999999994
104.5769523809524,2196.1160000000004,4.142857142857143,87,19.646928571428575,412.5855000000001
119.7065,1436.478,3.5833333333333335,43,30.052516666666662,360.63019999999995
64.953625,1558.8870000000002,3.25,78,3.66823333333333,88.03759999999993
175.82083333333333,2109.85,5.666666666666667,68,39.752241666666656,477.02689999999984
129.7044285714286,907.9310000000002,3.857142857142857,27,6.416357142857136,44.914499999999954
433.65969230769224,5637.575999999999,4.461538461538462,58,153.85923076923075,2000.1699999999998
409.2355652173913,9412.418,4.695652173913044,108,64.73369999999998,1488.8750999999995
342.2925000000001,5476.680000000001,3.4375,55,45.19026874999999,723.0442999999998
725.7767142857144,5080.437000000001,3.0,21,-981.6747428571429,-6871.7232
368.223875,2945.791,4.625,37,68.87708749999999,551.0166999999999
202.096,1818.864,5.444444444444445,49,-58.66465555555557,-527.9819000000001
153.6065,1843.278,3.25,39,32.46212499999999,389.54549999999995
316.1411666666667,5690.541000000001,4.0,72,72.54133888888889,1305.7441
196.53136842105266,3734.0960000000005,3.0526315789473686,58,41.67298947368421,791.7868
308.4156666666667,3700.9880000000003,4.416666666666667,53,75.5252,906.3024
505.55371428571425,3538.8759999999997,4.857142857142857,34,133.54191428571428,934.7933999999999
286.7754666666668,4301.632000000001,5.2,78,51.04802666666665,765.7203999999998
235.95370000000003,4719.0740000000005,3.85,77,13.269079999999992,265.3815999999998
234.36345454545463,5155.996000000002,5.045454545454546,111,55.94785454545454,1230.8528
102.745,1952.1550000000002,3.4210526315789473,65,17.504178947368416,332.5793999999999
234.07428571428574,1638.5200000000002,3.5714285714285716,25,-27.186742857142853,-190.30719999999997
321.568,321.568,2.0,2,28.137200000000007,28.137200000000007
229.332,1834.656,4.5,36,57.270349999999986,458.1627999999999
124.26213333333332,1863.9319999999998,4.533333333333333,68,36.12376666666667,541.8565
171.87333333333333,1031.24,4.5,27,41.056099999999994,246.33659999999998
202.28030769230776,2629.6440000000007,3.076923076923077,40,47.57878461538461,618.5242
437.78475000000003,3502.2780000000002,4.25,34,-23.695962499999986,-189.5676999999999
949.5560666666667,14243.341,4.666666666666667,70,274.6984733333333,4120.4771
26.710000000000004,80.13000000000001,2.6666666666666665,8,7.7792,23.337600000000002
180.74425000000002,1445.9540000000002,4.875,39,18.18332499999999,145.46659999999991
232.88538461538462,3027.51,2.8461538461538463,37,81.88781538461538,1064.5416
227.3606666666667,1364.1640000000002,4.666666666666667,28,5.748299999999991,34.489799999999946
157.768,946.608,3.6666666666666665,22,18.908199999999994,113.44919999999996
104.64899999999999,209.29799999999997,2.5,5,28.000350000000005,56.00070000000001
529.1974705882353,8996.357,5.0,85,76.70230000000002,1303.9391000000003
178.978,894.8900000000001,5.2,26,75.31032,376.5516
299.2496,5984.991999999999,3.5,70,56.20147999999998,1124.0295999999996
387.71507692307694,5040.296,4.384615384615385,57,34.08319999999997,443.08159999999964
87.266625,698.133,2.625,21,-49.647149999999996,-397.17719999999997
95.44213333333332,1431.6319999999998,2.8666666666666667,43,9.295926666666668,139.43890000000002
20.448,40.896,3.5,7,-14.948399999999996,-29.896799999999992
197.39945454545452,2171.394,3.090909090909091,34,-16.249809090909096,-178.74790000000007
192.41200000000003,1731.7080000000003,5.888888888888889,53,-18.779722222222222,-169.0175
53.62933333333333,321.77599999999995,4.0,24,14.889550000000002,89.33730000000001
1015.696,2031.392,5.5,11,342.8088000000001,685.6176000000002
38.88,38.88,6.0,6,18.6624,18.6624
83.2,332.8,5.5,22,20.172199999999993,80.68879999999997
3059.982,3059.982,2.0,2,679.9959999999996,679.9959999999996
892.98,892.98,2.0,2,80.3682,80.3682
103.67966666666668,311.03900000000004,4.333333333333333,13,-71.72923333333335,-215.18770000000006
14.832,29.664,3.0,6,4.0158,8.0316
256.00666666666666,1536.04,5.5,33,-190.58490000000003,-1143.5094000000001
38.879999999999995,77.75999999999999,4.0,8,17.532,35.064
705.7386666666666,12703.295999999998,4.222222222222222,76,172.99081666666663,3113.8346999999994
63.0,189.0,4.0,12,27.251,81.753
44.8375,358.7,3.0,24,13.897425000000002,111.17940000000002
11.52,11.52,5.0,5,4.176,4.176
141.83766666666665,851.026,2.3333333333333335,14,33.45423333333333,200.72539999999995
342.63374999999996,1370.5349999999999,2.75,11,-35.75292499999999,-143.01169999999996
128.41383333333334,1540.9660000000001,3.6666666666666665,44,35.03715833333333,420.4459
137.072,548.288,4.75,19,3.2275750000000047,12.910300000000019
462.3579166666666,5548.294999999999,3.0833333333333335,37,152.3375833333333,1828.0509999999997
34.608000000000004,138.43200000000002,4.0,16,7.7688,31.0752
137.66533333333336,412.9960000000001,2.6666666666666665,8,34.98493333333333,104.95479999999999
56.797333333333334,340.784,3.6666666666666665,22,-3.6631500000000017,-21.97890000000001
325.1936363636364,3577.1300000000006,3.6363636363636362,40,84.67497272727275,931.4247000000001
244.85933333333332,734.578,5.333333333333333,16,98.36543333333333,295.0963
150.68440000000004,753.4220000000001,4.0,20,16.925240000000006,84.62620000000003
419.13599999999997,419.13599999999997,4.0,4,-68.1096,-68.1096
50.516999999999996,505.16999999999996,3.8,38,13.268350000000002,132.6835
322.273,2255.911,3.142857142857143,22,29.096114285714265,203.67279999999985
126.59920000000002,1265.9920000000002,2.5,25,29.262739999999997,292.62739999999997
110.1785,661.071,3.1666666666666665,19,-59.49960000000004,-356.9976000000002
601.135,2404.54,4.0,16,147.21089999999998,588.8435999999999
240.78400000000002,240.78400000000002,1.0,1,30.097999999999978,30.097999999999978
136.85,273.7,5.0,10,40.78469999999999,81.56939999999997
291.9664000000001,1459.8320000000003,4.2,21,31.729899999999965,158.64949999999982
98.968875,791.751,3.125,25,-51.10923750000002,-408.87390000000016
20.7,20.7,2.0,2,9.936,9.936
54.29,108.58,5.5,11,23.882900000000006,47.76580000000001
269.49373333333335,1616.9624000000001,3.1666666666666665,19,52.536049999999996,315.2163
158.00330000000002,1580.0330000000001,3.2,32,-8.420500000000013,-84.20500000000013
238.48733333333334,2861.848,3.0833333333333335,37,42.49403333333331,509.9283999999998
302.876,605.752,2.0,4,-129.20915,-258.4183
85.5256,427.628,2.6,13,14.433579999999996,72.16789999999997
9.700666666666667,29.102,2.6666666666666665,8,2.7921333333333327,8.376399999999999
47.904,47.904,1.0,1,-2.9940000000000015,-2.9940000000000015
147.165,882.99,3.6666666666666665,22,-23.686933333333332,-142.1216
444.9245,3559.396,4.625,37,68.56231249999998,548.4984999999998
155.38133333333334,466.144,4.333333333333333,13,0.16926666666666298,0.5077999999999889
87.89879999999998,439.4939999999999,4.2,21,24.287679999999995,121.43839999999997
126.712,380.136,2.6666666666666665,8,16.115466666666666,48.346399999999996
137.78000000000003,1240.0200000000002,3.111111111111111,28,53.38347777777777,480.45129999999995
25.13866666666667,150.83200000000002,2.3333333333333335,14,-13.372733333333334,-80.2364
26.880000000000003,26.880000000000003,8.0,8,9.743999999999998,9.743999999999998
240.2543076923077,3123.306,4.846153846153846,63,52.748830769230764,685.7348
38.046,114.138,2.3333333333333335,7,14.062066666666666,42.1862
111.55375000000001,892.4300000000001,4.125,33,36.249737499999995,289.99789999999996
191.72250000000003,766.8900000000001,3.5,14,51.765575,207.0623
47.0012,235.00599999999997,3.6,18,12.519560000000002,62.59780000000001
206.96699999999996,2069.6699999999996,2.7,27,48.44424000000001,484.4424000000001
205.0268,1025.134,2.4,12,-33.82344,-169.1172
96.21560000000002,962.1560000000002,2.9,29,26.549439999999997,265.4944
124.01845454545452,1364.2029999999997,2.6363636363636362,29,-17.912436363636363,-197.0368
253.28799999999998,1773.0159999999998,4.285714285714286,30,91.91628571428569,643.4139999999999
215.38800000000003,1938.4920000000002,5.222222222222222,47,32.860455555555546,295.74409999999995
314.54999999999995,314.54999999999995,3.0,3,150.98399999999998,150.98399999999998
352.61280000000005,1763.0640000000003,4.2,21,-29.827360000000006,-149.13680000000002
83.20542857142857,582.438,3.857142857142857,27,21.763014285714288,152.3411
115.0402,2300.804,4.45,89,8.426604999999993,168.53209999999987
110.09660000000001,1100.9660000000001,3.0,30,-12.124580000000021,-121.24580000000022
252.284,1513.704,5.333333333333333,32,49.48328333333334,296.89970000000005
1179.6779999999999,15335.813999999998,3.769230769230769,49,537.749223076923,6990.7399
183.982,1103.892,4.666666666666667,28,33.35609999999999,200.13659999999996
389.54575,3116.366,2.75,22,83.09099999999998,664.7279999999998
134.8785,539.514,2.25,9,46.140649999999994,184.56259999999997
153.9848888888889,1385.864,3.2222222222222223,29,22.77151111111111,204.9436
326.49911111111106,2938.4919999999997,3.4444444444444446,31,44.49798888888889,400.4819
261.8646666666666,3927.9699999999993,3.4,51,54.84587999999999,822.6881999999998
393.8656,1969.328,3.2,16,-11.701280000000036,-58.506400000000184
351.1108571428571,4915.552,4.428571428571429,62,132.1062785714286,1849.4879
1095.2145999999998,5476.072999999999,3.8,19,95.77931999999991,478.8965999999996
152.12586666666667,1369.1328,3.4444444444444446,31,19.92502222222221,179.3251999999999
65.1704,651.704,4.8,48,9.87369,98.73689999999999
14.940000000000001,14.940000000000001,3.0,3,6.8724,6.8724
30.803,123.212,4.75,19,10.376925,41.5077
383.84000000000003,383.84000000000003,4.0,4,47.97999999999999,47.97999999999999
32.796,131.184,2.75,11,6.630675,26.5227
116.40272727272726,1280.4299999999998,2.5454545454545454,28,19.72444545454545,216.96889999999996
303.78004545454553,3341.580500000001,3.4545454545454546,38,24.74839999999999,272.23239999999987
337.1645,3371.6449999999995,3.6,36,76.78372999999999,767.8372999999999
344.1389090909092,3785.5280000000007,3.0,33,147.69936363636359,1624.6929999999995
11.372,22.744,4.5,9,1.2574499999999982,2.5148999999999964
82.818,662.544,3.375,27,2.3583374999999958,18.866699999999966
164.44514285714286,1151.116,4.857142857142857,34,9.826757142857137,68.78729999999996
96.97250000000001,387.89000000000004,3.5,14,9.492299999999993,37.96919999999997
75.75099999999999,378.75499999999994,3.2,16,0.7242800000000014,3.6214000000000066
203.37640000000002,1016.8820000000001,4.2,21,-8.54948000000002,-42.7474000000001
81.9324,819.324,4.2,42,-4.120350000000006,-41.20350000000006
339.10475,4069.2570000000005,3.9166666666666665,47,-260.20959166666677,-3122.5151000000014
90.40225000000001,723.2180000000001,3.375,27,13.97955,111.8364
148.98342857142856,1042.884,5.714285714285714,40,-10.381342857142865,-72.66940000000005
125.6928888888889,1131.236,3.6666666666666665,33,5.780844444444446,52.027600000000014
88.61761538461539,1152.029,2.6923076923076925,35,2.8657153846153824,37.25429999999997
1.81,1.81,1.0,1,0.6516,0.6516
64.43714285714286,451.06000000000006,3.4285714285714284,24,18.40248571428571,128.81739999999996
65.59400000000001,196.78200000000004,2.6666666666666665,8,-19.247500000000006,-57.74250000000002
78.25139999999999,313.00559999999996,4.75,19,-0.47850000000000037,-1.9140000000000015
135.19899999999998,1351.9899999999998,2.8,28,15.53189999999999,155.3189999999999
260.40919999999994,1302.0459999999998,4.0,20,-14.351660000000004,-71.75830000000002
46.348285714285716,648.876,3.7142857142857144,52,12.671471428571424,177.40059999999994
366.03906666666677,5490.586000000001,4.933333333333334,74,-45.21869333333333,-678.2803999999999
59.60333333333333,178.81,4.666666666666667,14,10.697666666666663,32.09299999999999
168.87716666666668,2026.526,3.5833333333333335,43,10.027883333333326,120.33459999999991
122.338375,978.707,2.875,23,22.795537500000002,182.36430000000001
84.95914285714285,594.7139999999999,3.142857142857143,22,15.798285714285708,110.58799999999995
321.20605,5139.2968,4.5,72,46.40896249999999,742.5433999999998
474.76675000000006,3798.1340000000005,3.375,27,139.94958749999995,1119.5966999999996
209.979,209.979,7.0,7,-356.9643,-356.9643
261.93666666666667,1571.6200000000001,3.8333333333333335,23,110.99131666666669,665.9479000000001
177.2282857142857,1240.598,3.5714285714285716,25,-4.621500000000026,-32.35050000000018
24.912,49.824,2.5,5,7.364699999999999,14.729399999999998
197.13576470588234,3351.3079999999995,3.0588235294117645,52,44.09678823529411,749.6453999999999
119.51933333333336,1792.7900000000004,2.933333333333333,44,13.891306666666662,208.36959999999993
137.2613333333333,1235.3519999999999,4.333333333333333,39,52.016466666666666,468.1482
101.979,815.832,2.625,21,19.374374999999997,154.99499999999998
155.10360000000006,775.5180000000003,5.0,25,15.951580000000003,79.75790000000002
165.18890909090908,1817.078,4.545454545454546,50,38.67941818181818,425.4736
213.18849999999998,2558.2619999999997,4.0,48,55.529258333333324,666.3510999999999
248.12244444444443,2233.102,4.0,36,31.38606666666665,282.47459999999984
129.15974999999997,1033.2779999999998,4.5,36,35.7802125,286.2417
195.2878,1952.8780000000002,3.5,35,11.89067,118.9067
17.537,70.148,2.75,11,-14.913600000000002,-59.65440000000001
159.47175,1275.774,3.375,27,18.173587499999993,145.38869999999994
162.51999999999998,325.03999999999996,2.0,4,20.069799999999997,40.139599999999994
91.98000000000002,643.8600000000001,3.5714285714285716,25,23.447514285714288,164.13260000000002
64.48766666666666,386.92599999999993,3.1666666666666665,19,-3.489783333333334,-20.938700000000004
151.97162500000002,1215.7730000000001,3.5,28,26.045212499999998,208.36169999999998
332.3320235294118,5649.644400000001,3.5294117647058822,60,88.3358,1501.7086000000002
84.14155555555557,757.2740000000001,3.2222222222222223,29,26.447733333333332,238.0296
41.2136,206.068,5.0,25,-0.26303999999999944,-1.3151999999999973
206.38250000000005,825.5300000000002,2.25,9,-5.612975000000006,-22.451900000000023
43.731,262.386,5.0,30,2.1390499999999983,12.83429999999999
282.2595,1129.038,5.25,21,90.65920000000001,362.63680000000005
132.381,529.524,4.0,16,-12.440700000000009,-49.762800000000034
201.10130000000004,4022.0260000000007,3.1,62,17.292785000000002,345.8557
122.97,122.97,3.0,3,60.255300000000005,60.255300000000005
111.728,670.3679999999999,2.6666666666666665,16,-0.26463333333334305,-1.5878000000000583
114.88011764705884,1952.9620000000002,4.0588235294117645,69,4.155411764705883,70.64200000000001
176.8046666666667,1591.2420000000002,3.7777777777777777,34,16.149211111111093,145.34289999999984
50.43920000000001,252.19600000000003,2.8,14,14.50394,72.5197
186.7355,746.942,3.75,15,-25.32315000000001,-101.29260000000004
93.21600000000001,186.43200000000002,5.5,11,23.5554,47.1108
178.36777777777777,1605.31,4.0,36,37.43498888888889,336.9149
302.788,3027.88,3.0,30,24.59574999999999,245.9574999999999
217.13093333333336,3256.9640000000004,3.6,54,19.03876666666667,285.58150000000006
371.4102666666667,5571.154,3.6,54,133.29916,1999.4874
19.56,19.56,5.0,5,1.7115,1.7115
129.41631818181813,1423.5794999999994,4.090909090909091,45,21.620672727272716,237.82739999999987
108.63199999999998,760.4239999999999,4.142857142857143,29,28.451628571428568,199.1614
174.6797,1746.797,2.7,27,17.801689999999994,178.01689999999994
178.7666,1787.6660000000002,3.6,36,36.824760000000005,368.24760000000003
49.852999999999994,249.265,4.2,21,8.696560000000002,43.482800000000005
388.2283333333333,2329.37,3.5,21,74.04771666666663,444.2862999999998
290.30748235294124,4935.227200000001,3.588235294117647,61,-0.7927647058823688,-13.47700000000027
200.54914285714287,1403.844,5.142857142857143,36,24.595999999999986,172.1719999999999
162.76462500000002,1302.1170000000002,5.0,40,29.231437499999995,233.85149999999996
907.2668571428572,6350.868,4.571428571428571,32,200.9809285714286,1406.8665
306.6334545454545,3372.968,2.6363636363636362,29,34.7296909090909,382.02659999999986
112.48349999999999,449.93399999999997,4.25,17,44.3328,177.3312
219.18044444444445,1972.624,4.444444444444445,40,29.21517777777778,262.9366
139.97199999999998,559.8879999999999,3.0,12,42.16159999999999,168.64639999999997
181.9375,727.75,3.25,13,26.208450000000006,104.83380000000002
174.70636363636365,1921.77,3.3636363636363638,37,12.666481818181806,139.33129999999986
143.35175,1146.814,5.75,46,-19.436475,-155.4918
91.32533333333333,273.976,3.6666666666666665,11,16.371833333333335,49.115500000000004
51.22533333333333,768.38,3.933333333333333,59,4.8643399999999986,72.96509999999998
50.53400000000001,151.60200000000003,3.6666666666666665,11,6.9332333333333365,20.79970000000001
222.91680000000002,1114.584,4.4,22,18.163899999999995,90.81949999999998
191.5318,1915.318,3.6,36,76.83927000000001,768.3927000000001
50.876000000000005,101.75200000000001,5.5,11,7.354449999999997,14.708899999999995
200.08775000000003,1600.7020000000002,3.25,26,42.196837499999994,337.57469999999995
266.3212727272727,5859.067999999999,3.772727272727273,83,15.895313636363632,349.6968999999999
272.003,1632.018,3.8333333333333335,23,36.57709999999998,219.46259999999987
145.20350000000002,580.8140000000001,3.5,14,26.184449999999995,104.73779999999998
7.904000000000001,7.904000000000001,2.0,2,2.1736000000000004,2.1736000000000004
229.84216666666666,2758.1059999999998,3.4166666666666665,41,-23.38218333333333,-280.58619999999996
726.5892,3632.946,4.6,23,229.14812,1145.7406
205.15211111111114,3692.7380000000003,3.3333333333333335,60,31.283038888888882,563.0946999999999
77.61775,620.942,4.125,33,-2.1411625000000036,-17.12930000000003
158.21933333333334,1898.632,4.166666666666667,50,13.425633333333328,161.10759999999993
80.21575,641.726,3.375,27,-1.5719250000000031,-12.575400000000025
3.3040000000000003,3.3040000000000003,1.0,1,1.0737999999999999,1.0737999999999999
13.919999999999998,13.919999999999998,3.0,3,4.3500000000000005,4.3500000000000005
141.3728,706.864,4.0,20,30.274340000000002,151.3717
271.21714285714285,3797.04,3.857142857142857,54,65.55101428571429,917.7142
94.43533333333335,283.30600000000004,3.0,9,-5.4859666666666556,-16.457899999999967
146.32563636363636,1609.582,3.0,33,39.17013636363636,430.87149999999997
203.4502857142857,1424.152,2.857142857142857,20,58.4352,409.0464
140.0664,700.332,4.0,20,14.80668,74.0334
68.78,206.34,4.333333333333333,13,24.171266666666664,72.51379999999999
306.5676,1532.8380000000002,3.2,16,-47.55156000000006,-237.7578000000003
74.689,597.512,3.5,28,1.2333625000000006,9.866900000000005
112.95333333333333,338.86,5.666666666666667,17,52.18033333333333,156.541
77.08666666666667,231.26000000000002,4.0,12,17.248800000000003,51.74640000000001
256.5965454545455,2822.5620000000004,2.727272727272727,30,55.956209090909105,615.5183000000002
383.9800000000001,3455.8200000000006,5.444444444444445,49,101.41247777777774,912.7122999999997
96.65418181818183,1063.1960000000001,5.090909090909091,56,27.44967272727272,301.9463999999999
403.4883333333333,2420.93,4.833333333333333,29,115.62646666666667,693.7588000000001
25.7848,128.924,3.8,19,1.5143199999999997,7.571599999999998
20.736000000000004,20.736000000000004,4.0,4,7.2576,7.2576
523.06975,4184.558,4.25,34,-185.37427499999995,-1482.9941999999996
274.0057777777778,2466.052,4.666666666666667,42,77.1593222222222,694.4338999999998
31.286,93.858,3.0,9,9.368099999999998,28.104299999999995
152.482,609.928,2.25,9,15.316025,61.2641
568.1232500000001,9089.972000000002,4.5625,73,17.709856249999998,283.35769999999997
171.18983333333333,2054.278,3.0833333333333335,37,49.374083333333324,592.4889999999999
276.8222857142858,3875.5120000000006,3.5714285714285716,50,50.28699999999997,704.0179999999996
421.7626153846155,5482.914000000002,4.230769230769231,55,110.88493846153844,1441.5041999999996
660.368,5282.944,4.875,39,53.81595,430.5276
204.04700000000003,1632.3760000000002,4.75,38,51.904274999999984,415.2341999999999
634.0445714285714,4438.312,4.142857142857143,29,214.6019714285714,1502.2137999999998
276.9456666666667,3323.348,3.1666666666666665,38,76.12874999999998,913.5449999999998
78.66699999999999,472.00199999999995,3.8333333333333335,23,21.886683333333327,131.32009999999997
120.57600000000001,120.57600000000001,8.0,8,33.1584,33.1584
212.1772857142857,2970.4819999999995,4.571428571428571,64,1.7012071428571593,23.81690000000023
311.75800000000004,935.2740000000001,4.0,12,15.947199999999954,47.841599999999865
257.5132,1287.5659999999998,4.6,23,59.25636000000001,296.28180000000003
223.48250000000002,1787.8600000000001,4.25,34,49.8438125,398.7505
177.70180000000002,1777.0180000000003,3.7,37,39.94430999999999,399.44309999999984
241.38083333333333,7241.425,3.566666666666667,107,42.43900333333332,1273.1700999999996
311.09914285714285,4355.388,3.2142857142857144,45,106.07513571428574,1485.0519000000004
147.05318518518519,3970.436,3.4074074074074074,92,10.83571481481481,292.5642999999999
42.62975,511.557,3.75,45,2.6803000000000003,32.1636
97.4975,1169.97,3.0833333333333335,37,12.049583333333336,144.59500000000003
175.1985714285714,3679.1699999999996,4.238095238095238,89,36.43655238095238,765.1676
302.84040000000005,3028.4040000000005,3.5,35,31.44510999999998,314.45109999999977
180.16245454545452,3963.5739999999996,3.727272727272727,82,-33.774668181818164,-743.0426999999996
205.9676923076923,2677.58,3.3076923076923075,43,71.13146923076923,924.7091
118.94949999999999,3568.4849999999997,4.066666666666666,122,-31.073006666666664,-932.1901999999999
327.744,2294.208,3.4285714285714284,24,37.54232857142854,262.7962999999998
220.56025000000002,3528.9640000000004,3.125,50,40.448381250000004,647.1741000000001
97.41925000000002,779.3540000000002,3.5,28,-42.89859999999999,-343.1887999999999
178.43894117647062,3033.4620000000004,4.352941176470588,74,39.75564117647059,675.8459
51.79025,414.322,2.875,23,15.095237500000001,120.76190000000001
352.0051428571428,4928.071999999999,3.5714285714285716,50,86.28235714285712,1207.9529999999997
218.3595294117647,3712.112,4.411764705882353,75,36.086335294117646,613.4677
132.2143076923077,1718.786,3.0,39,55.511961538461534,721.6555
249.73083333333332,2996.77,4.416666666666667,53,59.53773333333334,714.4528000000001
93.90210000000002,1878.0420000000004,2.95,59,8.60232,172.0464
433.87455882352936,14751.734999999999,3.911764705882353,133,37.32139117647059,1268.9273
30.671000000000003,306.71000000000004,4.0,40,5.903049999999999,59.03049999999998
155.63524999999998,3112.705,3.45,69,2.981189999999999,59.623799999999974
211.46533333333332,4440.772,3.1904761904761907,67,15.943276190476187,334.8087999999999
151.916,607.664,3.25,13,-0.16340000000000998,-0.6536000000000399
100.3725,1204.47,3.0833333333333335,37,8.0377,96.4524
82.594,1073.722,3.6153846153846154,47,23.448715384615387,304.8333
387.92960000000005,1939.6480000000001,3.8,19,169.97377999999998,849.8688999999999
72.592,290.368,4.0,16,-36.3318,-145.3272
209.38643750000003,3350.1830000000004,3.1875,51,-53.294350000000016,-852.7096000000003
217.051,3038.714,4.857142857142857,68,77.30337142857142,1082.2472
56.607600000000005,283.038,2.6,13,10.037759999999995,50.18879999999998
189.91941176470587,3228.6299999999997,4.823529411764706,82,-0.1888235294117635,-3.2099999999999795
1108.5228,5542.614,3.6,18,280.98251999999997,1404.9125999999999
88.5744,885.744,3.7,37,3.805249999999995,38.05249999999995
157.58704761904764,3309.3280000000004,4.0,84,19.142652380952377,401.9956999999999
241.457,1448.742,2.8333333333333335,17,13.528616666666666,81.1717
307.666,307.666,2.0,2,-14.47839999999998,-14.47839999999998
207.50772222222224,3735.139,3.5555555555555554,64,11.150377777777768,200.70679999999982
325.851,1303.404,4.25,17,90.28044999999997,361.1217999999999
341.2171666666667,4094.606,4.5,54,10.259124999999983,123.1094999999998
119.86085714285717,839.0260000000002,3.5714285714285716,25,19.30601428571428,135.14209999999997
225.15733333333333,1350.944,5.833333333333333,35,43.442033333333335,260.6522
27.759111111111118,249.83200000000005,3.3333333333333335,30,8.252955555555555,74.2766
558.5627999999999,5585.628,3.3,33,203.88217,2038.8217
661.1895714285714,4628.327,5.0,35,-119.74735714285713,-838.2314999999999
159.8302857142857,1118.812,2.142857142857143,15,20.5551,143.88569999999999
49.92620000000001,249.63100000000003,2.8,14,-4.104139999999999,-20.520699999999998
845.404438095238,17753.493199999997,3.857142857142857,81,211.54926190476186,4442.534499999999
75.85422222222222,682.688,3.2222222222222223,29,-9.339044444444447,-84.05140000000003
374.59312500000004,2996.7450000000003,3.625,29,-163.098475,-1304.7878
185.85642857142852,1300.9949999999997,4.285714285714286,30,15.76068571428571,110.32479999999997
164.45871428571428,2302.422,3.142857142857143,44,-5.023428571428574,-70.32800000000003
67.40933333333332,404.45599999999996,4.5,27,12.213199999999995,73.27919999999997
71.21618181818181,783.3779999999999,3.1818181818181817,35,-12.655809090909093,-139.21390000000002
53.85359999999999,269.268,4.6,23,5.024780000000003,25.123900000000017
85.98654545454545,945.852,3.727272727272727,41,21.65536363636363,238.20899999999995
117.21300000000002,1054.9170000000001,3.3333333333333335,30,6.649011111111103,59.841099999999926
356.23777777777775,3206.14,3.888888888888889,35,23.33704444444445,210.03340000000006
641.872,9628.08,4.333333333333333,65,-231.0420266666666,-3465.630399999999
445.27581818181807,9796.067999999997,4.818181818181818,106,69.09227272727271,1520.0299999999997
101.13855555555556,1820.494,3.0555555555555554,55,-3.1126666666666645,-56.02799999999996
134.10925,2145.748,4.0,64,34.2299,547.6784
74.37710000000001,743.7710000000001,3.5,35,3.8173599999999994,38.17359999999999
157.72986666666668,2365.9480000000003,3.933333333333333,59,14.12741333333334,211.9112000000001
118.68742857142858,1661.6240000000003,3.2142857142857144,45,24.638828571428565,344.9435999999999
133.42112500000002,2134.7380000000003,3.9375,63,-10.83053125000001,-173.28850000000017
282.7414285714286,5937.570000000001,3.4285714285714284,72,59.18712857142856,1242.9296999999997
358.1832857142857,5014.566,4.285714285714286,60,26.936042857142844,377.10459999999983
79.662,557.634,3.7142857142857144,26,3.721414285714284,26.049899999999987
142.93187500000002,1143.4550000000002,5.125,41,-166.74301250000002,-1333.9441000000002
281.63032,7040.757999999999,3.6,90,43.487219999999986,1087.1804999999997
83.5555,1002.6659999999999,3.3333333333333335,40,13.355525,160.2663
199.5544615384615,5188.415999999999,3.8461538461538463,100,17.857061538461533,464.28359999999986
95.61593333333332,1147.3911999999998,3.8333333333333335,46,7.291891666666664,87.50269999999996
118.34133333333335,1065.0720000000001,4.111111111111111,37,13.7452,123.7068
183.03262499999997,5857.043999999999,4.15625,133,-52.761168750000024,-1688.3574000000008
1029.6481428571428,14415.073999999999,4.428571428571429,62,419.3264357142857,5870.5701
266.34698888888886,4794.2458,4.333333333333333,78,43.93345555555556,790.8022000000001
115.9268,1738.902,3.066666666666667,46,19.11384,286.7076
165.5499411764706,2814.349,2.9411764705882355,50,12.831723529411763,218.13929999999996
96.37507142857143,1349.251,4.214285714285714,59,22.00545,308.0763
116.29260000000002,1162.9260000000002,3.7,37,11.2414,112.414
183.23400000000004,1099.4040000000002,3.3333333333333335,20,33.32791666666667,199.9675
184.8932142857143,2588.505,5.071428571428571,71,25.106521428571433,351.4913000000001
304.2054736842105,5779.9039999999995,5.2105263157894735,99,27.84274736842104,529.0121999999998
290.25053846153844,3773.2569999999996,3.3076923076923075,43,79.30952307692306,1031.0237999999997
447.14088888888887,8048.536,5.222222222222222,94,34.17833333333331,615.2099999999997
154.09833333333333,2773.77,3.9444444444444446,71,21.742233333333317,391.36019999999974
246.0331764705882,4182.563999999999,4.235294117647059,72,8.816052941176471,149.87290000000002
175.10523809523812,3677.2100000000005,3.9523809523809526,83,25.565157142857142,536.8683
255.9423125,8190.154,4.6875,150,30.075168750000003,962.4054000000001
291.39471428571426,4079.526,4.5,63,-18.660921428571445,-261.25290000000024
64.23188235294118,1091.9420000000002,3.176470588235294,54,19.541152941176474,332.19960000000003
135.1148421052632,2567.1820000000007,3.736842105263158,71,-30.72232631578948,-583.7242000000001
167.167,2674.672,3.8125,61,33.001974999999995,528.0315999999999
88.08123529411766,1497.3810000000003,3.3529411764705883,57,6.565082352941181,111.60640000000006
240.06416666666664,7201.924999999999,3.7666666666666666,113,49.44987666666666,1483.4962999999998
304.19199999999995,6388.031999999999,3.142857142857143,66,-94.92731904761906,-1993.4737000000002
193.86880000000002,2908.032,3.2,48,-0.3286733333333397,-4.930100000000095
82.7172,1240.758,3.6666666666666665,55,22.0044,330.06600000000003
143.85600000000002,143.85600000000002,9.0,9,48.551399999999994,48.551399999999994
182.19310000000002,1821.931,3.3,33,-7.038529999999997,-70.38529999999997
189.76128571428572,2656.658,4.357142857142857,61,41.5177,581.2478
163.887,1311.096,3.875,31,-3.891549999999997,-31.132399999999976
68.96585714285715,965.522,3.9285714285714284,55,18.33098571428571,256.63379999999995
234.232875,3747.726,2.9375,47,18.367356249999993,293.8776999999999
23.432000000000002,46.864000000000004,5.5,11,7.786599999999998,15.573199999999996
68.46018749999999,1095.3629999999998,3.0625,49,0.2959437500000094,4.73510000000015
326.5856153846153,4245.612999999999,4.615384615384615,60,75.61906153846154,983.0477999999999
478.3312857142857,6696.638,4.428571428571429,62,125.33647857142857,1754.7107
127.53211764705881,2168.046,3.3529411764705883,57,24.64000588235294,418.8801
265.208,3182.4960000000005,3.1666666666666665,38,28.98405,347.8086
188.4020869565217,4333.248,3.608695652173913,83,30.397460869565215,699.1415999999999
130.23433333333332,1562.812,2.5,30,39.10981666666667,469.3178
72.273375,578.187,4.0,32,-4.3024000000000076,-34.41920000000006
367.07700000000006,2202.4620000000004,4.0,24,12.51894999999998,75.11369999999988
119.50773999999997,2390.1547999999993,3.5,70,20.80376,416.0752
193.203,1545.624,3.25,26,29.453799999999987,235.6303999999999
81.32485714285714,569.274,3.142857142857143,22,4.581242857142851,32.06869999999996
68.84479999999999,344.224,4.6,23,31.417939999999998,157.0897
155.21,310.42,5.0,10,46.9627,93.9254
