[
{"name": "1. Contact (Intro)", "lyrics": " ", "artist": "Anthrax", "genre": "Thrash Metal", "album": "We've Come For You All", "year": 2003, "source": "Darklyrics"},
{"name": "2. What Doesn't Die", "lyrics": "First in last out overthrown It's been picked clean to the bone And so hard to remember things Like when we used to kill our kings Crusading for hypocrisy Under our nose the holy bleed Crumbling under its own weight Apologies if you relate 'cause You cannot kill What doesn't die Live up to my promise My full potential realized Death lives right inside your pocket Take him out and have a laugh Go and piss your life away Another ugly waste of clay And up above there's no one home Why don't you answer your phone? Reminding me to learn that poem First in last out overthrown Because A stream of consciousness flows into a river of blood Stem this tide of violence as it rises like a flood  ", "artist": "Anthrax", "genre": "Thrash Metal", "album": "We've Come For You All", "year": 2003, "source": "Darklyrics"},
{"name": "3. Superhero", "lyrics": "When you praise my name i'll fulfill your expectation looking for an answer that'll dignify your prayers What remains when your savior becomes human? You feel the legend something sacred you cant understand becomes bigger than the man.   PRAY FOR HELP CRY OUT SCREAM FOR ME NOW IM NOT YOUR SUPERHERO PRAY FOR HELP CRY ILL SCREAM FOR U NOW IM NOT YOUR SUPERHERO  All my love and hate radiate and become equals Untouchable enmity has always been my fate mine alone agony destined to suffer. Eternally my story never goes as planned And its bigger than the man    Once upon a time i would do anything For anyone; at anytime And all i asked for was your faith Was that to much to ask?  Ther is no god there is no king There is no saint of broken dreams There's only you and truth and soul The superhero is you own...  ", "artist": "Anthrax", "genre": "Thrash Metal", "album": "We've Come For You All", "year": 2003, "source": "Darklyrics"},
{"name": "4. Refused To Be Denied", "lyrics": "Proud and free that's American to me Symptomatically, and so basically It's so definite, freedom is all of it No humanity without restraint  Refuse to be denied refuse to compromise Your ideology always a lie It's jingoistic or nationalistic Or whatever the hell you want to call it  With my raised fist Never to be denied I stand and resist again  Proud and free that's a human thing to me Burning at the core and I'd go to war Ain't gonna change my way of life Twisted rhetoric, I won't subscribe  Refuse to be denied refuse to compromise Your ideology always a lie Imperialistic colonialistic Bandwagon patriot wake up to this  With my raised fist Never to be denied I stand and resist again  ", "artist": "Anthrax", "genre": "Thrash Metal", "album": "We've Come For You All", "year": 2003, "source": "Darklyrics"},
{"name": "5. Safe Home", "lyrics": "I've been down this road once or twice before through the open door i come falling through it there's a sign post up ahead like a watershed and it opens my eyes ways, for me to begin to be born again and knowing for the first time ways, all so differently shine for me to see the better man that I am  I've been places in my head behind me worse than what's ahead and on my path just like a dream takes me from the inbetween from out of nowhere you came strong as stone and now I'll never have to be alone what it is I know  you have always been my safe home I walk, I run, I burn out into you you have always been my safe home my whole world has moved on  i know what i am and I'll always be your reality, is better than I could dream all my fears turn from black to white and i'd stand and fight the whole world for you faith, and destiny I never did believe my only god is love and faith, what I see in you and I can hold it true like a weight in my hand.  ", "artist": "Anthrax", "genre": "Thrash Metal", "album": "We've Come For You All", "year": 2003, "source": "Darklyrics"},
{"name": "6. Anyplace But Here", "lyrics": "Beneath by breath you take still you're gasping for air miles and miles you move into abyss you stare running form the plight mighty grip it's hold and that hunger's hanging on but never to the fold with endurance as the earth behind you burns you can feel heat keep your will and never turn come on, follow closely come on, end this slavery come on, where you're going any place but here and you pray for more hope so this will run its course every day you move handcuffs they lose their force abandon all you know so destitution hides united in despair still makes it harder to divide With exhaustion as the earth behind you melts You can feel heat But your need for living fails A logical reason for being Is quickly drifting away People prove fiendishly greedy Each time you try to believe It's hard to be defiant There's ways to kill the giant Slaughtered by pins.  ", "artist": "Anthrax", "genre": "Thrash Metal", "album": "We've Come For You All", "year": 2003, "source": "Darklyrics"},
{"name": "7. Nobody Knows Anything", "lyrics": "I've been choking on the air that you've been giving me it's all a game to you, to me it's an atrocity as you add another loop onto my noose i lose all sense of what is abuse  'cause it's always been a bone of contention this game of \"what it is that I've done for you\" I've given you everything for nothing in return and I'm so tired of bleeding for the respect that I've earned  because no, nobody knows, nobody knows because nobody knows anything  I don't know how much generosity that I can take until I leave a trail of bodies lying in my wake how many times do I lose my mind 'til I realize give me the high hat and you think that i should compromise?  ", "artist": "Anthrax", "genre": "Thrash Metal", "album": "We've Come For You All", "year": 2003, "source": "Darklyrics"},
{"name": "8. Strap It On", "lyrics": "And my plate is full And I feel the pull And my time is spent Searching for something that came and went  Take me back Take me back to a golden time From '75 to '79 And it makes it easy, so easy for me  Strap it on Strap it on my old school I change by staying the same (I seem to remember this line)  And it grows inside Metastasize And my brain goes crazy Sepia toned days are hazy  Take me back Take me back to the heavy time From '85 to '89 It makes it easy so easy for me.  ", "artist": "Anthrax", "genre": "Thrash Metal", "album": "We've Come For You All", "year": 2003, "source": "Darklyrics"},
{"name": "9. Black Dahlia", "lyrics": "Hardcase Fist full of brass Double barrelled pistons and a tank full of gas He's a heavyweight Enforcer inside Like a man in the chair he's gonna go for a ride Break him Take him down Squeeze him, watch him drown Against lightning The wind from his sails Take on a man who's harder than a coffin nail Priceless, the look on his face If you look real close you can see the expiration date Break him Take him down Squeeze him, watch him drown Black Dahlia's in my head Ice veined Thousand yard stare Breaking a man is like hunting for bear And I'm loaded Setting the trap Tighten the noose And bust a rat with my sap Break him Take him down Squeeze him, watch him drown Black Dahlia's in my head Black Dahlia's in my head Confession's good for the soul Black Dahlia's in my head In this hunt I walk alone  ", "artist": "Anthrax", "genre": "Thrash Metal", "album": "We've Come For You All", "year": 2003, "source": "Darklyrics"},
{"name": "10. Cadillac Rock Box", "lyrics": "It feels good to be here Ass bet broke and I don't care Yeah, so good to be clear I can testify Listen I cant fake and attraction to it Magnetic, it pulls so hard When two powerful forces collide and break down Inside and break out at the speed of sound Locked and loaded I can't hold it Pick'em up, set'em up, watch it all go down Oh yeah Driving in my Cadillac rock box I am so alive, I learned how to let it go And on the day that I die I'll have no fear Listen I cant fake and attraction to it Magnetic, it pulls so hard When two powerful forces collide and break down Inside and break out at the speed of sound Locked and loaded I can't hold it  Pick'em up, set'em up, watch it all go down Oh yeah Driving in my Cadillac rock box Stick'em up, get'em up, drop it and throw down Oh yeah Hangin' in my Cadillac rock box Pick'em up, set'em up, watch it all go down Oh yeah Driving in my Cadillac rock box Fill'em up, shoot'em, sit before you fall down Oh yeah Bury me in my Cadillac rock box  ", "artist": "Anthrax", "genre": "Thrash Metal", "album": "We've Come For You All", "year": 2003, "source": "Darklyrics"},
{"name": "11. Taking The Music Back", "lyrics": "Your lies that took me where I've been Your lies don't make me who I am Your lies that left me scarred And so fucking hard Your lies that burn me deep inside Your lies that helped to bleed me dry Left on your own Because your cover's blown I am, taking the music back Against your will I'm not a slave Against the deal and you ge paid I won't throw you a rope Against it, you're the enemy Against it, your philosophy Shit thrown against the wall You'll eat it all  ", "artist": "Anthrax", "genre": "Thrash Metal", "album": "We've Come For You All", "year": 2003, "source": "Darklyrics"},
{"name": "12. Crash", "lyrics": " ", "artist": "Anthrax", "genre": "Thrash Metal", "album": "We've Come For You All", "year": 2003, "source": "Darklyrics"},
{"name": "13. Think About An End", "lyrics": "Wake up on fire every day And I never say goodbye Pre-determined destiny I've never been afraid to die  Ever since I was a kid I've seen things my own way, with my own eyes With my hands I turn the screws In my life I decide  You're bent on under the will of endless dogmatic restraints I will rage against the machine spewing out blind faith  Think about an end you can live with Think about an end I can give you Think about an end that would satisfy  Think about an end you can live with Think about an end I can give you Think about an end  The only thing that's touched my soul Ever in my life is love Tangible and physical visible Unlike your god above  You're bent on under the will of endless dogmatic restraints I will rage against the machine spewing out blind faith  Think about an end you can live with Think about an end I can give you Think about an end that would satisfy  Think about an end you can live with Think about an end I can give you Think about an end    Where is all the mercy on which your faith has been built All I see is hatred caused by years of inbred guilt, yeah.  Resurrecting genuflecting killing in the name You disavow the right to choose. It's medievally insane  Your god is dead or doesn't care. Tell me which one's worse: An uncaring god or knowing that your alone on this earth?  Wake up on fire every day and I never say goodbye Pre-determined destiny I've never been afraid to die  You're bent on under the will of endless dogmatic restraints I will scream, will rage.  Think about an end you can live with Think about an end I can give you Think about an end that would satisfy  Think about an end you can live with Think about an end I can give you Think about an end Think about an end Think about an end Think about an end  ", "artist": "Anthrax", "genre": "Thrash Metal", "album": "We've Come For You All", "year": 2003, "source": "Darklyrics"},
{"name": "14. We've Come For You All", "lyrics": "The mind can atrophy such mediocrity things aren't what they seem sometimes and every waking dream repeating central theme if we don't wake up do we die? and when the best can be worse than what's usually found it's all between the lines then patience starts to bleed increasing enmity its time to let the bullets fly  developed all exposure revealing no composure the gates are open wide the wrecking ball is here your chest contains no treasure the prisoners are loose we've come for you all  pay the expected fee for the insanity now the reflection's deeply lined all systems fail and seize break down and spill the grease aggressive tendencies designed  and every element will force a consequence it takes a slanted state of mind then patience starts to bleed increasing enmity it's time to let the bullets fly     ", "artist": "Anthrax", "genre": "Thrash Metal", "album": "We've Come For You All", "year": 2003, "source": "Darklyrics"}
]