[
{"name": "1. Among The Living", "lyrics": "Disease, Disease Spreading the disease With some help from Captain Trips He'll bring the world down to his knees Power, yes Power He'll show them all his power It pulses through his ice cold blood A whole world to devour   He's seeing, He's calling His legacy, He's spawning He's coming, corrupting Among the living  Murder, Murder Commit cold blooded murder Like Nazis during World War Two They only follow orders Hatred, Hatred A crucifix is your bed Once he turns his eye on you You'd be better off dead     I am the walkin' dude I can see all the world Twist your minds with fear I'm the man with power Among the living Follow me or die  Man, fights Man Divided they can't stand United they can battle back And make him force his hand Fear, yes Fear His end is growing near He didn't count on man's good faith And their will to persevere       Fire, hot Fire Purge the world with fire Damnation is the price he'll pay For an evil man's desire Good, vs. Evil The stand to vanquish evil Man can only live one way That place right in the middle     AMONG  ", "artist": "Anthrax", "genre": "Thrash Metal", "album": "Among The Living", "year": 1987, "source": "Darklyrics"},
{"name": "2. Caught In A Mosh", "lyrics": "Why don't you listen to me when I try to talkto you Stop thinking of yourself, for just a second fool Shut up, shut up, I don't wanna hear your mouth Your mother made a monster, now get the hell out of my house   Can't stand it for another day I ain't gonna live my life this way Cold sweat, my fists are clenching Stomp, stomp, stomp, the idiot convention   Which one of these words don't you understand ? Talking to you, is like clapping with one hand   What is it ? - Caught in a mosh What is it ? - Caught in a mosh What is it ? - Caught in a mosh What is it ? - Caught in a mosh  Don't tell me how to do my job There's the door, your name's on the knob You're always in the way, like a beast on my back Were you dropped as a baby, cause brains you lack       Think - before you speak Or suffer, for your words Learn, to give respect that others, give to you AAAAAAAAAAAH, The best you can do     Hey Man I'm trying to reason but you don't understand Talking in circles, we'll never get it straight Just you and me in our theatre of hate      ", "artist": "Anthrax", "genre": "Thrash Metal", "album": "Among The Living", "year": 1987, "source": "Darklyrics"},
{"name": "3. I Am The Law", "lyrics": "Fifteen years in the academy He was like no cadet they'd ever seen A man so hard, his veins bleed ice And when he speaks he never says it twice They call him Judge, his last name is Dredd So break the law, and you may wind up dead Truth and justice are what he's fighting for Judge Dredd the man, he is the law DROKK IT  With his gun and bike he rules the streets And every perp he meets will taste defeat Not even Death can overcome his might Cause Dredd and Anderson, they won the fight When the Sov's started the Apocalypse war And Mega-city was bombed to the floor Dredd resisted, and the judges fought back And crushed the Sov's with their counter-attack DROKK IT   Respect the badge - he earned it with his blood Fear the gun - your sentence may be death because ...   I AM THE LAW And you won't fuck around no more - I AM THE LAW I judge the rich, I judge the poor - I AM THE LAW Commit a crime I'll lock the door - I AM THE LAW Because in Mega-City ... I AM THE LAW  In the cursed earth where mutants dwell There is no law, it's just a living hell Anarchy and chaos as the blood runs red But this would change if it was up to Dredd The book of law is the bible to him And any crime committed is a sin He keeps the peace whith his law-giver Judge, jury, and executioner DROKK IT      CRIME - the ultimate sin Your Iso-Cube is waiting when he brings you in LAW - it's what he stands for Crime's his only enemy and he's going to war        ", "artist": "Anthrax", "genre": "Thrash Metal", "album": "Among The Living", "year": 1987, "source": "Darklyrics"},
{"name": "4. Efilnikufesin (N.F.L.)", "lyrics": "It started back in high-school So cool, king of the scene You found that making people laugh Was more than just a dream The public took right to you Like flies to a pile of shit So funny and smart so talented But success just couldn't fit   Wasting your life No future is bright Dancing on your grave Living like a slave, someone should've said...   N.F.L., Efilnikufesin N.F.L. N.F.L., Efilnikufesin N.F.L. Wake up dead, in a plywood bed six feet from the rest of your life And when you couldn't see your own dependency N.F.L., NICE FUCKIN' LIFE !  The whole world is your playground Yet you can't find your niche Your only friends it helps you through Helps you dig your daily ditch The bottom line can't touch you Cause you're above the rest But your little friend's the enemy And the bottom line is death       You lived a life of excess GODDAMN shame it's such a waste Just one too many cookies From the batch no one should taste Yet his memory still stays with us Cause watching him was fun Too bad things weren't different Who knows what he'd have done     ", "artist": "Anthrax", "genre": "Thrash Metal", "album": "Among The Living", "year": 1987, "source": "Darklyrics"},
{"name": "5. A Skeleton In The Closet", "lyrics": "All American, an evil game of extortion A sick old man, and who would guess He was once S.S. A deadly fascination, of a madman's solution Six million dead, poison tales pollute his head   Tell me a story - Will ya, Will ya A real good story, I won't leave till ya Spill your guts old man Leave out any secrets, Hiding in the ...   Any skeletons, and all your other sins Any skeletons in the closet Any skeletons, any misfortunes Any skeletons, Hiding in the closet Any skeletons, Any skeletons In the closet  It's insanity, puppetmaster boy or Nazi Apt pupil, he hears the screams Nightmares turn into wet dreams Hatret lives, boiling inside, dealing death it's bumicide In too deep, their secret stands but it won't keep        The truth comes out, conspiracy there is no doubt His life is ruined, but no not yet He's still got one card in the deck A loaded gun, a happy smile, he'll scope the freeway for awhile King of the world, four hundred rounds it took five hours to bring him down     ", "artist": "Anthrax", "genre": "Thrash Metal", "album": "Among The Living", "year": 1987, "source": "Darklyrics"},
{"name": "6. Indians", "lyrics": "We all see black and white When it comes to someone else's fight No one ever gets involved Apathy can never solve   FORCED OUT - Brave and mighty STOLEN LAND - They can't fight it HOLD ON - To pride and tradition Even though they know how much their lives are really missin' WE'RE DISSIN' THEM ...   On reservation A hopeless situation  Respect is something that you earn Our Indian brother's getting burned Original American Turned into, second class citizen      Cry for the Indians Die for the Indians Cry for the Indians Cry, Cry, Cry for the Indians  Love the land and fellow man Peace is what we strive to have Some folks have none of this Hatred and prejudice        TERRITORY, It's just the body of the nation The people that inhabit it make its configuration PREJUDICE, Something we all can do without Cause a flag of many colors is what this land's all about         ", "artist": "Anthrax", "genre": "Thrash Metal", "album": "Among The Living", "year": 1987, "source": "Darklyrics"},
{"name": "7. One World", "lyrics": "Stop it There's been too much debate We could save ourselves from holocaust Or is that just our fate Start now But we continue to balk We let the genie out of the bottle But we still hold the cork   ONE, TWO,- NOT THREE, FOUR,- DIE ONE, TWO,- NOT THREE, FOUR,- DIE   Ignorance, is no excuse For violence NO ONE WINS ...   ONE WORLD ONE WORLD ONE WORLD - Welcome to it ONE WORLD - Don't abuse it ONE WORLD - To live out your life ONE WORLD - Total schism Tunnel vision ONE WORLD - Taming the beast Fighting for peace  Killing You pushed a button that's all you did It's much harder to kill a man If you've seen pictures of his kids Responsibility And what are all our lives worth ? What kind of sentence would you serve For killing the earth           Russians They're only people like us Do you really think they'd blow up the world They don't love their lives less America Stop singing hail to the chief Instead of thinking S.D.I. He should be thinking of peace      ONE WORLD.  ", "artist": "Anthrax", "genre": "Thrash Metal", "album": "Among The Living", "year": 1987, "source": "Darklyrics"},
{"name": "8. A.D.I. Horror Of It All", "lyrics": "It's just to damn easy, to die in this life Who's making the decisions ? Tell me, who's got the right ?   WOH, OH, OH, My grief turns to anger WOH, OH, OH, It's time to ...   Say good-bye, It's a horror Memories, Nothing's harder  I know that there's no answer, I mean what'd I expect So many unanswered questions I can't believe, I can't accept  WOH, OH, OH, My anger turns to hatred WOH, OH, AH, OH, It's time to ...     OOOOOH, AAAH, OOOOOH, The horror of it all The horror of it all, I'm gonna break The horror of it all, Tell me why  You're not supposed to question, but why's there so much pain When someone's taken from you What can you do or say ? WOH, OH, OH, My hatred turns to violence WOH, OH, AH, OH, It's time to ...        The horror of it all The horror of it all The horror of it all The horror of it all Say good-bye, It's such a horror My memories there's nothing harder Anger and hatred fill the page So smash the walls it's time to rage.  ", "artist": "Anthrax", "genre": "Thrash Metal", "album": "Among The Living", "year": 1987, "source": "Darklyrics"},
{"name": "9. Imitation Of Life", "lyrics": " There's nothing I hate more, than all these plastic people With all their plastic promises, and all their plastic deals They just can't be themselves, and live their own lives out They're just an imitation of what life's all about  \"Because of me you are who you are So sign your name, and you'll go far I'm your friend, I think you should So sign your name, it's for your own good\" HOW MANY TIMES HAVE YOU HEARD THIS TODAY ???  Some bogus piss-on saying \"Let's do lunch babe\" For them this bullshit, it's their whole life Cut through their bullshit with a knife IMITATION OF LIFE   OOOOOOOOH, OOOOH, OH ANGER BURNS Whatever happened to the guy I knew A media creation, a monster grew Our story had an unhappy end But this could change, I still call him friend  \"Take my advice, listen to me A great opportunity, can't you see I only want what's best for you The deal of a lifetime, what more can I do\" HOW MANY TIMES HAVE YOU HEARD THIS TODAY ???  Some stupid sucker says \"It's great, we luv ya babe\" For them this bullshit, it's their whole life Cut through their bullshit with a knife IMITATION OF LIFE   OOOOOOOOH, OOOOH, OH ANGER BURNS Bands dress like women, with hairspray and lace I'd pass an image law, stick it in their face Let's see how long they keep dressing this way Wearing this image twenty four hours a day ...   DID YOU EVER THINK FOR YOURSELF ?? JUST ONCE, DID YOU EVER THINK ?? THAT'S ALL I WANT TO KNOW   IMITATION OF LIFE, Living out a lie You'll never be right, IMITATION OF LIFE WHY ARE YOU HERE ??, YOU'RE TAKING UP MY SPACE  The new imperfect race, IMITATION OF LIFE    OOOOOOOOH, OOOOH, OH ANGER BURNS Whatever happened to the guy I knew A media creation, a monster grew Our story had an unhappy end But this could change, I still call him friend There's nothing I hate more Than all these plastic people With all their plastic promises And all their plastic deals They just can't be themselves And live their own lives out They're just an imitation Of what life's all about IMITATION OF LIFE     ", "artist": "Anthrax", "genre": "Thrash Metal", "album": "Among The Living", "year": 1987, "source": "Darklyrics"}
]