[
{"name": "1. I'm The Man (Censored radio version)", "lyrics": "\"Now we're Anthrax and we take no shit And we don't care for writing hits The sound you hear is what we like I'll steal your pop-tarts like I stole your...\" \"Socks!\" \"No man, what's the matter with you?\" \"I'll get it the next time, I mean it...\"  \"Charlie, beat the beats, the beats you beat The only thing harder's the smell of my feet So listen up cuz you might get dissed Go drain the lizard or take a...\" \"Chair!\" \"Damn...watch the beat!\"  \"I'm on your case, I'm in your face Kick you and your father back in place Step up sucker, understand Don't you know, \"  \"I'm the man! I'm the man! I'm so bad I should be in detention! I'm the man!\"  \"Shut up!\"  \"We've got real def rythyms and fresh new jams And ya think we got egos but we're just hams Scott plays stickball and likes to skate Frank is never on time he's always...\" \"Sleeping!\" \"Late!\"  \"Drink the drinks, the drinks they drank I put my money in the bank They cut their crack, they offer joints We don't do drugs, do you get our...\" \"Meaning!\" \"Point! Point! Watch the beat!\"  \"I'm on your case, I'm in your face Kick you and your father back in place Step up sucker, understand Don't you know,\"  \"I'm the man! I'm the man! I'm bad! I'm so bad I should be in detention! I'm the man!\"  \"Shut up!\"  \"For a heavy metal band raps a different way We like to different and not cliche They say rap and metal can never mix Well all of them can suck our...\" \"Sexual organ in the lower abdominal area!\" \"No man, it's dicks!\"  MASTER!  \"Fart the farts, the farts he farted I pick my nose cuz I'm retarted Like El Duce says \"smell my anal vapor\" And wipe my butt with your...\" \"Face!\" \"Toilet paper! Yo, watch the beat!\"  \"I'm on your case, I'm in your face Kick you and your father back in place Step up sucker, understand Don't you know,\"  \"I'm the man! I'm the man! I'm bad! I'm so bad I should be in detention! I'm the man!\"  \"Shut up!\"  \"So, as this rap is winding down It's plain to see we wear the crown You know Anthrax is number one But we don't care, we just wanna have...\" \"A festival!\" \"Fun you stupid idiot!\"  \"We are the kings that all shout hell We're like a diamond that is forever And will remain the hardest ever\"  \"I'm so bad, it's a crime\"  ", "artist": "Anthrax", "genre": "Thrash Metal", "album": "I'm The Man", "year": 1987, "source": "Darklyrics"},
{"name": "2. I'm The Man (Def uncensored radio version)", "lyrics": " ", "artist": "Anthrax", "genre": "Thrash Metal", "album": "I'm The Man", "year": 1987, "source": "Darklyrics"},
{"name": "3. Sabbath Bloody Sabbath", "lyrics": "  You've seen life through distorted eyes You know you had to learn The execution of your mind You really had to turn The race is run the book is read The end begins to show The truth is out, the lies are old But you don't want to know  Nobody will ever let you know When you ask the reasons why They just tell you that you're on your own Fill your head all full of lies  The people who have crippled you You want to see them burn The gates of life have closed on you And now there's just no return You're wishing that the hands of doom Could take your mind away And you don't care if you don't see again The light of day  Nobody will ever let you know When you ask the reasons why They just tell you that you're on your own Fill your head all full of lies  Where can you run to What more can you do No more tomorrow Life is killing you Dreams turn to nightmares Heaven turns to hell Burned out confusion Nothing more to tell  Everything around you What's it coming to God knows as sure as God knows God blessed all of you Sabbath Bloody Sabbath Nothing more to do Living just for dying Dying just for you  ", "artist": "Anthrax", "genre": "Thrash Metal", "album": "I'm The Man", "year": 1987, "source": "Darklyrics"},
{"name": "4. I'm The Man (Extremely Def I'll uncensored version)", "lyrics": " ", "artist": "Anthrax", "genre": "Thrash Metal", "album": "I'm The Man", "year": 1987, "source": "Darklyrics"},
{"name": "5. Caught In A Mosh (live)", "lyrics": "Why don't you listen to me when I try talk to you Stop thinking of yourself, for just a second fool Shut up, shut up, I don't wanna hear your mouth Your mother made a monster, now get the hell out of my house  Can't stand it for another day I ain't gonna live my life this way Cold sweat, my fists are clenching Stomp, stomp, stomp, the idiot convention Which one of these words don't your understand? Talking to you, is like clapping with one hand  What is it? - Caught in a mosh  Don't tell me how to do my job There's the door, your name's on the knob You're always in the way, like a beast on my back Were you dropped as a baby, cause brains you lack  What is it? - Caught in a mosh  Think - before you speak Or suffer, for your words Learn, to give respect That others, give to you The best you can do  Hey Man, I'm trying to reason but you don't understand Talking in circles, we'll never get it straight Just you and me in our theatre of hate  ", "artist": "Anthrax", "genre": "Thrash Metal", "album": "I'm The Man", "year": 1987, "source": "Darklyrics"},
{"name": "6. I Am The Law (live)", "lyrics": "Fifteen years in the academy He was like no cadet they'd ever seen A man so hard, his veins bleed ice And when he speaks he never says it twice They call him Judge, his last name is Dredd So break the law, and you may wind up dead Truth and justice are what he's fighting for Judge Dredd the man, he is the law Drokk It  With his gun and bike he rules the streets And every perp he meets will taste defeat Not even Death can overcome his might Cause Dredd and Anderson, they won the fight When the Sov's started the Apocalypse war And Mega-City was bombed to the floor Dredd resisted, and the judges fought back And crushed the Sov's with their counter-attack Drokk It  Respect the badge - he earned it with his blood Fear the gun - your sentence may be death because...  And you won't fuck around no more - I Am The Law I judge the rich, I judge the poor - I Am The Law Commit a crime I'll lock the door - I Am The Law Because in Mega-City...  In the cursed earth where mutants dwell There is no law, it's just a living hell Anarchy and chaos as the blood runs red But this would change if it was up to Dredd The book of law is the bible to him And any crime committed is a sin He keeps the peace with his law-giver Judge, jury, and executioner Drokk It  Crime - the ultimate sin Your Iso-Cube is waiting when he brings you in Law - it's what he stands for Crime's his only enemy and he's going to war     ", "artist": "Anthrax", "genre": "Thrash Metal", "album": "I'm The Man", "year": 1987, "source": "Darklyrics"}
]