[
{"name": "1. Among The Living", "lyrics": "Disease! Disease! Spreading the disease. With some help from Captain Trips, he'll bring the world down to his knees. Power, yes Power! He'll show them all his power. It pulses through his ice cold blood, a whole world to devour!  He's seeing, he's calling, his legacy he's spawning. He's coming, corrupting, among the living!  Murder! Murder! Commit cold blooded murder! Like Nazis during World War Two, they only follow orders. Hatred! Hatred! A crucifix is your bed, Once he turns his eye on you, you'll be better off dead!  I'm the walkin' dude, I can see all the world! Twist your minds with fear, I'm the man with the power. Among the living, follow me or die!  Man, fights Man! Divided they can't stand! United, they can battle back, and make him force his hand! Fear, yes fear! His end is growing near, He didn't count on Man's good faith, and their will to persevere.  Follow me or die!  FIRE! HOT FIRE!! Purge the world with fire!! Damnation is the price he'll pay, for an evil man's desire! Good, versus evil! The stand to vanquish evil! Man can only live one way, that place right in the middle.  Follow me or die!  Among Among Among Among Among Among Among Among Among Among Among Among  ", "artist": "Anthrax", "genre": "Thrash Metal", "album": "Alive 2", "year": 2005, "source": "Darklyrics"},
{"name": "2. Caught In A Mosh", "lyrics": "Why don't you listen to me when I try to talk to you Stop thinking of yourself, for just a second fool Shut up, shut up, I don't wanna hear your mouth Your mother made a monster, now get the hell out of my house  Can't stand it for another day I ain't gonna live my life this way Cold sweat, my fists are clenching Stomp, stomp, stomp the idiot convention  Which one of these words don't you understand I'm Caught in a Mosh! Talking to you is like clapping with one hand  What is it? -- Caught in a Mosh! What is it? -- Caught in a Mosh! What is it? -- Caught in a Mosh! What is it? -- Caught in a Mosh!  Don't tell me how to do my job There's the door, your name's on the knob You're always in the way, like a beast on my back Were you dropped as a baby, cause brains you lack  Can't stand it for another day I ain't gonna live my life this way Cold sweat, my fists are clenching Stomp, stomp, stomp, the idiot convention Which one of these words don't you understand? I'm Caught in a Mosh Talking to you, is like clapping with one hand  What is it? -- Caught in a Mosh! What is it? -- Caught in a Mosh! What is it? -- Caught in a Mosh! What is it? -- Caught in a Mosh!  Think-before you speak Or suffer for your words Learn, to give respect That others, give to you Ah, The best you can do  Hey Man! I'm trying to reason but you don't understand Talking in circles, we'll never get it straight Just you and me in our theatre of hate Can't stand it for another day I ain't gonna live my life this way Cold sweat, my fists are clenching Stomp, stomp, stomp, the idiot convention Which one of these words don't you understand? I'm Caught in a Mosh! Talking to you is like talking with one hand  What is it? -- Caught in a Mosh! What is it? -- Caught in a Mosh! What is it? -- Caught in a Mosh! What is it? -- Caught in a Mosh!  ", "artist": "Anthrax", "genre": "Thrash Metal", "album": "Alive 2", "year": 2005, "source": "Darklyrics"},
{"name": "3. I Am The Law", "lyrics": "Fifteen years in the academy He was like no cadet they'd ever seen A man so hard, his veins bleed ice And when he speaks he never says it twice They call him Judge, his last name is Dredd So break the law, and you wind up dead Truth and justice are what he's fighting for Judge Dredd the man, he is the law DROKK IT!  With gun and bike he rules the streets And every perp he meets will taste defeat Not even Death can overcome his might Cause Dredd and Anderson, they won the fight When the Sov's started the Apocalypse war Mega-City was bombed to the floor Dredd resisted, and the judges fought back Crushed the Sov's with their counter-attack DROKK IT!  Respect the badge - he earned it with his blood Fear the gun - your sentence may be death because...   I AM THE LAW! And you won't fuck around no more - I AM THE LAW I judge the rich, I judge the poor - I AM THE LAW Commit a crime I'll lock the door - I AM THE LAW Because in Mega-City... I AM THE LAW  In the cursed earth where mutants dwell There is no law, just a living hell Anarchy and chaos as the blood runs red But this would change if it was up to Dredd The book of law is the bible to him And any crime committed is a sin He keeps the peace with his law-giver Judge, jury, and executioner DROKK IT!  CRIME - The ultimate sin Your iso-cube is waiting when he brings you in LAW - It's what he stands for Crime's his only enemy and he's going to war  CRIME - The ultimate sin Your ISO-cube is waiting when he brings you in LAW - It's what he stands for Crime's his only enemy and he's going to war  ", "artist": "Anthrax", "genre": "Thrash Metal", "album": "Alive 2", "year": 2005, "source": "Darklyrics"},
{"name": "4. A.I.R.", "lyrics": "Young and free, something you'll never be A childhood's end, it's lunacy Pure dictation, they don't listen And you're just waiting for what you're missing  Welcome to your nightmare you just can't walk away It's time for you, to choose, your fate You just can't let it lay Welcome to your nightmare Your whole life's on the way, Today  You're no good, misunderstood, A.I.R. All their hopes and visions, of what they want you to be Crucial times, made up minds, A.I.R. So high and mighty, though much too blind to see  Who are you gonna live your life for? Conformity will trap you like a locked door Independence means owning your decisions Authority will put your soul in prison  Fight, or go insane, there's no one else to blame Stop, their influence, you can't give them a chance Break, right through the wall, that separates us all Start, your second life, without their hands in sight  You got your pride, you got your visions Don't subside, don't ever give in Don't compromise just keep on grinning The games they play you just keep on winning Keep on winning Keep on winning Keep on winning A.I.R.  ", "artist": "Anthrax", "genre": "Thrash Metal", "album": "Alive 2", "year": 2005, "source": "Darklyrics"},
{"name": "5. N.F.L.", "lyrics": "It started back in high school So cool, king of the scene You found that making people laugh Was more than just a dream The public took right to you Like flies to a pile of shit So funny and smart, so talented But success just couldn't fit  Wasting your life no future bright Dancing on your grave Living like a slave, someone should've said...  NFL, Efilnikufesin NFL NFL, Efilnikufesin NFL  Wake up dead in a plywood bed Six feet from the rest of your life And when you couldn't see your own dependency NFL, NICE FUCKIN' LIFE  The whole world is your playground Yet you can't find your niche Your only friends, it helps you through Helps you dig your daily ditch The bottom line can't touch you Cause you're above the rest But your little friend's the enemy And the bottom line is death  You lived a life of excess GODDAMN shame it's such a waste Just one too many cookies From the batch no one should taste Yet his memory stills stays with us Cause watching him was fun Too bad things weren't different Who knows what he'd have done  ", "artist": "Anthrax", "genre": "Thrash Metal", "album": "Alive 2", "year": 2005, "source": "Darklyrics"},
{"name": "6. Deathrider", "lyrics": "Riding hard, high in the saddle Winged steed of unwearing flight Sweeping through air just like fire Swift of the foot, great of might  Hear the screams Feel the bite We ride with death Tonight  Here it comes You better hide Shoot the guns You're gonna die  Conquering all, spreading terror Hoofs gallop in thunderous pound Devouring the souls of the wretched Trampling them down to the ground  Gripping the reins of destruction Made of steel on his hands Holder of forces immortal Slaughtering all in his path  ", "artist": "Anthrax", "genre": "Thrash Metal", "album": "Alive 2", "year": 2005, "source": "Darklyrics"},
{"name": "7. Medusa", "lyrics": "Endless curse, blood runs cold Evil stare, will turn your flesh to stone Land of doom, world of sin All subside, don't venture near The island where she lives Oh, she'll suck you in  Destroyer of life, Demon Oh I'm ready to strike, Gorgon  Serpents bride, the end awaits Human prey, no swords or armor Shield you from your fate Hey you, you can't escape Wicked smile, full of lies Head of snakes, approach her cave But don't look in her eyes Oh, her eyes  Seize, appease, deceive, die  Medusa, she's staring at you Medusa, with her eyes  Evil witch, cast her spell, seducing you She'll take you to the very depths of hell cannot move, no eyes to see, a statue now For all eternity Medusa laughs at you And you're her slave  Medusa, she's staring at you Medusa, with her eyes Medusa, oh she's cold  ", "artist": "Anthrax", "genre": "Thrash Metal", "album": "Alive 2", "year": 2005, "source": "Darklyrics"},
{"name": "8. In My World", "lyrics": "They're Gonna Put Me in Jail? Man, I'm Already in Jail Don't They Know That My Life Is Just One Big Cell I'll Bite the Hand That Feeds Me And I Could Give a Damn If That Hand Needs Me Why Can't You Live Me Alone? A Lie May Fool Someone Else But it Tells You the Truth You're Weak, Just Another Clone I Just Want My Life To Do Whatever I like Yeah, It's a Selfish Need To Have No Responsibility So I'll Say What I'm Gonna Say 'Cause I'm Going to Hell Anyway I'd Rather Be Alone In My World I'm Not Afraid I Am Not Afraid Nothing Touches Me I'm a Walking Razor Blade Face the Face of Fear Face the Face of Death Laugh When Others Tear Hate When Others Laugh In My World It's So Cold My Defense Is like Stone No One Gets Inside, 'Cause In My World I'm Home In My World I Loathe And You'll Always Pay a Toll No One Gets Inside, 'Cause In My World I'm Home An Adult at Thirteen My Childhood Was a Dream A Full Clout Nightmare, a Sight Unseen My Greatest Fear as a Kid One Which I Always Kept Hid Was to Come Home from School And Find My Mother Dead I Just Want My Life To Do Whatever I like Yeah It's a Selfish Need To Have No Responsibility So I'll Say What I'm Gonna Say 'Cause I'm Going to Hell Anyway I'd Rather Be Alone In My World I'm Not Afraid I Am Not Afraid Nothing Touches Me I'm a Walking Razor Blade Face the Face of Fear Face the Face of Death Laugh When Others Tear Hate When Others Laugh In My World It's So Cold My Defense Is like Stone No One Gets Inside, 'Cause In My World I'm Home In My World I Loathe And You'll Always Pay a Toll No One Gets Inside, 'Cause In My World I'm Home Home!!! I'm Not Afraid I Am Not Afraid Nothing Touches Me I'm a Walking Razor Blade Face the Face of Fear Face the Face of Death Laugh When Others Tear Hate When Others Laugh I Am Not Afraid I Am Not Afraid I Am Not Afraid  ", "artist": "Anthrax", "genre": "Thrash Metal", "album": "Alive 2", "year": 2005, "source": "Darklyrics"},
{"name": "9. Indians", "lyrics": "We all see black and white When it comes to someone else's fight No one ever gets involved Apathy can never solve  FORCED OUT-Brave and Mighty STOLEN LAND-They can't fight it HOLD ON-To pride and tradition Even though they know how much their lives are really missin' WE'RE DISSIN THEM...  On reservations A hopeless situation Respect is something that you earn Our Indian brothers' getting burned Original American Turned into second class citizen  Cry for the Indians Die for the Indians Cry for the Indians Cry, Cry, Cry for the Indians  Love the land and fellow man Peace is what we strive to have Some folks have none of this Hatred and Prejudice  WARDANCE!!!  TERRITORY, It's just the body of the nation The people that inhabit it make its configuration PREJUDICE, Something we all can do without 'cause a flag of many colors is what this land is all about!!!!  ", "artist": "Anthrax", "genre": "Thrash Metal", "album": "Alive 2", "year": 2005, "source": "Darklyrics"},
{"name": "10. Time", "lyrics": "I Got So Much Trouble on My Mind Paranoia Time I'm Running out of Life Clockwise and the Seconds Tick Way Each Line That Cuts My Face Cut as Each Hand Moves into Place Paranoiaamped and Wired Bile Black the Thoughts That Run My Head There's So Much to Be Said They're So Much Living Dead Walking Corpses Shambling Through Life With Nothing in Their Sight Dance on Their Bones, Step in and Fight Paranoia Amped and Wired Life and Death Are Fighting for My Time I Can't Seem to Find the Time I Want What's Mine Time Through the Clock Just Keeps Talking It Just Walks Any Damn Place It Feels like Walkin' My Mind Keeps Thinking Clockwise as the Seconds Tick Way I Make My Move Today Time and Lifelife and Time To Have and Holdand Sometimes Find It Isn't Mine, it Isn't Yours Man to Man I'll Fight You for...time and Life Life and Time One Day I'll Get What's Mine Through the Persistence of Time Life and Death as Words They Don't Mean shit It's What You Do with Them And How You Live with it Raging like a Bull Inside a Cage Just Give Me a Stage Where this Bull Can Rage Paranoia Amped and Wired Life and Death Are Fighting for My Time I Can't Seem to Find the Time I Want What's Mine Time Through the Clock Just Keeps Talking It Just Walks Any Damn Place It Feels like Walkin' My Mind Keeps Thinking Clockwise as the Seconds Tick Away I Make My Move Today Time and Life Life and Time To Have and Hold And Sometimes Find It Isn't Mine, it Isn't Yours Man to Man I'll Fight You for... Time and Life Life and Time One Day I'll Get What's Mine Through the Persistence of Time Paranoia's Lost its Hold on Paranoia's Lost its Hold on Paranoia's Lost its Hold on Paranoia's Got No Hold on Me Time Don't Have Nothing To Do with How High You Can Time Don't Got Nothing To Do with How High You Can Count Time and Life Life and Time To Have and Hold And Sometimes Find It Isn't Mine, it Isn't Yours Man to Man I'll Fight You for Time and Life Life and Time One Day I'll Get What's Mine Through the Persistence of Time  ", "artist": "Anthrax", "genre": "Thrash Metal", "album": "Alive 2", "year": 2005, "source": "Darklyrics"},
{"name": "11. Be All, End All", "lyrics": "Yes, no, yes, no Not, another word You'll know what to do Right! In your face they see it In their face you... Take it Make up their minds Aggression turns the screws Fight! Take your piece and hold it Make your piece and... Stand up, you know what it means Wake up, time to live your dreams  Down by, Law and they can't hold you Dictate and control you Hold onto your ideas Down by, Law and no one owns you And all the shit they've thrown you Pay back is a real bitch  Nothing's ever easy when you do it yourself All you can do is try Life's not unfair, life's just life Death not suicide  Be all, and you'll be the end all Life can be a real ball State of mind Euphoria  Think, On your feet, and stay one step ahead Break Take your brain and use it Take their mind and... Change, An attitude, like you'd change your shorts Right! In your face they see it In their face you... Stand up, you know what it means Wake up, time to live your dreams  Down by, Law and they can't hold you Dictate and control you Hold onto your ideas  Down by, Law and no one owns you And all the shit they've thrown you Pay back is a real bitch  Nothing's ever easy when you do it yourself All you can do is try Life's not unfair, life's just life Death not suicide  Be all, and you'll be the end all Life can be a real ball State of mind Euphoria  Always taking, always faking Ignorance is so frustrating Always taking, always faking Ignorance is, No way, no way, no way, no way out!  ", "artist": "Anthrax", "genre": "Thrash Metal", "album": "Alive 2", "year": 2005, "source": "Darklyrics"},
{"name": "12. Antisocial", "lyrics": "You're a train ride to no importance You're in love with hell existence Money is all that you desire Why don't you pack it in and retire It's common nature you can't fool me I'm just the money that you can't let free Rainy day genius clouds your mind Don't you realize the blind lead the blind  You're anti, you're antisocial  Oh mister time will you ever unwind Or just rebuild a new design Your claim to fame is law and order The rich get rich, the poor get poor You put a price tag on what you see This one's for you, that's for me If that's winning I'd rather lose Why don't you listen to my senseless views  You're anti, you're antisocial How do you feel?  You're a train ride to no importance You're in love with hell existence Money is all that you desire Why don't you pack it in and retire It's common nature you can't fool me I'm just the money that you can't let free Rainy day genius clouds your mind Don't you realize the blind lead the blind  You're anti, you're antisocial     ", "artist": "Anthrax", "genre": "Thrash Metal", "album": "Alive 2", "year": 2005, "source": "Darklyrics"}
]