[
{"name": "1. Revolution Begins", "lyrics": "Since the day that you were born the wheels are in motion Turning ever faster - Play your part in the big machine The stage is set, the road is chosen You fate preordained We are watching you - every step of the way  Never too late to stand your ground - Revolution begins In you - In me - Revolution!  Once lost - Lost in their game Mental chains breaking now Set yourself free Who are they to tell you what to do? The stage is not set, the road is not chosen Your fate not preordained They are losing control - every step of the way  This is revolution!  ", "artist": "Arch enemy", "genre": "Death Metal", "album": "Revolution Begins", "year": 2007, "source": "Darklyrics"},
{"name": "2. Blood On Your Hands", "lyrics": "You were born your brother's keeper Why can I see blood on your hands? You became your brother's slayer Embrace again in death  At the end of all this hatred lies even deeper hate Their darkness has defeated you - Your lifetime running backwards   Remember - Sins of our fathers A requiem - for the countless dead Blood is on your hands - the wages of sin  Future's eyes closing now Soul eclipse taking place Laments rise - tears of the dead From the other side of the grave  You were born your brother's keeper Why can I see blood on your hands? Their darkness has defeated you Your lifetime running backwards  ", "artist": "Arch enemy", "genre": "Death Metal", "album": "Revolution Begins", "year": 2007, "source": "Darklyrics"},
{"name": "3. Walk In The Shadows", "lyrics": "  What? You say you're through with me I'm not through with you We've had what others might call love You say it's over now, What's done, what's through? You can't stay away, you need me I need you  When the fire starts the pain's too much For your mind You need attention, what's good is only mine I can cure the hunger that burns in your heart Just come to me I'll take you home We'll walk in the shadows By day we'll live in a dream We'll walk in the shadows  You say you don't feel safe alone tonight Cause you feel the pressure building in your head Our secret's safe for one more night But when the morning comes remember I'll be with you  We'll walk in the shadows By day we'll live in a dream We'll walk in the shadows One day you'll be with me If only you believe...  ", "artist": "Arch enemy", "genre": "Death Metal", "album": "Revolution Begins", "year": 2007, "source": "Darklyrics"},
{"name": "4. I Am Legend / Out For Blood (Live)", "lyrics": "I am after you A shadow on the hunt Don't turn around I am around right behind you  I will get to you And take you down Tear your insides out Crush your soul  I am out for blood Out for your blood  I am harder than steel Break your will Waiting all my life To kill  I will get to you And take you down Tear your insides out Crush your soul  I am out for blood Out for your blood  I can smell your flesh I can taste your sweat I can sense your fear I am right here     ", "artist": "Arch enemy", "genre": "Death Metal", "album": "Revolution Begins", "year": 2007, "source": "Darklyrics"}
]