[
{"name": "1. Enemy Within", "lyrics": "   Dark thoughts rise up Deep in your mind The killing of hope The end has begun  The locked psycho-door breaks down The beast breathes freedom and fire Blows bloody thoughts into your mind Demons whisper: \"COMMIT SUICIDE!\"  Weak is your body, Helpless your soul, The beast destroyed your will Left nothing but an empty shell  Self-destruction leads its way Your weapons turn against yourself Cutting through, killing you A downward spiral, the shadowbeast has won  The shadowbeast calls A vulture of life Your worst enemy dwells From within     ", "artist": "Arch enemy", "genre": "Death Metal", "album": "Wages Of Sin", "year": 2001, "source": "Darklyrics"},
{"name": "2. Burning Angel", "lyrics": "   Dark shadows from above Ravens fly, obliterate the sun \"It's a sign of the devil. He will come for his servant tonight\" These are dark times Suspicious minds breed like rats Guardians of corrupt morality Spread their filthy lies  Am I to burn I have not sinned! Burnt at the stake. Innocent blood that can never be washed clean  The flames of ignorance Grow higher and higher Licking my flesh - burning my soul The raven laughing in the moon  These are dark times Suspicious minds breed like rats. Guardians of corrupt morality Spread their filthy lies again...     ", "artist": "Arch enemy", "genre": "Death Metal", "album": "Wages Of Sin", "year": 2001, "source": "Darklyrics"},
{"name": "3. Heart Of Darkness", "lyrics": "   You can't kill me. I am living inside you. I am a part of your existence Twisted thoughts in a twisted mind Provoking you  Black is my heart - dark is my soul My hatred I can not control Evil seed growing stronger Your freewill... Dying!  Inside you - heart of darkness A part of you - heart of darkness  To deny me, is to deny yourself. The illusion is dissolved You are no longer in control The facade crumbles - the transition is complete  ...The transition is complete  I come to you in the night I am your dark subconscience I keep you awake, knowing I am the heart of darkness     ", "artist": "Arch enemy", "genre": "Death Metal", "album": "Wages Of Sin", "year": 2001, "source": "Darklyrics"},
{"name": "4. Ravenous", "lyrics": "   I am hunting for your soul It dwells within your heart I lacerate the pounding flesh Your spirits shall be mine    So rise my spirit rise! Revel in this dead mans' body Grip his soul, sip the blood Life is death A holy carnage    Ravenous I will be your god Carnivorous Jesus I need your flesh  Ritual slaughter Fill up the chalice With the essence of your life Liquid strengths Trapped in your veins I crave your blood You must die!     ", "artist": "Arch enemy", "genre": "Death Metal", "album": "Wages Of Sin", "year": 2001, "source": "Darklyrics"},
{"name": "5. Savage Messiah", "lyrics": "   Meet your maker Rising from the ashes Like a phoenix to the sky So intense, so glorious...  Uncontrollable desire For our souls The great lawgiver So high and mighty  The immaculate deception A taker of life With unbridled aggression Striking down on the disbelievers  Savage - Messiah Take us higher Savage - Messiah Take us now!  Blessed in blood We are reborn in hate Thousands of spirits cry So intense, so glorious...  Uncontrollable desire For our souls The great Messiah So high and mighty  ", "artist": "Arch enemy", "genre": "Death Metal", "album": "Wages Of Sin", "year": 2001, "source": "Darklyrics"},
{"name": "6. Dead Bury Their Dead", "lyrics": "I leave the anguish behind Scars are healing - I am set free The chains of guilt are in the past They no longer have a hold on me  Dead bury their dead    I walk through Elysian Fields The light is shining on me  Time marches on...      ", "artist": "Arch enemy", "genre": "Death Metal", "album": "Wages Of Sin", "year": 2001, "source": "Darklyrics"},
{"name": "7. Web Of Lies", "lyrics": "   Weaving a web - of lies and deceit It's a dangerous game - we play  All this time - the pain eating us away All this time - the memories refuse to fade A rotting shell of dying trust We share this hell at any cost  Phases and stages Circles and cycles And empty charade This pointless masquerade  A dangerous game A dangerous game - we play  Web of lies I can see it in your eyes Web of lies You can see it in my eyes  It will never be the same We have gone too far this time Our temple of false dreams Comes crashing down... A rotting shell of dying trust We shared this hell at any cost     ", "artist": "Arch enemy", "genre": "Death Metal", "album": "Wages Of Sin", "year": 2001, "source": "Darklyrics"},
{"name": "8. The First Deadly Sin", "lyrics": "   Step inside the circle of fire Flames of desire enlighten the night Follow your instinct Burn and writhe in ecstasy  Love will turn to hate Heat will turn to ice There is nothing in between The first deadly sin  Ancient taboo takes control The demon eve possesses your soul Riding high above the flames You will step into hell    Dwell in passionate evil Forbidden fruits of lust Embrace and kiss the face of death It's your first deadly sin  ", "artist": "Arch enemy", "genre": "Death Metal", "album": "Wages Of Sin", "year": 2001, "source": "Darklyrics"},
{"name": "9. Behind The Smile", "lyrics": "   Sands of time Running through my fingers My life slipping away And I feel nothing Swallow the tears  Eat the pain - It's worth the degradation - Eat the pain  Behind the smile / I feel nothing I reach out to touch, but I'm not really there  This reflection in the mirror Can't reality be me I see no connection With who I wanted to be Drink another glass Swallow these pills  At the end of the rainbow You take the bitter The bitter with the sweet  When love dies The angels cry Here I am Alone... Alone in a crowd    ", "artist": "Arch enemy", "genre": "Death Metal", "album": "Wages Of Sin", "year": 2001, "source": "Darklyrics"},
{"name": "10. Snow Bound", "lyrics": "       ", "artist": "Arch enemy", "genre": "Death Metal", "album": "Wages Of Sin", "year": 2001, "source": "Darklyrics"},
{"name": "11. Shadows And Dust", "lyrics": "     At the mercy of our conscience Confined within our fate Never really questioned why We are refugees in a dying world  To become a part of the end  Are we the ones, the ones to blame? We are mortals of shadows and dust    The sun sets on our sinking ship of fools On our journey into oblivion We ask ourselves again and again Now will we be remembered    Shadows... And dust...  ", "artist": "Arch enemy", "genre": "Death Metal", "album": "Wages Of Sin", "year": 2001, "source": "Darklyrics"},
{"name": "12. Lament Of A Mortal Soul", "lyrics": "I am forced to creep down the path Of my sad and senseless life Darkness surrounds me At the end of the tunnel there is no light  A blackened void, nothingness  Lament of a mortal soul Who am I? Only dust in the blowing wind Am I dying?  My name dies slowly Echoes into eternal oblivion Replaced by others, castly forgotten I hate my empty existence     Lament of a mortal soul Who am I? Only dust in the blowing wind ...I am dying!  ", "artist": "Arch enemy", "genre": "Death Metal", "album": "Wages Of Sin", "year": 2001, "source": "Darklyrics"},
{"name": "13. Starbreaker", "lyrics": "  Look out, here's Starbreaker Cruisin' into town Set his mind to stealin' Every little heart around Step out on the sidewalks If you're feeling game He comes but once a lifetime Never seen again  Starbreaker Glides in from the sky Starbreaker Takes you up so high  Paradise is waiting For the chosen few Let's hope maybe this time He picks me and you Star voyage to a new world Light-year miles away Cross your fingers, here he is, Take us now this day  Starbreaker Glides in from the sky Starbreaker Takes you up so high  Starbreaker, take my hand Starbreaker, understand Starbreaker, you're the one Starbreaker, lead us on, and on  Look out, here's Starbreaker Cruisin' into town Set his mind to stealin' Every little heart around Step out on the sidewalks If you're feeling game He comes but once a lifetime Never ever seen again  Starbreaker Glides in from the sky Starbreaker Takes you up so high  ", "artist": "Arch enemy", "genre": "Death Metal", "album": "Wages Of Sin", "year": 2001, "source": "Darklyrics"},
{"name": "14. Aces High", "lyrics": "  There goes the siren that warns of the air raid Then comes the sound of the guns sending flak Out for the scramble we've got to get airborne Got to get up for the coming attack.  Jump in the cockpit and start up the engines Remove all the wheel blocks theres no time to waste Gathering speed as we head down the runway Gotta get airborne before its too late.  Running, scrambling, flying Rolling, turning, diving, going in again Run, live to fly, fly to live, do or die Run, live to fly, fly to live. aces high.  Move in to fire at the mainstream of bombers Let off a sharp burst and then turn away Roll over, spin round and come in behind them Move to their blindsides and firing again.  Bandits at 8 o'clock move in behind us Ten me-109s out of the sun Ascending and turning our spitfires to face them Heading straight for them I press down my guns  Rolling, turning, diving Rolling, turning, diving, going in again Run, live to fly, fly to live, do or die Run, live to fly, fly to live, aces high.  ", "artist": "Arch enemy", "genre": "Death Metal", "album": "Wages Of Sin", "year": 2001, "source": "Darklyrics"},
{"name": "15. Scream Of Anger", "lyrics": "  I won't live to see tomorrow There won't be another breath None of them will ever sorrow Those who sentenced me to death  I've been waiting here for ages For the hangman to appear Soon the priest will read some pages From the Bible for my fear  I see a place an evil place Comin' my way What can I do where can I run I'm gonna die anyway Things are getting clearer This is the price I have to pay  I feel like screaming out my anger There is so much left here to do When it happened I was younger And my destiny was you  I see a place an evil place...  What can I do About leaving you We were only halfway through What can I say There was no other way They wouldn't let me stay  ", "artist": "Arch enemy", "genre": "Death Metal", "album": "Wages Of Sin", "year": 2001, "source": "Darklyrics"},
{"name": "16. Diva Satanica", "lyrics": "  Divine queen of evil Sowing her seeds of hate Mistress of pain Diva Satanica - Master of temptation  Medusa... abuser... both beast and beauty Seducer... she'll use you... bring you to your knees  Blinded by her infinite beauty you are lured into the temple The smell of incense burning this carnal pleasure yearning Bride of Satan Transgress the rules of this world Too late you realize this love is ripping you apart  Medusa... abuser... both beast and beauty Seducer... she'll use you... as fodder for her dreams  Drinking the blood Eating the flesh She's getting high on you Watching you die gives her a thrill ...There is always more blood to spill...  ", "artist": "Arch enemy", "genre": "Death Metal", "album": "Wages Of Sin", "year": 2001, "source": "Darklyrics"},
{"name": "17. Fields Of Desolation '99", "lyrics": "  On the fields of desolation We are all alone Crying in each others arms In fear of the unknown Feelings of uncertainty We are all doomed To live in solitude And never ending gloom  On the fields of desolation Eternal life or termination  Why don't you cover me I need your sanctuary This sea I'm drowning in Might be where the end begins In times of grief and sadness We're searching for the light Seek for a place of safety Seek for a place to hide God turned his back on man In divine resignation Torn between two believes Eternal life or termination?  As we drown in darkness Weak and depraved On our final journey Too late to be saved We've gone through places Where the cold wind blows Is this the end of it all I don't know, I don't know      ", "artist": "Arch enemy", "genre": "Death Metal", "album": "Wages Of Sin", "year": 2001, "source": "Darklyrics"},
{"name": "18. Damnations Way", "lyrics": "  Set me free, let me out of here From these chains to which I am bound Time was always on your side While my final hours slipped away   Frustration in their minds The hatred in their eyes A new breed will now rise Damnation's way  Losing my grip on reality Outside this cage I am struck by paranoia A paradox to all life's mysteries A never ending trail to follow:  I am the sinner upon damnation's way Always deprived of hope, never to see the break of dawn My life I lived in the shadow of you The other side now greets me with open arms     ", "artist": "Arch enemy", "genre": "Death Metal", "album": "Wages Of Sin", "year": 2001, "source": "Darklyrics"},
{"name": "19. Hydra", "lyrics": "       ", "artist": "Arch enemy", "genre": "Death Metal", "album": "Wages Of Sin", "year": 2001, "source": "Darklyrics"}
]