[
{"name": "1. The Ninth Wave", "lyrics": "As dark night embraces  We are the nation I will cleanse all your thoughts We will cleanse them all Now, my children For the sake of our nation Let us carry on In glory When dark night embraces  We are the nation Be my fellowmen We will wipe them out Let there be light For the sake of our nation Precious and bright When dark night embraces my mind  A twisted plan After all Despite all burden Life has grown And though the curse is still alive  File 664 The golden age's vanished and more The ingenious knight knows it's over He no longer denies there's a real me He'll be disgraced  Burnt and sealed They may end As we will rule the world Defeat the dying old Crow Let this fire burn  Sail on till you reach the promised land We all drown in the fifth dimension The ninth wave I can feel it's coming The ninth wave  Sail on till you reach the promised land We all wait for a new tomorrow We'll bring a new age Along with the final wave The final wave We will rise  Burn them all, bring the damned There's a price to pay Burn them all, bring the damned Do as I command Our praise and triumph will grow We'll defy the Nine Delete the dying old Crow  To Muriel's fire, walk with me  Down to the Abaddon Will you walk with me to the Sheol? Good or bad we all meet the Abaddon Take a look and you see it's all the same  Imaginations Exterminate them Imaginations Exterminate them  An evil revelation A wicked thought Denied by their savior They all prayed for Salvation There are no gods So no one can save them Until They will redeem Belial They will unite them all Then many men will fall When they will heed the call So they'll be free Before the final curtain falls Belial Bring the cursed Bring the damned As we will rule the world They'll seek the dying old Crow Let this fire burn  Sail on till you reach the promised land We all drown in the fifth dimension The ninth wave I can feel it's coming The ninth wave  Sail on till you reach the promised land We all wait for a new tomorrow We'll bring a new age Reborn as aeon gods As aeon gods We'll break through  Further down you'll walk with me  Down to seal Avalon Will you walk with me to the fire? Further down we come to seal Avalon Take a look and you see it's all the same  Imaginations Determination Imaginations Determination  There is no real salvation We will wipe them out And nothing remains here As we don't need salvation We will not fade Forever we'll stay here  Screams come from the inside The king is gone, but This war is not over  Cries come from the outside Yes, void will find thee This war is not over  Burnt and sealed they may end As we will rule the world Delete the dying old Crow Let this fire burn  Sail on till you reach the promised land We all drown in the fifth dimension The ninth wave I can feel it's coming The ninth wave  Sail on till you reach the promised land We all wait for a new tomorrow We'll bring a new age Reborn as aeon gods As aeon gods We'll break through  ", "artist": "Blind guardian", "genre": "Power Metal", "album": "Beyond The Red Mirror", "year": 2015, "source": "Darklyrics"},
{"name": "2. Twilight Of The Gods", "lyrics": "How've they dared to be Such misguided creatures How've they dared to be Of such evil nature Spiral up to doors all sealed No turning back Red door to Discordia  Steal the stars Deceive the day A sign of evil They're gone with a final warning  Witness the twilight of the gods Will they ever return A storm will take us And then wipe us out There's no retreat  We're trapped in twilight While the gods will drowse Gods will drowse They'll wait and sleep Until a new dawn'll save us from the dark  The damage's done The king is gone  There is war Wherever I'll roam Gods will come and Gods will go The spinning wheel keeps turning  Now get up Lay down your ancient faith We're the chosen ones Come feel the change  A way Let me show a new way When you dare to walk with me Bow down And surrender The old gods  Black or white To me it's grey A sign of evil I hail all these non-believers  Witness the twilight of the gods Will they ever return A storm will take us And then wipe us out There's no retreat  We're trapped in twilight While the gods will drowse Gods will drowse They'll wait and sleep Until a new dawn'll save us from the dark  Deliver your gods They shall be slain I'm their fallen son Don't be afraid  A way Let me show a new way When you're going to walk with me As one We're infernal  What's going up It will come down We're here to change There's war in Discordia  Sure as death We all must fade A sign of evil Now reach for a new horizon  Witness the twilight of the gods Will they ever return A storm will take us And then wipe us out There's no retreat  We're trapped in twilight While the gods will drowse Gods will drowse They'll wait and sleep Until a new dawn'll save us from the dark  ", "artist": "Blind guardian", "genre": "Power Metal", "album": "Beyond The Red Mirror", "year": 2015, "source": "Darklyrics"},
{"name": "3. Prophecies", "lyrics": "I can see a crow On your judgement day Seems like a sermon Please come over Don't come over Please come over Here Welcome the last day of our lives  I will break the circle Walls, I'll tear them down And guilt will break the silence But there is no return No return We shall overcome  We will bring you back To a moment in time We will reveal and detect What you are Precious truth in a cage It has been captured but safe And there we'll bind it and Blind it with lies  The king will come World will come undone  He is the center of creation The prophecy It's a promise to us all  A crow, a storm Shadows will be rising soon A crow, a storm The Nine sing Once upon a dream ago We're the ones you've left alone  Now, as we speak There's a way There's a door Come find us And join us Come see it and feel it  Doors in and out You shall be falling Your mind's still trapped in twilight Now, catch a glimpse Shall I get through They've walked on To the other side But how could I know? I'm drowning Drowning Where do I belong? Drown in shadows I am the center of creation They prophecy It's a promise to us all  A crow, a storm Shadows will be rising soon A crow, a storm The Nine sing Once upon a dream ago We're the ones you've left alone  Don't blame me Don't blame me It's my lying toad The Crow and the Hare They've moved Further into the unknown  Mark my words They will be gone You'll see them playing games, my dear They've moved along Cause one day in the afterlife We'll meet again They've frowning Frowning On your judgement day They are shadows They're in the center of creation They prophecy It's a promise to us all  A crow, a storm Shadows will be rising soon A crow, a storm The Nine sing Once upon a dream ago We're the ones you've left alone  But don't be afraid There's war beyond the red door And please ignore their pleas Just break the seal Break the seal, find the red door There's a red There's a red There's a fed door Break the seal, find the red door  The eternal The infernal The eternal We shall better get him back The eternal The infernal The eternal Will we ever see the light again  ", "artist": "Blind guardian", "genre": "Power Metal", "album": "Beyond The Red Mirror", "year": 2015, "source": "Darklyrics"},
{"name": "4. At The Edge Of Time", "lyrics": "I step from door to door My mind's misguided Keep moving on and on Forevermore  Was it real what I saw in the mirror? Was it fear when the end got clearer?  Now as my time's passing by What am I waiting for?  Who'll grant me wings to fly? And will I have another try?  'Cause I would not miss my moment again Yes, I would not miss my moment my friend  No one knows the answer What could have been The edge I still fear The roads they're leading nowhere There is no end, no end Oh gods be with me Carry me along I blindness I tried to march on Mystified me Yes, it fooled me  No surrender Don't surrender I hear them calling I hear them calling Can hear them scream Don't be late when aeons pass Your memories will fade Even the purest one might fail Here and deceive The righteous soul And then their world will come undone  They burn, they bleed Till the savior will break through In between the realms they're gathered And from the edge of time Once they return They will save us all Now break through  Recall the eclipse There is none who survive Defeat, defeat, defeat There's no more You've searched for the answer The answer is creed They're real no more You cannot get over, no more  My light shall shine forever The Nine beyond the wall They're turning They're burning They now understand I soon will seal all doors Their stars won't shine here anymore Their savior won't even try He can't remember the truth My words become real And there's nothing they can do  They may follow a plan the one had Deeply sad They have chosen the wrong side And tried to resist All their visions and music No longer exist When the morrow will come It shall all be In between In between the realms In between the realms They might move on  That's when all pureness dies in vain There's no release The infernal lord has won And forevermore Yes, forevermore  They burn, they bleed Till the savior will break through In between the realms they're gathered And from the edge of time Once they return They will save us all Now break through  Will I Yes, will I fail to believe, my friend? What if it's all done in vain?  Don't afraid Will it be me they blame? See, it's a whole world That I've once condemned And I shattered it all With a thought as it seems But it all has been me As the mirror has revealed Now reveal Now redeem I will carry the storm The savior's coming home  Yes, I'll carry the grail And I'll wash away the pain  There's no release The infernal lord has won And forevermore Yes, forevermore  They burn, they bleed Till the savior will break through In between the realms they're gathered And from the edge of time Once they return They will save us all Now break through  Where do you go? Where do you go from here?  I don't look back There's more in me My hour shall come The old gods are calling Then straight ahead A door appears The tyrant must go down That's when the ancient gods return They will return  ", "artist": "Blind guardian", "genre": "Power Metal", "album": "Beyond The Red Mirror", "year": 2015, "source": "Darklyrics"},
{"name": "5. Ashes Of Eternity", "lyrics": "The Hare once betrayed me And so did the Fox and the Crow Just once defied me There's me and there's Space Where are they? Maybe dead No one knows You can't defy me  Ride all along With me There's no tomorrow Now let me through And wait for my command  Don't try to be cruel Oh, my beautiful child But how can you try to redeem the past? It's not real as it seems Now ride on your wave And get back to that place Scratch deeper and deeper And soon I will be on my own  The gods will ignore your end They'll defend the elder The lords won't salute you The saints they won't save you They'll defend their guardian The savior won't heal your soul  Caesar  No man's world It's the Ides of March Then from the ashes of eternity A new spirit will rise A new order shall take over  Now Raise the flag The war seems over And bow your head At dawn they shall be murdered  Woes, I will not complain The further you get The closer's the end, dear  But now I will try Come and see That things are not what they may seem  It's all written down The savior lies bleeding But he won't surrender The scriptures don't lie He'll e turned around No one to blame  It all goes down  The gods will ignore your end They'll defend the elder The lords won't salute you The saints they won't save you They'll defend their guardian The savior won't heal your soul  Now go and get Your holy grail And don't forget Just once you'll cross the border  Now let the saints The saints come marching in Whatever you'll do Do it fast My sweet son of decay Now let the saints The saints come marching in Transform You may pass Rearrange it Now change to betray  I won't lie While bright eyes are turning pale Your sands run low  Your light shines My last try It'll soon be over  No sign shall be given for ages and more You may enter first But from now you will be on your own  The gods will ignore your end They'll defend the elder The lords won't salute you The saints they won't save you They'll defend their guardian The savior won't heal your soul  You're getting your grail But there's no place to go Longing for a new shore Eastern winds they blow cold The saints you will bring them down The savior won't take the crown Let my spirit fly Let it fly  ", "artist": "Blind guardian", "genre": "Power Metal", "album": "Beyond The Red Mirror", "year": 2015, "source": "Darklyrics"},
{"name": "6. Distant Memories", "lyrics": " Now Storm come closer Can feel you're getting near Just stay invisible till it\u2019s over  But still they don\u2019t know They're just caught in distant memories Then these fools will fade away They may not fear the fall  They won't be anymore I hear their silent singing  We don't fear anymore We don't fear him  Now don't come closer Stand still Don't interfere Don\u2019t move or things go wrong  We're trapped in twilight Trapped in the mind of a sacrificial king And the sun won't shine here anymore I curse the Crow Dear old friend  And when the time is right for changes We will salute you And a new age may begin  But still they don't know They're just caught in distant memories Then these fools will fade away They may not fear the fall  When all the magic is gone No need to carry it along  Whatever the cost It will not be redeemed And whatever may come It will not bring relief  In the mirror They may fail to see What is real behind There it ends And there is no return They will go down They all will have to drown  Out of the dark Into the grey These fools will fade away No matter what I've come to say These fools will fade away  A storm comes closer Can feel you're getting near? Just stay invisible, you're no savior  But still they don\u2019t know They're just caught in distant memories Then these fools will fade away They may not fear the fall  I know they reach out for someone Reach out for the great unknown  But still they don't know They're just caught in distant memories Then these fools will fade away They may not fear the fall  They've thought It is time for changes We will salute you Moved on to the promised land We will salute you Now let it begin They've found a new god  ", "artist": "Blind guardian", "genre": "Power Metal", "album": "Beyond The Red Mirror", "year": 2015, "source": "Darklyrics"},
{"name": "7. The Holy Grail", "lyrics": "We, together Change the world forever What a cheerful sound Synchronize me Supervise me, mother No more fooling around  Whatever may come It shall be from the ashes He shall rise, I know  And though it hurts me Don't be surprised, dear mother Longing to see his end  Don't call it Hopelessly insane I go and grasp the grail But in a graceful way Illegally, my aim The grail will cross the border now  Don't tell me that you're innocent Don't tell me it's divinely ordained by the saints My demons, my saviors I weep for all of them Suffered in vain  My wayward son, you might disturb me Carry the flame Till dying embers will stop gleaming  There on the battlefield she sings Praise, hallelujah The Holy Grail's on its way now Magna eterna Magna eterna sings Your journey's over The Holy Grail's on its way now  Do as it's foreseen Come and meet the king There's no choice For the word it must be Real, my righteous brother Fear you soon will know  So, on the fourteenth day passover He took the firstborn sons Execute him and now act as Judas, the chosen one  So after all, in vain I've met him and found the grail Cause in a skillful way I'll change to keep alive Eternal lie, I'll be the one  Key to life, be the eclipse Voices from the river Styx Come to be the Nemesis Kiss of death Crucifix and the grail  I've traveled far on hidden pathways The Holy Grail Who would have thought that I will hold it The Holy Grail  There on the battlefield she sings Praise, hallelujah The Holy Grail's on its way now Magna eterna Magna eterna sings Your journey's over The Holy Grail's on its way now  Don't tell me that you're innocent Don't tell me that there is a chance to be free The grail's sent, my way ends I creep along with the shadows And resurrected He comes marching in There he is Good lord forgive my sins  Once I've crossed the river Styx At Sheol's gate, I know Key to the apocalypse I have sealed it with a kiss Nothing that I want to do Hades is calling Wake the witch, who'll be the brave one? Don't say what he's like Full of voices comes the ninth wave Don't say what it's like Beyond the door  There on the battlefield she sings Praise, hallelujah The Holy Grail's on its way now Magna eterna Magna eterna sings Your journey's over The Holy Grail's on its way now  Norns are howling Norns are prowling  ", "artist": "Blind guardian", "genre": "Power Metal", "album": "Beyond The Red Mirror", "year": 2015, "source": "Darklyrics"},
{"name": "8. The Throne", "lyrics": "Get him off the throne Moreover he's not in control no longer The King will come, it's over The game goes on  Someone's waiting on the other side Trying to get over  Got to be in this hour  There on the other side We know that someone keeps waiting  Don't you know your enemy? Don't you know you're damned?  Release the beast Set it free I've come to tell you once more Don't let him break this seal But let me tell you once more Peace shall come  We must serve the fire We must confess we are liars There must be something in the end  We're the curse Got to feed it We must serve the fire Determination Blame the light  For all must burn down in the end  We must serve the fire We must serve the fire  Give us shelter from the storm Give us hope Give us shelter from the storm Give us hope  Curse the wind A storm from the north Comes to divide us Will deny us To break your king  These were dark lands In a dead world Rearranged We brought it into light A union of the land and king  It's a new world It is new land But it ends here In the here and now Another failure once again  We will not believe in any word you may say We will not believe in any word you may say  Now we can see the enemy I've come to tell you once more It's me, I hold the key But let me tell you once more Peace shall come  We must serve the fire We must confess we are liars There must be something in the end  We're the curse Got to feed it We must serve the fire Determination Blame the light  For all must burn down in the end  We must serve the fire It's a curse we are all bound We must serve the fire  Curse them all They'll tear down the wall Come to divide us They'll defy us Take my throne  All I am is nothing else What you have made me Nothing more I am Your vision of another god All I know is they won't give But they will take Your sacred light away And still they come to praise the damned  Can't you see? It's your innocence they'll steal away Yes, they're coming for you They've come to deceive You are betrayed You admire these liars They'll never fool me  We will not surrender We won't take it no more We will not surrender We won't take it anymore  We'll break the seal and set 'em free I've come to tell you once more As I will now reveal But let me tell you once more Peace is gone  We must serve the fire We must confess we are liars There must be something in the end  We're the curse Got to feed it We must serve the fire Determination Blame the light  For all must burn down in the end  We must serve the fire It's a curse we are all bound We must serve the fire  We're the curse Got to feed it We must serve the fire Determination Blame the light  We must serve the fire It's a curse we are all bound We must serve the fire  Determination Blame the light Blame the night Day and night Black and white  Take a look at yourself There is nothing to fear no more There is nothing to fear no more  ", "artist": "Blind guardian", "genre": "Power Metal", "album": "Beyond The Red Mirror", "year": 2015, "source": "Darklyrics"},
{"name": "9. Sacred Mind", "lyrics": "Could not break the silence Could not move in here How can they stay so silent? All the grief and violence For all they went through For all it breaks loose  It's bursting out Fire, walk with me Fire, walk with me  The will is strong Can I show you Fear?  Don't move Don't turn Don't come too close as I Burn down this place My spirit will set it all on fire  Would you like to meet the tyrant in the twilight zone?  Get in, don't be late And breathe in my reality But first break the silence  There is more Beyond the dawn he's rising Where darkness grows He traveling in disguise Now don't look back Now you know why We set sail to new shores We will meet him  Sacred mind We build a new pleasure-dome here Xanadu My Xanadu My Xanadu  Don't look back, just enter What I call my soul asylum Where they are playing tricks Everybody If you like to see Whatever lies beyond that golden door It seems My frequency's turned weak Try to remember me Try to remember me  Then for a while We've heard the sounds of sirens You turn to stone Medusa's in your sight I tell you why Rearranged by the ages gone by You can change it  Sacred mind We build a new pleasure-dome here Xanadu My Xanadu My Xanadu  Sacred mind We build a new pleasure-dome here Xanadu My Xanadu My Xanadu  Chance or predestined end Praise, hallelujah  Never mind the end Fool the mall Fear the demon in disguise Keep your secret inside  Let's move on, it's time A thousand years gone by The pleasure-dome What will we hear And what will we see  All a lie There's no boat There's no river No shore Journey's over  Sacred mind We build a new pleasure-dome here Xanadu My Xanadu My Xanadu  ", "artist": "Blind guardian", "genre": "Power Metal", "album": "Beyond The Red Mirror", "year": 2015, "source": "Darklyrics"},
{"name": "10. Miracle Machine", "lyrics": "When they are coming Give us guidance For they are calling To erase the damned Yet, after all they praise the coming To erase the damned They will return Now let me take you to the other side Turn off the light and let it grow  They will set it on fire They come to fool us all  They are slaves to the Fire, you know  Their fire must grow They have to feed it  We must believe in something That I would call a miracle The grail will break the final seal We must believe in something A miracle, a miracle machine We just hide it secretly  No belief, no belief, no belief Give us what we need  Betrayed by the Nine I've learned to love the shadows And now they're coming home That's why I need you on the other side  And then we, we may carry another light I summon from the inside, deeper insight  They don't belong here Though they claim they're right Let it grow  Turn off the light Let reason grow  They will set it on fire They come to fool us all  They are slaves to the Fire, you know  Their fire must grow They have to feed it  We must believe in something That I would call a miracle The grail will break the final seal We must believe in something A miracle, a miracle machine We just hide it secretly  For they are coming Give us guidance  ", "artist": "Blind guardian", "genre": "Power Metal", "album": "Beyond The Red Mirror", "year": 2015, "source": "Darklyrics"},
{"name": "11. Grand Parade", "lyrics": "Let this game begin Watch, my children Watch me You've all come to die For this battle is lost Lost Losing their minds Losing their souls Hush, now hush We don't talk We don't care anymore I will seal every door We don't care anymore I summon the Nine now Confirm the alignment Can I get through? Carry on, you fools Try to break free When we fail It's lost forever When we fail It's lost forever  It's not real, no reason to be here No more fear and no more regrets Don't look back and free your mind Stay where you are till the sealing is over  Say goodbye, my friend Here's your promised end Be a part of the grand parade Along we're driven On and on, it's a grand parade We're one, we're so sorry to say It's all the same, you will see On this grand parade Damnation Now join the grand parade  Don't be upset I will seal every door Every now and then Seal every door They'll try to awake the misguided I will seal every door The voices you'll hear They will claim to be real It's not true  Now look around We will bring them down The more I'll show The less you will know The Nine will frown Now see how it grows Secretly my vision comes true  It's not real You'll hear it, you'll see it The otherworld The otherworld The otherworld appears  Now round and round We all shall lose ground Now praise, I'm the one  We will never fear We will never fear We will never fear them again  Oh and here comes the son, the son He's gone with the shadows Along with the stars  No more gods, no more lies  No more gods, no war We'll be free here, we are one Our will is strong  No more lies and no more tyrants It all becomes real when the sealing is over  Say goodbye, my friend Here's your promised end Be a part of the grand parade Along we're driven On and on, it's a grand parade We're one, we're so sorry to say It's all the same, you will see On this grand parade Damnation Now join the grand parade  There is no return It would be the end  We shall sing, we shall sing Praise the day  Void We don't fear you no more Mother void You can't enter no more  We don't need any hallows We don't fear any shadows Shadows on the wall They're not real Now, walk in, everyone  Here comes the sun  We will never fall We will never fall We will never see him again  Many We're one We're humanized The time has come  This flesh is truth This blood is real The highest cause It's all that we are longing for  There on the river Styx You'll see, my friend There on the river Styx You'll see They've fooled you to take it away  So no more myths No more bliss We are holding it in our hand And there is nothing they can do  And so this battle ends forevermore We don't fear anything Nor any other race We take control No longer we act like fools We're in control  Say goodbye, my friend Here's your promised end Be a part of the grand parade Along we're driven On and on, it's a grand parade We're one, we're so sorry to say It's all the same, you will see On this grand parade Damnation Now join the grand parade  Drown one more time While we all will say goodbye Bright, it shines bright Let us carry one the lie No more lies, all a lie One more lie  ", "artist": "Blind guardian", "genre": "Power Metal", "album": "Beyond The Red Mirror", "year": 2015, "source": "Darklyrics"},
{"name": "12. Doom", "lyrics": " How did I get here? What will I find here? I've come to meet The evil one  I understand There is no sense The curse lives on My children mourn  Truth is a beast With a sad face A demon The cruelest of all  Forever Forever  I'm wondering Who is it for? There's nothing more  There is no door No more lies  You won't enter You will see They've locked the secret place out  And day won't come again  So there's no relief When truth shall be revealed By now you know the answer So there's no relief But revenge  Abandoned, forgotten, deceived Wherever they may roam So faithful, so loyal Still no one will come You're alone  Don't call it destiny  We will remember Skies may fade And stars may wane We won't forget And your light shines bright Yes, so much brighter Shine on We will remember Until the skies will fall We won't forget We will remember We all shall follow doom  It's going down Going down And there's nothing you can do  Look into my eyes And see Your seed It may grow This is no vision  It's the curse I set upon your kin You'll be deceived  Their cries shall come true It shall be me You blame Now watch and see I'll set doom Upon you Your offspring shall bloom Wherever they may roam I'll bind them I'll split them In solitude Sorrow shall grow Unknown  We will remember Skies may fade And stars may wane We won't forget And your light shines bright Yes, so much brighter Shine on We will remember Until the skies will fall We won't forget We will remember We all shall follow doom  There is no choice There's repentance 'Cause nothing will grow here at all Redeem the oath And pay the price If you want  Here on these fields Where truth shall be revealed In doom you'll find the answers Still there's no release You shall feel  Let's face it Since everything's shown You've been through this alone The deeper the wounds So much greater the sorrows will grow There is no sense in it  We will remember Skies may fade And stars may wane We won't forget And your light shines bright Yes, so much brighter Shine on We will remember Until the skies will fall We won't forget We will remember We all shall follow doom     ", "artist": "Blind guardian", "genre": "Power Metal", "album": "Beyond The Red Mirror", "year": 2015, "source": "Darklyrics"}
]