[
{"name": "1. Trashed, Lost & Strungout", "lyrics": "Whoa yeah. Yeah!  Once a day falling on the trail walking blind trade nothing descretion in low, It's hard to wait taking yourself in honor I should know how low I can go  Before I go high I get very down, and I'll be going after it again and again  You know I can't go the other way without being trashed, lost and strungout, When together try something going back to the question what's to coming out?  Before I go high I get very down, and I'll be going after it again and again  Maybe I should've (could've) trashed my life but for that I'm gonna turn to you. And the trashed people askin' my head until I sweat Now tell me what the fuck to do!  One day I getting to the point where I ain't gonna do, Nothing but trying to beat strungout on you You let me drown way deep down below For the fleeting past to let go Until the end I raise and batter around looking at my own reflection forever I shall kiss you goodbye to kill my soul addiction  Before I go high I hit the ground, Then you know me for i get very down Up to the next you tell me \"fucking whore\" And i'll be going after it, before I go!  One day I gettin to the point where I aint gonna do, Nothing but try to be strungout on you You let me drown way deep down below For the fleeting past to let go Until the end I raise and batter around Lookin' at my own reflection Forever i shall kiss you goodbye To kill my soul addiction  ", "artist": "Children of bodom", "genre": "Death Metal", "album": "Trashed, Lost & Strungout", "year": 2004, "source": "Darklyrics"},
{"name": "2. Knuckleduster", "lyrics": "Just, say one rude thing to me And I'll make you see The real fucking bitch you\u2019ve been You, you\u2019ve never seen the ditch I oughtta show you it In the gutter I'm a kill the fucking bitch Go! So, you better step back 'Cause I ain't gonna be There while you\u2019re falling back on me When, what all I\u2019ve said is shown To you a truer form I know you\u2019re comin\u2019 here to die  And I will knock down The need to gather hope I'll take it to me Let's slow this fucker down  (Hey!) Do you ever let go? Support my drive (Please!) If I tell, knuckleduster beat you six feet under (So!) Sure to kill is what they say and I swear you\u2019ll see the day Then I will, knuckleduster beat you six feet under  And I will knock down The need to gather hope I'll take it to me You\u2019re gonna be, sealing your fate  (Hey!) Do you ever let go? Support my drive (Please!) If I tell, knuckleduster beat you six feet under (So!) Sure to kill is what they say and I swear you\u2019ll see the day Then I will, knuckleduster beat you six feet under  ", "artist": "Children of bodom", "genre": "Death Metal", "album": "Trashed, Lost & Strungout", "year": 2004, "source": "Darklyrics"},
{"name": "3. Bed Of Nails", "lyrics": "  Yeah, we're gonna fight We do it every night Baby, when you scratch You know I'm gonna bite You can make me die I can make you cry Opposites attract That's the reason why No one else could make you feel Like I do, I do, I do No one ever gets as deep inside you As I do, baby Our love is a bed of nails Love hurts good on a bed of nails I'll lay you down and when all else Fails I'll drive you like a hammer on a Bed of nails First we're gonna kiss Then we're gonna say Dirty little words Only lovers say Rockin' through the night Rollin' on the floor When they hear us screamin' They'll be breakin' down the door No one else could make you feel Like I do, I do, I do No one ever gets as deep inside You As I do, baby Our love is a bed of nails Love hurts good on a bed on nails I'll lay you down and when all else Fails I'll drive you like a hammer on a Bed of nails Bed of nails, bed of nails I'll drive you like a hammer on a Bed of nails Ow, ow, ow, ow, ow Gonna drive you like a hammer Baby, put me in your slammer, oh Yeah No one else could make you feel Like I do, I do, I do No one ever gets as deep inside you As I do, baby Our love is a bed of nails Love hurts good on a bed of nails I'll lay you down and when all else Fails I'll drive you like a hammer on a Bed of nails Bed of nails, get on my bed of Nails I'll drive you like a hammer on a Bed of nails Ow, ow, ow, ow, ow Gonna drive you like a hammer Baby, put me in your slammer, oh Yeah I'll drive you like a hammer on a Bed of nails Our love is a bed of nails Love hurts good on a bed of nails I'll lay you down and when all else Fails Gonna drive you like a hammer In the Bed of Razors we sleep together forever  ", "artist": "Children of bodom", "genre": "Death Metal", "album": "Trashed, Lost & Strungout", "year": 2004, "source": "Darklyrics"},
{"name": "4. She Is Beautiful", "lyrics": "  I never knew girls existed like you But now that I do I'd really like to get to know you  The girl's too young She don't need any better It's all coming back I can feel it The girl's too young She don't know any better It's all coming back I can feel it   She is beautiful She is beautiful She is beautiful She is beautiful The girl is beautiful  You're giving me rules and hints from all sides And when you hit my back, you rub my eyes  The girl's too young She don't need any better It's all coming back I can feel it The girl's too young She don't know any better It's all coming back I can feel it  And though I never know you I look at your face. To tell you that I love you Don't know what to say Give everything I got to the beautiful girl The only thing I live for in the whole wide world   She is beautiful She is beautiful She is beautiful She is beautiful The girl is beautiful  I ain't got nothing to lose (Nothing to lose) Going to throw it away And talk to you She looks good She looks good And it's true And it's true The girl is beautiful She is beautiful  I ain't got nothing to lose (Nothing to lose) When I'm living one time And I want you She looks good She looks good And it's true And it's true The girl is beautiful She is beautiful  She is beautiful She is beautiful Na na na na na na na na She is beautiful She is beautiful Na na na na na na na na The girl is beautiful She is beautiful She is beautiful Na na na na na na na na She is beautiful She is beautiful Na na na na na na na na  I ain't got nothing to lose (Nothing to lose) Going to throw it away And talk to you She looks good She looks good And it's true And it's true The girl is beautiful She is beautiful  I ain't got nothing to lose (Nothing to lose) And I'll never forget When I saw you She looks good She looks good And it's true And it's true The girl is beautiful She is beautiful     ", "artist": "Children of bodom", "genre": "Death Metal", "album": "Trashed, Lost & Strungout", "year": 2004, "source": "Darklyrics"}
]