[
{"name": "1. Needled 24/7", "lyrics": "Since day one I've been crass and far beyond. I couldn't laugh, I couldn't cry... Before you judge me, take a look at yourself. Condescending, outlivin' in a lie..  Despite all the pain in my heart grinding through, It ain't due that you hate what I hate what you do  Despite all the piety you've been consuming thus far, A backstabbing motherfucker to the bone is what you are  And everyday when the knife in my back starts to twinge n' turn, My eyes are catching fire and my heart starts to burn. A foot away from you is like a bit closer to heaven, Then again it's like being needled 24/7  You look down to me to see the scum of the earth to be. Fuck yeah, that's me, vile and obscene. I ain't happy about it but at least I don't judge and decree To be better than another human being.  Everyday when the knife in my back starts to twinge n' turn, My eyes are catching fire and my heart starts to burn. A foot away from you is like a bit closer to heaven, Then again it's like being needled 24/7  Despite all the piety you've been consuming thus far, Can anyone, somebody tell me what the fuck is going on?  Everyday when the knife in my back starts to twinge n' turn, My eyes are catching fire and my heart starts to burn. A foot away from you is like a bit closer to heaven, Then again it's like being needled 24/7   Death? What do you all know about death?  ", "artist": "Children of bodom", "genre": "Death Metal", "album": "Hate Crew Deathroll", "year": 2003, "source": "Darklyrics"},
{"name": "2. Sixpounder", "lyrics": "Can you say what you don't know? In darkness of the odds The wrecking voice is getting nearer Awaiting the first sixpounder  Well, let me show you battle That's from the path of hate What it takes to bring you down Like a spark resist you Go go!!!  War! I refuse to be brought down by you Praise is far away from what you do Not only are you cranking up my brain I'm ready to blow you away... 666 (...pounder)  Hey! Wanna see the darker time A time that never ends It'll be too late for you When you try to persuade me by Pain! Go! Load the sixpounder!  Can you say what you don't know? In darkness of the odds What it takes to bring you down Like a spark resist you Pounder!  War! War! I refuse to be brought down by you Praise is far away from what you do Not only are you cranking up my brain I'm ready to blow you away... 666  ", "artist": "Children of bodom", "genre": "Death Metal", "album": "Hate Crew Deathroll", "year": 2003, "source": "Darklyrics"},
{"name": "3. Chokehold (Cocked 'n' Loaded)", "lyrics": "Minefield is called the place I'm living in, Carefully watching each and every step I take. Bright white straight jacket chokes me off My eyes are tied...  I... feel the cold steel on my forehead. Like... binding pleasure of being dead.  Downward future! I descend... Counterblast! And chokehold 'til the end...  I'm flushed like the booze I hammer down, Like a piece of trash to be kicked all around. When would be a time for a better day? My cocked 'n' loaded soulmate leads the way  I...feel the cold steel on my forehead, Like... binding pleasure of being dead.  Downward future! I descend... Counterblast! And Chokehold 'til the end...  Downward future! I descend... Counterblast! And Chokehold 'til the end...  Chokehold 'til the end!  ", "artist": "Children of bodom", "genre": "Death Metal", "album": "Hate Crew Deathroll", "year": 2003, "source": "Darklyrics"},
{"name": "4. Bodom Beach Terror", "lyrics": "Let's go!  That's it, where to go? Should I tell you where I wanna go? We'll die there be motherfucking there broad away to be All wilted way, I'll show you the place where I wanna die We're gonna die in pain Don't hurt my eyes, I feel the flame  Sun's going down (...sun's going down) Moon's rising high (...moon's rising high) We'll pay you Bodom beach terror  Late night you party until it's light While pointing at the sky Wash your hands in the lake of your blood Just before you die  Bodom beach terror!  Go go! To the place where you really wanna be, wanna go From the dark away to hit lights, to hit that human light One minute shape to hit time where you gonna go I bet you're gonna hit ya to tear you down to a place you've never seen  Late night you party until it's light While pointing at the sky Wash your hands in the lake of your blood Just before you die  Bodom beach terror!   My pain is constant and sharp. And I do not hope for a better world for anyone. In fact, I want my pain to be inflicted on others.  ", "artist": "Children of bodom", "genre": "Death Metal", "album": "Hate Crew Deathroll", "year": 2003, "source": "Darklyrics"},
{"name": "5. Angels Don't Kill", "lyrics": " I want no one to escape.  I hear the footsteps crawling by, Watching myself slowly die. Sharp pain is impaling through my heart, Slowly tearing me apart.  One minute you're an angel fallen from grace, Next, the fix that I hate. Pick me up from the gutter with a gentle kiss, Then rips out my heart to show me how black it is!  No! You're no good... It feels so cold... Yet I won't turn back. I'll die alone!  I hear the footsteps walking by, Watching myself slowly die. Sharpening pain leading through my heart, Slowly tearing me apart.  When you appear as an angel Look at me now, losing my way. Could you ever kill the pain in my heart Even though they say angels don't kill?  No! You're no good... It feels so cold... Yet I won't turn back. I'm dying alone!  No! You're no good... It feels so cold... Yet I won't turn back. I'll die alone!!  ", "artist": "Children of bodom", "genre": "Death Metal", "album": "Hate Crew Deathroll", "year": 2003, "source": "Darklyrics"},
{"name": "6. Triple Corpse Hammerblow", "lyrics": "Like I said, I'm ready to go Ease my pain desire Last night I begged to god Light my heart to fire  Let me pour some taste down See my last silent pain desire Let me take a last breath Before I saw, blind my eyes  Triple corpse hammerblow Triple corpse hammerblow  Don't push me... Don't push me... Don't push me!  Let it trust my great vow Life goes away faster Let it trust the meaning Like life it was way before Move away the blow out Like it was by silent Bodom The way it feels, like it feel before How you feel, feel before!  Triple corpse hammerblow  Don't push me... Don't push me... Don't push me!  ", "artist": "Children of bodom", "genre": "Death Metal", "album": "Hate Crew Deathroll", "year": 2003, "source": "Darklyrics"},
{"name": "7. You're Better Off Dead", "lyrics": "Alright!  Hey what's the matter with you, What are you trying to do, I'm wrecking my brain I'll never get it. Did I ever hurt you in any way? If I did then hear my apology: FUCK YOU!  I'd give anything to batter you down, All the way to 6 feet under And why in earth should I stop until I see your fucking ass drop  Mind your own business and leave mine alone, Take a look at the real world for a sec. It's a hell for heroes and heaven for fools, What makes you the luckiest bastard on the earth!  In the prejudiced mind narrow yourself in, I'm the servant while you're the king.  Ohhhhhohh, 'til tomorrow is a better day to be, Ooohhohohoh, You're better off dead than fucking with me. Ohooohhoooh What if there ain't no tomorrow... Ohooohoho Well let me tell you, there wasn't one today!  Hey! If you like me to dare, So that I know why it's gone. The only one to be. But it's raining flesh and blood!!!  In the prejudiced mind narrow yourself in, I'm the servant while you're the king.  Ohhhhhohh, 'til tomorrow is a better day to be, Ooohhohohoh, You're better off dead than fucking with me. Ohooohhoooh What if there ain't no tomorrow... Ohooohoho Well let me tell you, there wasn't one today.  ", "artist": "Children of bodom", "genre": "Death Metal", "album": "Hate Crew Deathroll", "year": 2003, "source": "Darklyrics"},
{"name": "8. Lil' Bloodred Ridin' Hood", "lyrics": "Hua!  Fire of the light thy holy angel. Light before the night, dark you'd try. You try reversing the ray of fire. My enemy sets our desire.  I'll kill you!  Set aside the call of silence, In the race of so long! Take me down, and I can feel you, My lil' bloodred ridin' hood!  Ugh!  Ooow!!!  C\u00b4mon motherfuckers!  Little blood so far away. For a second did I go. It's a loss! But I'll follow you 'til the end of the world. I killed it for you. I hate you and I want it!    I'll kill you!  Oh, yayaow!  Set aside the call of silence, In the race of so long. Take me down, oh please, can I feel you? My lil' bloodred ridin' hood.    ", "artist": "Children of bodom", "genre": "Death Metal", "album": "Hate Crew Deathroll", "year": 2003, "source": "Darklyrics"},
{"name": "9. Hate Crew Deathroll", "lyrics": "Come on!  Hey! Don't tell us what you want, Cause we don't give a fuck about you and your kind. You! You better take a step back where ever the fuck you came from. No! You ain't one of us and to be tag along you're too ugly and blunt. Why?! Is it so hard to get that we don't need you, stupid cunt!  If you don't know how to resent one another, To gain the new way of power, It'll get to the point where no one gives a fuck What you may think of us or what you may not.  Stop! Are you ever gonna stop tryin' to be on the way that we wanna go? Fuck! It's pissing the fuck out of us when you don't understand the word 'no' ! Now, you're tellin' that you'll win the war that's only battled cause you're Too dumb to die. That's right! You can take your war and shove it up your ass, Then close your eyes and say goodbye.  If you don't know how to resent one another, To gain the new way of power, It'll get to the point where no one gives a fuck What you may think of us or what you may not.  We're hate crew, we stand and we won't fall... We're all for none and none for all. Fuck you! We'll fight 'til the last hit And we sure as hell ain't taking no shit!  ", "artist": "Children of bodom", "genre": "Death Metal", "album": "Hate Crew Deathroll", "year": 2003, "source": "Darklyrics"},
{"name": "10. Silent Scream", "lyrics": " Nightmare, the persecution A child's dream of death.  Torment, ill forgotten A soul that will never rest.  Guidance, it means nothing In a world of brutal time.  Electric, circus, wild, Deep in the infants mind.  Silent Scream Bury the unwanted child. Beaten and torn Sacrifice the unborn.  Shattered, another child Bearer of no name.  Restrained, insane games Suffer the children condemned.  Scattered, remnants of life, Murder a time to die.  Pain, sufferaged toyed, Life's little fragments destroyed.  Silent Scream Crucify the bastard son. Beaten and torn Sanctify lives of scorn.  Life preordained Humanity maintained. Extraction termination Pain's agonizing stain.  Embryonic death, Embedded in your brain. Suffocation, strangulation, Death is fucking you insane.  Nightmare, the persecution A child's dream of death.  Torment, ill forgotten A soul that will never rest. Innocence withdrawn in fear. Fires burning can you hear Cries in the night.     ", "artist": "Children of bodom", "genre": "Death Metal", "album": "Hate Crew Deathroll", "year": 2003, "source": "Darklyrics"}
]