[
{"name": "1. In Your Face", "lyrics": "GO!  Don't be sheltered hear the noise You are the answer their fucking poise But, oh, my god, you're so fine You seize the rogue and flesh divine  One look at me, what do you see? Another junkie like a fucking dead beat Ask your eyes, they discriminate You're soft... no time to waste  The discrimination animosity Your fault to ignore reality What you will a way to fight Get one thing all there is to die  I don't give a flying fuck motherfucker I don't give a flying fuck motherfucker I don't give a flying I don't give a flying I don't give a flying fuck  One step away from having a fit With the parting of my soul don't work with my shit Did hear I'm crazy, yes, I do So fuck the father and fuck you too  Incoming!  They want the world I don't dare you... (bring it on) It's my world you're in it It'll take you down in a minute  If you've not done you'll look Diversify your ranks But the truth... seems like A big scythe in your face  One look at me - what do you see? Another junkie and a fucking dead beat Ask your eyes they descriminate You're soft and no time to waste  The descrimination animality Your fault to ignore reality What you will a way to fight Get one thing all there is to die  I don't give a flying fuck motherfucker I don't give a flying fuck motherfucker I don't give a flying I don't give a flying I don't give a flying fuck  Incoming!  They want the world I don't dare you... bring it on It's my world you're in it It'll take you down in a minute  If you've not done you'll look Diversify your ranks But the truth... seems like A big scythe in your face  Incoming  ", "artist": "Children of bodom", "genre": "Death Metal", "album": "In Your Face", "year": 2004, "source": "Darklyrics"},
{"name": "2. Oops!... I Did It Again", "lyrics": "  Yeah yeah yeah yeah yeah yeah Oh yeah yeah yeah yeah yeah yeah  I think I did it again I made you believe we're more than just friends Oh baby It might seem like a crush But it doesn't mean that I'm serious 'Cause to lose all my senses That is just so typically me Oh baby, baby   Oops!... I did it again I played with your heart, got lost in the game Oh baby, baby Oops!... You think I'm in love That I'm sent from above I'm not that innocent  You see my problem is this I'm dreaming away Wishing that heroes, they truly exist I cry, watching the days Can't you see I'm a fool in so many ways But to lose all my senses That is just so typically me   Oops!... I did it again I played with your heart, got lost in the game Oh baby, baby Oops!... You think I'm in love That I'm sent from above I'm not that innocent    \"J\u00e4tk\u00e4t hei, m\u00e4 l\u00e4hen meneen ny ihan oikeesti\" \"Hei Ankku hei, ennen ku l\u00e4het ni kato mit\u00e4 m\u00e4 toin sulle\" \"Ei jumalauta, hyv\u00e4nn\u00e4k\u00f6nen. Siis eiks t\u00e4\u00e4 oo siis....\" \"On on, sixpack, kyll\u00e4\" \"Eih\u00e4n sun ois tarvinnu hyv\u00e4 mies, sit\u00e4 paitsi meill' on noita v\u00e4kevi\u00e4\" \"Nii nii, mut aamuks!\"      Oops!... I did it again I've played with your heart, got lost in this game, oh baby, baby Oops!... You think I'm in love, that I'm sent from above I'm not that innocent  ", "artist": "Children of bodom", "genre": "Death Metal", "album": "In Your Face", "year": 2004, "source": "Darklyrics"},
{"name": "3. In Your Face (Censored Version)", "lyrics": "Conflict, terror, hear the noise You're in the edge of a nerve-racking force Oh my god, here's a fight Never siege, never riot, must defy  When you look at me, what do you see? Another trophy like a fucking dead beat Close your eyes, take a step with me Guess what, there's no time to waste Insanity and abnormality is not what you call reality What you will, always want It was the day that you should die  I dont give a flying **** mother****** I dont give a flying **** mother****** I dont give a flying I dont give a flying I dont give a flying ****!  I'll never wait for the pain of death With a bullet in my gun don't fuck over my **** Can you hold my crazy as I go So fuck hypocrisy and fuck you too  INCOMING!   Say one, more word I double-dare you, BRING IT ON! Its my world, you're in it It'll take you down in a minute You can alter your look And diversify your rage But the truth seems like a bitchslap in your face  When you look at me, what do you see Another trophy like a fuckin dead beat Close your eyes, take a step inside? Insanity and normality is not what you call reality What you will, always want It was the day that you should die  I dont give a flying **** mother****** I dont give a flying **** mother****** I dont give a flying I dont give a flying I dont give a flying ****!  INCOMING!   Say one, more word I double-dare you, BRING IT ON! Its my world, you're in it It'll take you down in a minute You can alter your look And diversify your rage But the truth seems like a bitchslap in your face  INCOMING!     ", "artist": "Children of bodom", "genre": "Death Metal", "album": "In Your Face", "year": 2004, "source": "Darklyrics"}
]