[
{"name": "1. Infernal Death", "lyrics": "Piling the bodies Burn them in the night Skin grows black and withered Decayed smell will rise  Existence fading Into ashes Burn those bodies To Infernal death  Human coals are burning Repulsive yet so true Open graves are scattered When the work is through  Existence fading Into ashes Burn those bodies To Infernal death  ", "artist": "Death", "genre": "Death Metal", "album": "Scream Bloody Gore", "year": 1987, "source": "Darklyrics"},
{"name": "2. Zombie Ritual", "lyrics": "Revengeful corpse out to kill Smell the stench, your guts will spill Vomit for a mind, maggots for a cock With his axe the corpse will chop  Stare into his eyes Now in his spell Kiss the rotting flesh Now you're in hell  Drink from the goblet, the goblet of gore Taste the zombie's drug, now you want more Drifting from the living, joining with the dead Zombie dwelling maggots, now infest your head  Zombie ritual Zombie ritual  Ceremony now complete Chosen one is now deceased Fucking, raping zombie whores Killing, feasting no remorse  Stare into his eyes Now in his spell Kiss the rotting flesh Now you're in hell  Drink from the goblet, the goblet of gore Taste the zombie's drug, now you want more Drifting from the living, joining with the dead Zombie dwelling maggots, now infest your head  Zombie ritual Zombie ritual  Zombie ritual Zombie ritual  ", "artist": "Death", "genre": "Death Metal", "album": "Scream Bloody Gore", "year": 1987, "source": "Darklyrics"},
{"name": "3. Denial Of Life", "lyrics": "In your dreams The pain is so real Before the dead You'll have to kneel Hear your future screams See your epitaph As you scream The dead they laugh  Pain, growing stronger Life, exists no longer Welcome, to a world of pain Death and despair  Denial of life (Vile denial) Denial of life Denial of life  Created by your mind To overtake your life Sacrificial suicide End it with a knife Much too late To change your mind A bloody corpse Is left behind  Pain, growing stronger Life, exists no longer Welcome, to a world of pain Death and despair  Denial of life (Vile denial) Denial of life Denial of life  ", "artist": "Death", "genre": "Death Metal", "album": "Scream Bloody Gore", "year": 1987, "source": "Darklyrics"},
{"name": "4. Sacrificial", "lyrics": "With chainsaw in hand Your death I demand Slicing through your fat My awaited gore attack  Manipulating lies Is your way of life Riding on cheap glory Your life is getting gory  Watch you bleed to death Gasping for last breath Choking on your blood I shit onto your guts  Sacrificial cunt I despise Sacrificial cunt No more lies  Slabs of fat Lay on the ground Ram an axe Into your mound  Time to pay the gruesome price A stupid cunt we sacrifice  Watch you bleed to death Gasping for last breath Choking on your blood I shit onto your guts  Sacrificial cunt I despise Sacrificial cunt No more lies  Sacrificial cunt I despise Sacrificial cunt No more lies  ", "artist": "Death", "genre": "Death Metal", "album": "Scream Bloody Gore", "year": 1987, "source": "Darklyrics"},
{"name": "5. Mutilation", "lyrics": "Massacred, hacked to death, my revenge Slicing deep, into your flesh, the pain intense Dreams of hate, misery, fill my mind Puke in your face in disgust, it's time to die  You must die in pain You must die in pain You must die in pain You must die in pain  Mutilation Mutilation Mutilation Mutilation Mutilation Mutilation  Staring your severed head in the face I celebrate a faggot's death, human disgrace Hanging your mangled corpse for display My revenge was fulfilled upon this day  You must die in pain You must die in pain You must die in pain You must die in pain  Mutilation Mutilation Mutilation Mutilation Mutilation Mutilation  You must die in pain You must die in pain You must die in pain You must die in pain  Mutilation Mutilation Mutilation Mutilation Mutilation Mutilation  ", "artist": "Death", "genre": "Death Metal", "album": "Scream Bloody Gore", "year": 1987, "source": "Darklyrics"},
{"name": "6. Regurgitated Guts", "lyrics": "Suicidal preacher hangs himself Unfaithful servant goes straight to hell When he returns, your life will end Down from the skies maggots descend Least expecting his horrible face Your decayed guts you soon will taste Unholy feeling grows deep inside Choking on your guts you open wide  Regurgitated guts Satisfy his needs Regurgitated guts Now you're gonna bleed  Visions of death are growing clear Life as a corpse is what you fear Searching through the graves to be set free From the curse of the priest that's come to be So unaware of what's to come Your guts are his when he is done Reaching for your cross to end this pain Your life and blood he will have drained  Regurgitated guts Satisfy his needs Regurgitated guts Now you're gonna bleed  In his trance Your eyes they bleed Your guts come forth For his own need  ", "artist": "Death", "genre": "Death Metal", "album": "Scream Bloody Gore", "year": 1987, "source": "Darklyrics"},
{"name": "7. Baptized In Blood", "lyrics": "Under command a new-born child Submerged in blood, the dead they smile Growing possessed, burning inside A bloody feast for us tonight  The way of death Is growing hear just take my hand Skies grow black Unholy corpses upon their land  The dead they gather around Praising the child they found Possessed, the child shall kill The future is now revealed  Baptized in blood Destined to burn Dark is my soul Reborn they'll learn  Gather around, watch and see A new creation of misery Taking the place of the elderly dead Forbidden ways now in his head  The way of death Is growing hear just take my hand Skies grow black Unholy corpses upon their land  The dead they gather around Praising the child they found Possessed, the child shall kill The future is now revealed  Baptized in blood Destined to burn Dark is my soul Reborn they'll learn  Baptized in blood Destined to burn Dark is my soul Reborn they'll learn  ", "artist": "Death", "genre": "Death Metal", "album": "Scream Bloody Gore", "year": 1987, "source": "Darklyrics"},
{"name": "8. Torn To Pieces", "lyrics": "Out to find the truth Behind the myth of Man eating man Finding bodies tied Up to a stake You cannot understand Filled with ignorance You watch them eat your friends Ask for evidence A hook right through your tits  Torn to pieces Torn to pieces Torn to pieces Torn to pieces  Trying to escape They torture you by Cutting off your cock When you're dead They'll feast upon your flesh Your brains they'll Eat and chop  Pray if you want Pathetic rancid cunt Face reality Death your final pleasure  Torn to pieces Torn to pieces Torn to pieces Torn to pieces  Torn to pieces Torn to pieces Torn to pieces Torn to pieces  ", "artist": "Death", "genre": "Death Metal", "album": "Scream Bloody Gore", "year": 1987, "source": "Darklyrics"},
{"name": "9. Evil Dead", "lyrics": "Trapped inside a life which is not yours Spirits within causing terror, fear and darkness  Evil dead Evil dead  Voice speaks out, all will die tonight Insanity fills your mind, you hear them calling  Evil dead Evil dead  Covered in blood, all hope is lost Forever to rot, controlled by the powers of the  Evil dead Evil dead  ", "artist": "Death", "genre": "Death Metal", "album": "Scream Bloody Gore", "year": 1987, "source": "Darklyrics"},
{"name": "10. Scream Bloody Gore", "lyrics": "Decapitated head licking your cunt Sucking all the blood from your stump Intestinal guts taking their hold Leaving you dead, stiff and cold  Controlling the minds of the bloodthristy dead Unholy seizure slicing through your head Who will survive only time will tell Dripping from your mouth comes a rancid smell Lobotomised corpse shredding your flesh Leaving your body a bloody mess  Scream bloody gore Scream bloody gore  Inject the reborn terror, the blood comes spurting out Another to control, add it to your count Orders to destroy, rip and tear apart Wishing for the end, your dead is just the start  Controlling the minds of the bloodthristy dead Unholy seizure slicing through your head Who will survive only time will tell Dripping from your mouth comes a rancid smell Lobotomised corpse shredding your flesh Leaving your body a bloody mess  Scream bloody gore Scream bloody gore  Armies of the dead Hail their leader's head Hungry for the flesh While it's warm and fresh  Through the smoke who will see Who will come out alive? Now it's your turn to feel the pain Now it's your turn to die  ", "artist": "Death", "genre": "Death Metal", "album": "Scream Bloody Gore", "year": 1987, "source": "Darklyrics"},
{"name": "11. Beyond The Unholy Grave", "lyrics": " Messenger of evil Haunting your soul Laying in peace Taking my corpse  The meeting that was held Graveyard of death Trying to resist it Slow unholy breath  Beyond the unholy grave Beyond the unholy grave BEYOND THE UNHOLY GRAVE!  Screaming in silence Within mystery Inside is spilled With your brain  Demeaning it was hell Graveyard of death Trying to resist it Slow unholy breath  Beyond the unholy grave Beyond the unholy grave BEYOND THE UNHOLY GRAVE!  Beyond the unholy grave Beyond the unholy grave BEYOND THE UNHOLY GRAVE!  ", "artist": "Death", "genre": "Death Metal", "album": "Scream Bloody Gore", "year": 1987, "source": "Darklyrics"},
{"name": "12. Land Of No Return", "lyrics": "  Mangled bodies falling from the sky Grotesque mutation ripping out your eyes Now a corpses slave you'll learn to rot A life of endless gore is what you've got   Rotting till the end of time In the land of no return Here your screams remain unheard Watch your flesh decay and burn  In this land there is no night or day In pools of blood, the corpses sit and prey Unholy carcas begging for relief Existing everyday in morbid grief  Searching for your soul Nowhere to be found Wanting to return Six feet under ground   Rotting till the end of time In the land of no return Here your screams remain unheard Watch your flesh decay and burn     ", "artist": "Death", "genre": "Death Metal", "album": "Scream Bloody Gore", "year": 1987, "source": "Darklyrics"}
]