[
{"name": "1. Scars Of The Crucifix", "lyrics": "Impale the body, Scars of his flesh, Hung up to die on the crucifixion, Bleeding to breathe, Cursing at god... Why!!!!!!!  The glory resurrection; live in wounds of recollection, Who take his will unreasoned, naivete inside soul defeated? Lascivious redemption, justify thy vile absence, Propagate his aggression as you use his words as weapons.  Lies now have you lost, the worthless cause of the crucifixion. The sanctity, to hang and bleed, and in the form of a human cross. Blind by prophecy, his bible fiend, a bloody sword of his fantasy. Tried for heresy, and sacrilege, to bare the scars of the crucifix.  You walk alone with Jesus, in a world of non-believers, Humiliated savior, Is thy son of heavens failure, For ever left undone, on the cross for everyone, His words of god unheard, he is dead and not concerned.  God fatality, the life recedes on the cross of his sign, Finality, in search of peace, to beg and plead for the end that will be, The light descends, when suffering, impaled again for your blasphemous lies. Resented death, his sins confessed, accept the scars of the crucifix.  Sad in your sorrow, Withered within, Stand in the shadow of all of our sins, You are the son, Choke on his blood... Die!!!!!!  ", "artist": "Deicide", "genre": "Death Metal", "album": "Scars Of The Crucifix", "year": 2004, "source": "Darklyrics"},
{"name": "2. Mad At God", "lyrics": "Spare the bullshit of your saviors love for me, Take thy words and indulge in his misery, Finding out that you're just a lamb of rot, No one cares in this world of god forgot, His belief in us long been said and gone, in our age where there is no fear of god, I forsake you and I hate you holy one give us life just to take it when were done.  Behead you with the bible, the book of god and failing son, There is no resurrection for god has left us to Satan, Reach out in desperation receive his empty words of love, Revel in man's creation; the light of god has turned to shit.  Mad at god for the things he's done to me, for this life of regrets and his agony, In his name I do blame and wish his death, all my life has been pain and nothing else, Curse you god for the life you left me with, everyday is a fight to want to live, Cross of Christ I despise and hate the lord, mad at god for the world he has ignored.  My life is not religion, salvation or his bastard son, Annihilate the bible; remove it from this world at once, In total desecration, the house of god has been destroyed, At last the truth will triumph, free will and blasphamation.  I hate you lord, forgot I exist, resent your ways that will not be forgived, Waller in hatred I blame you for all, slashing and stabbing your Christians I maul, Mad at god revenge in my heart wanting you dead will never depart, When I was born, marked with your cross, only to suffer and deal with my loss, Dead in my thoughts prey to myself, not to show mercy for nobody else, I am for me, need not from god, my heart is stone and will never be loved.  Mad at god and mad at you, believing in something that cannot be true, Think for yourself, free from his lies, trample the cross and smash Jesus Christ.  Die!!!!!!!!!!! Mad At god!!!!! Mad At god!!!!!Mad At god!!!!!!Mad at god!!!!!!  My life is not religion, salvation or his bastard son, Annihilate the bible; remove it from this world at once, In total desecration, the house of god has been destroyed, At last the truth will triumphed, free will and blasphamation one.  ", "artist": "Deicide", "genre": "Death Metal", "album": "Scars Of The Crucifix", "year": 2004, "source": "Darklyrics"},
{"name": "3. Conquered By Sodom", "lyrics": "The silence has been broke for centuries denied, Indulgence overlooked ignored and put aside. The light of god diminished by his holy priest, Destroying innocence the church of sodomy.  Man of the cloth with no conscious of sin, Now on the run from the crucifixion, No longer trusted and never again, Conquered by Sodom your fall is our win.  At last the world can see your secrets are no more, Evading punishment behind the catholic doors. Your time has come to pass and now forever be. Revenge is on the minds of all you have besieged.  The walls of god lay ruin, by his own demand. Stricken from sanctity, and with no flock to tend, Religion slowly rotting, in it's shallow grave, Pursuing self-indulgence, holy men of faith.  Conquest of flesh has condemned you to death, Destroy the trust of the congregation. Faith insincere leaving wounds that wont mend, Conquered by Sodom, in league with Satan.  ", "artist": "Deicide", "genre": "Death Metal", "album": "Scars Of The Crucifix", "year": 2004, "source": "Darklyrics"},
{"name": "4. Fuck Your God", "lyrics": "I foresee at my end to be banished, By your god for my life and branding Never around, in the greatness of sorrow, Screw your god and his UN writ moral. Stifle god, and the idols of hatred, Out of my heart, I have always been free, One with no need all alone and satanic. Wretched and Vile, fuck your god, de face him. Who could believe in a lord that's demanding? Hard to believe when we die we vanish, In his deny and for all his creation, Fuck your god and his righteous hatred. You and your son, you are nothing but absence, Something not there that controls this planet, Only deceit do I see in your hallow If you believe you will dwell in failure. Fuck Your God, Holy mother for the whore she is, Fuck your God, bible thumper preaching threats from hymn, Fuck your god, his revival and the holy Ghost, Fuck your god; only tell us what we need to know, Fuck your god, pointing fingers and then do as me, Fuck your god, you are nothing and you'll never be, Fuck your god; it is Satan who in trusts my soul, Fuck your god, where the Christians are I will not go. Fuck your god!!!!!  Fuck his, commandments, and prophet's left stranded to die, Not in my heart or my soul as I go through this life, Good book of bullshit lay dirty with vengeance and lies, Go fuck your Jesus and get- the- fuck out my sight.  Unity over flowing with anger, It is our time to remove the savior, Christians are weak and the bible is beaten, Homage to god, in this world not needed. Fuck your god an his annals of plager, Falling apart and exposing the light, I will not live by the words of their Jesus, He did not die to protect or save me. There is just blood in his book of deceiving, Riddles and crap to his divine healing, Fail is your faith and you blame it on Satan, Christians can't see that their preys are wasted. Not a slave to religion unrendered, Falsified god and his Christ redempters. Never to be in the presence of grandeur, I am for me and forever after.  Fuck Your God, Holy mother for the whore she is, Fuck your God, bible thumper preaching threats from hymn, Fuck your god, his revival and the holy Ghost, Fuck your god; only tell us what we need to know, Fuck your god, pointing fingers and then do as me, Fuck your god, you are nothing and you'll never be, Fuck your god; it is Satan who in trusts my soul, Fuck your god, where the Christians are I will not go. Fuck your god!!!!! Fuck you!!!!  ", "artist": "Deicide", "genre": "Death Metal", "album": "Scars Of The Crucifix", "year": 2004, "source": "Darklyrics"},
{"name": "5. When Heaven Burns", "lyrics": " \"I smell smoke\"  Wonder and wait as I stare at the cross, Thinking in ways that have Christ at a loss, Kick your ass out through the lord's pearly gates, When heaven burns and engulfed into flame. Blasphemes villain, the killings begin, Murdering Christians and torturing them, Conquering churches and slaughtering lambs, Doing it all for my love of Satan... (I love you Satan, my lord) Bring death to your god; tear apart his begotten son, Christian you are dead, fucking kill every one of them, Drop down in defeat, retribution of hypocrisy, In life is unknown, after here I will own your soul. Death to god banished and burned to incite the invert, Blasphemy.... When heavens burns we inherit the earth, No more lies, churches and crosses confusing the mind,  Agony watching them burn in their righteous empire, When heaven burns I will dance in its fire!!!!!!! Drop dead hyraces, paradise has begun to bleed, Give praise to the lord, over run in the face of war, Christian wait with death, heaven burns into nothingness. Satan on his throne rejoice in returning home. End of god, when heaven burns it will fall to the earth, Watch it burn angels on fire and screaming berserk, Holy ghost, lost in confusion and puking in pain, When it burns pissing on prophets that fall to the flame.  Wonder and wait as I stare at the cross, Thinking in ways that have Christ at a loss, Kick your ass out through the lord's pearly gates, When heaven burns I will stomp on his face. Blasphemes villains, the killings begin, Murdering Christians and torturing them, Conquering churches and slaughtering lambs, Doing it all for my love of Satan.  ", "artist": "Deicide", "genre": "Death Metal", "album": "Scars Of The Crucifix", "year": 2004, "source": "Darklyrics"},
{"name": "6. Enchanted Nightmare", "lyrics": "When you're asleep where you hide from the truth, Deep in you're dreams of the mental abuse. Standing in fire of blasphemies name, imaging me killing you, Stabbing like pain, drive you insane, you have been cursed and the curse will remain. I wont forget and will haunt you to death, dance on your grave when you die.  Stifle your screams, me and my stare, over the edge into cries of despair, Eyes are upon you, I wait you expose, Then only then will my evil let go, Yours for the asking has brought you ill will, Enchanted nightmare I dream of you killed.  Curse you with evil and bad luck and death Master of black arts inside of your head Enchanted nightmare, you'll never know peace till you die, When you're asleep which I don't think you can, I am the conscious that's driving you mad, Ever forever relentless and vain, suicide thought will be I. Wanting your dead is all that I dream, for all the years that you ruined for me. In every breath I will wish on you pain, your guilt will be your demise.  Lost in the scheme, storybook dream, still empty handed I promise to the, Slowly it kills you, and without a sound, evil upon you forever and on, Consensual victim of your own free will. Enchanted nightmare my blood has been spilled. Curse you with evil and bad luck and death Master of black arts inside of your head Enchanted nightmare, you'll never know peace till you die.  ", "artist": "Deicide", "genre": "Death Metal", "album": "Scars Of The Crucifix", "year": 2004, "source": "Darklyrics"},
{"name": "7. From Darkness Come", "lyrics": "I take his name in vain and devastate; disgrace his sacred dove, Then raise my glass, to god and drink thy blood, Jesus I hate your guts. If all believed, what then? Where would this end, a world to live as one? They hail the cross, then kill, for holy cause, his faith, the name of god?  I will not coven thee, murderous history, Christians forgived themselves for their atrocities, Heaven is all they know, waiting their time to go, Damning who doesn't believe in their stagnant lord, Never will I give up, scared by his only son, All that I conjure conflict what your bible want... Always forever be, anti religiously, killing your god is my answer to everything...Die..............  From darkness I come, the face of sacrilege, From darkness come, invert the crucifix, From darkness I come with no love for Jesus, From darkness come, I will stab and beat him  Beyond belief, in god, don't prey for me, Christian stupidity I spite his word, with truth, for all to learn, worthless fragility, From birth, scheming, I search, and spread the word, Satan is on the earth. The end of god, destroyed; is all I want, kill him, from darkness come,  Get down on to my knees I wont for any thing, nor am I filled with the spirit heavens love. It makes no sense to me, holy philosophies, ravaged by years of his threats and hypocrisies. I will not follow with, into oblivion, spit on his bible and refuse to worship it, After the thrill of god, forsaken only son, death to his dominion, religion dead and gone. DIE  ", "artist": "Deicide", "genre": "Death Metal", "album": "Scars Of The Crucifix", "year": 2004, "source": "Darklyrics"},
{"name": "8. Go Now Your Lord Is Dead", "lyrics": "Holy bible, instrument of death, book of fools and ignorance Without a trace, to the other side, faith in god atlas has died. Aged and faded, Christianity, dying down in it's disease, Heaven hated, never know his love, leave you where you have begun,  Testaments to the contradiction, death to you for the souls you save, unify his masses. Sacrifice to the crucifixion; you deserved to die this way, Go now your lord is dead.  Human failure, Christians crucified, on the cross of Christ design, God's creation, rule this world with lies, and the truth will leave you blind, No more Jesus, evil axe to grind, choose the path that we desire. Christ religion, genocide is near watch your churches disappear.  Condescending ancient wisdom, solitude begot this day, The light surpassing, Without a place of worship, the sheep have been displaced, Go now your lord is dead...  ", "artist": "Deicide", "genre": "Death Metal", "album": "Scars Of The Crucifix", "year": 2004, "source": "Darklyrics"},
{"name": "9. The Pentecostal", "lyrics": "Zombie of Jesus, heavenly fascist, worse of the worse, Christian emphatic, baptized in panic, symbol rebirth, Life ever after, total disaster, sick and perverse.  Glazed eyes of emptiness stare into space, Brain washed to clean the sins you have embraced, Dancing with serpents, and chanting to god. Drinking of poison and speaking in tongues, Full of his spirit and flailing around, Warding off evil, on those who've been bound, The Pentecostal revival the suffering.  Insane with penitence, mindless fanatic, everything Satan.  Wish for the rapture, death is embellish, verse his intent, Counting thy blessings can't wait till heaven, mind fucked by god  Nothing you own it was all given up, Stripped of your dignity and who you are, Recite the bible with every word said, Repent to Jesus or we will be dead. Lost in the verses of revelations Stuck in the notion of where is the son. The Pentecostal revival the suffering.     ", "artist": "Deicide", "genre": "Death Metal", "album": "Scars Of The Crucifix", "year": 2004, "source": "Darklyrics"}
]