[
{"name": "1. To Hell With God", "lyrics": "Missions of death, spread upon earth Preach in disguise of a god and his church No compromise, believe or you die Pray unto him and to follow his lies Buy into Christ, he waits on you dead Sin for the father again and again Falter diminished, salvation enslaved To hell with god and to all that he gave  Raise our glass to blasphemy and piss upon the altar Servants of the lord above, ignore the new world order  Conquer us, unleash damnation Go from here into temptation Live in fear, for he forsakes you Lies endeared for all creation  Festering death, forsaken my soul Evil so ancient from elders of old Waging this world with its book of disgust Casting its will upon all who will trust Protests, won't leave them to be Spoiled by god and his beautiful scheme Satan, insists on his being Upon the earth and emplaced overseeing  Raise our glass to blasphemy and piss upon the altar Servants of the lord above, ignore the new world order  Conquer us, unleash damnation Go from here into temptation Live in fear and no salvation Lies endeared for all creation  To hell with god, you're damned to the edge of riddance (To hell with god), to hell with god, you don't want to be forgiven Put aside your crucifix To hell with god, him and his son, do not believe the likes of a thief  To hell with god  Missions of death, spread upon earth Preach in disguise of a god and his church No compromise, believe or you die Pray unto him and to follow his lies Buy into Christ, he waits on you dead Sin for the father again and again Falter diminished, salvation enslaved To hell with god and to all that he gave  Raise our glass to blasphemy and piss upon the altar Servants of the lord above, ignore the new world order  Conquer us, unleash damnation Go from here into temptation Live in fear and no salvation Lies endeared for all creation  To hell with god.     ", "artist": "Deicide", "genre": "Death Metal", "album": "To Hell With God", "year": 2011, "source": "Darklyrics"},
{"name": "2. Save Your", "lyrics": "Father of death and the savior of sin, losing their grip on mankind refuse to go and resistance is low, the time to say no has arrived specter of god and redeemer of souls, lost in the splendor of hate buried by priests for the act of perverse and the shadow it's brought on its faith die  save your and god, spare me their love, follow the devil wherever I want savior, defeat, thou has forsaken thee, died on the cross for a lie your god is dead, Satan arise, vengeance invoke for all of time reborn to bleed, casting the stone, heaven retreat, god is dethroned  save your and self, deal what you're dealt, death in the shadows of god and his wealth waller in agony, onto the cross, just as him you will hang till you die bleed for me, bleed for your soul, you want to bleed, bleed for us more scream out unto your god, all is achieved  fall from your cross, guilt ways you down, no one believes that you killed your own son fooling yourself, waiting on god for the sign that he wants you to die  father of death and the save your of sin, losing their grip on mankind refuse to go and resistance is low, the time to say no has arrived specter of god and redeemer of souls, lost in the splendor of hate buried by priests for the act of perverse and the shadow it's brought on its faith die  ", "artist": "Deicide", "genre": "Death Metal", "album": "To Hell With God", "year": 2011, "source": "Darklyrics"},
{"name": "3. Witness Of Death", "lyrics": "Fuck your gods conviction, stare it to the ground Kill the mother Mary, crush you under thou  go to hymn to worship him, find your way around thy kingdom not a friend, never said, once you're in the shrine of the Christ denied die, die, die witness of death  the kingdom has you in control, a slave of their incest thy throne in which they stand on thee a fable to detest untold and underneath the truth, they want us all to die  go against his vision, once you're in you're in door to door religion has you till the end Cradled in a righteous sin, defiling the light of your own belief Christ unmused, his birth refused, scoff at his claim as the son of god await with death as something blessed, leave behind a world of the unconfessed A setting sun, it will be done, god obsessed, witness of death  go to hymn to worship him, find your way around thy kingdom not a friend, never said, once you're in the shrine of the Christ denied die witness of death  ", "artist": "Deicide", "genre": "Death Metal", "album": "To Hell With God", "year": 2011, "source": "Darklyrics"},
{"name": "4. Empowered By Blasphemy", "lyrics": "Reaping dispel, commence to kill, nothing can stop what you call is god's will breathe in the ill, let upon earth, serpents of Satan from fire return  killing the lambs, rites unperformed, rivers run red with the blood of their lord pleading of prays, cling to the dead, bring back the Christ to be slaughtered again  empowered by blasphemy, raise the gates of hell end of time upon the earth, your lord of lords befell  caught up in death, back to the blade, Christians destroyed and devoured in rage born of the devil, soulless insane, spit from the fire to feast on the saved behind the light, thorn of the blessed, never to bow before god to confess heathen to some, shadowing fiend, appointed by Satan to crush his mistake  empowered by blasphemy, raise the gates of hell end of time upon the earth, your lord of lords befell  bleed this world of christian blood, revelation dead awaken from your prophecy and tear them all to shreds  turn the cheek and drink his blood, suffer in defeat fall from grace and beg before your mortal enemies  tear out your heart, I will never pray, fucked and forgave, don't believe what you say where's your god liar! he is dead liar! blasphemy liar! heaven sent liar! prey unto god, fool you to death  tear out your heart, I will never pray, fucked and forgave, don't believe what you say where's your god liar! he is dead liar! blasphemy liar! heaven sent liar! prey unto god, fool you to death  ", "artist": "Deicide", "genre": "Death Metal", "album": "To Hell With God", "year": 2011, "source": "Darklyrics"},
{"name": "5. Hang In Agony Until You're Dead", "lyrics": "For the heart of ours, bless what can't be blessed fortify the souls of those you once detest voices in control lead you to the cross is it not your wish, suffering your cause die  washed away your sins on the holy cross wagering intent on something that was lost patience at your side, give into the need no one there, you're all alone for all the world to see die  scream out in blasphemy, death and its certainty killing yourself for free, no thank you god... Satan it don't mean shit to me, watching your Jesus bleed he is a fool you'll see, nowhere to run  death to humanity, savior, the enemy brutalized, hung to bleed, beaten to die spit out the cross of plagiary, devil or deity, kill everyone  god is a god of death, so is his son that he sent twisted entitlement hatred discard, hanging in agony follow the lord to the end of eternity, savior destroyed, sacrifice for the crucifix  hang in agony until you're dead!  ", "artist": "Deicide", "genre": "Death Metal", "album": "To Hell With God", "year": 2011, "source": "Darklyrics"},
{"name": "6. Servant Of The Enemy", "lyrics": "Picture you a sight unseen, vengeance fills my head satisfy my lust for blood when I see you dead you were never what I would, something I won't sought now that you are gone for good you have been forgot  feted the lord of death, as a deity fuck you and your son of god, failure you will feast bible the book of blood; it will be denied servant of the enemy, it's your turn to die  die, die, die, die, die, die, die, die  now I lay me down to sleep, pray no one my soul to keep, if I die before I wake, I want your lord to stay away guide me not or take of me, internal torment I foresee in his name I will not know, or follow him where he shall go  die, die, die, die, die, die, die, die  in the name of god leaving us alone raining fire in my life in hopes that I'll conform all I fear is nothing new, death is something dear wait the hour that I go your image disappears  feted the lord of death, as a deity fuck you and your son of god, failure you will feast bible the book of blood; it will be denied servant of the enemy, it's your turn to die  Die .  ", "artist": "Deicide", "genre": "Death Metal", "album": "To Hell With God", "year": 2011, "source": "Darklyrics"},
{"name": "7. Conviction", "lyrics": "A day of death upon the cross of deceit impure with pleasure to bare witness to he death calling you to Christ, human sacrifice, conviction  down the unseen, your belief, absent god, don't exist go unto thou, from the dead, walk with him, he ain't there love in retreat, uncompelled, feel no pain, pray unfelt hate run in place, holy grace, contemplate, there's no god  the work of Jesus was the devil in fact his miracles were nothing more than a trap lies pinned upon the cross, crucify his false religion  Conviction\u2026 choking on the crucifix in his blood Conviction\u2026 take the bullet for the love of a son Conviction\u2026 from the cross into his kingdom you go Conviction\u2026 no more bullshit from the likes of the lord  satanic visions bring the lord to his death their own disenchantment of perversions confessed caught, harrow in disgust, revel in your lost religion  Conviction\u2026 choking on the crucifix in his blood Conviction\u2026 take the bullet for the love of a son Conviction\u2026 from the cross into his kingdom you go Conviction\u2026 no more bullshit from the likes of the lord  ", "artist": "Deicide", "genre": "Death Metal", "album": "To Hell With God", "year": 2011, "source": "Darklyrics"},
{"name": "8. Angels Of Hell", "lyrics": "Conquer god and remove his thought, crush the lord above bring upon our given right and rule what once was ours  Kill\u2026spilling the blood of their priest Back\u2026into the mouth of the beast Death\u2026bring them all down to their knees Tell\u2026no one they have to believe Die\u2026demons of evil repel Christ\u2026dragging his cross back to hell you will die  walk the realms of blasphemy, shadow in the night sacrificial son of god, darkness is the light suffrage for the sins of eve, not to understand masticate the inner peace never known by man angels of the realms of hate, predicate the plan demons of the underworld cast you to the damned wading through the agony, sanctified by god destined to the crucifix, on the temple mound  Angels rebel\u2026.god defiant Angels of hell\u2026Satan Angels rebel\u2026fuck compassion Angels of hell\u2026kill you  angels of hell  a revelation that has come to life, has got you by the balls the word of god is no longer the way, his word has been dissolved  Kill\u2026spilling the blood of their priest Back\u2026into the mouth of the beast Death\u2026bring them all down to their knees Tell\u2026no one they have to believe Die\u2026demons of evil repel Christ\u2026dragging his cross back to hell You will die.     ", "artist": "Deicide", "genre": "Death Metal", "album": "To Hell With God", "year": 2011, "source": "Darklyrics"},
{"name": "9. Into The Darkness You Go", "lyrics": "Putridness upon the earth, a waste to all mankind days are numbered, mark thy word, in time you will subside  death, down to the flames of Belial, in through the gates of denial screaming and begging for god, belong to Satan now  chained in torment, till the end of hell and heaven's reign suffering in your damnation forever and a day tribulation, destiny, the verge of your demise memories of all you've done, to haunt your afterlife hell, coming to fast to repel, into the pit of dispel leaving the body and soul, into the darkness you go  uncalled by name destroy you, and naught exist no more In life the light you followed, has left you in its horror darken thee aspirations, upon the path you seek the signs are all around you, dead is your god belief  Putridness upon the earth, a waste to all mankind days are numbered, mark thy word, in time you will subside  death, down to the flames of Belial, in through the gates of denial screaming and begging for god, belong to Satan now  ", "artist": "Deicide", "genre": "Death Metal", "album": "To Hell With God", "year": 2011, "source": "Darklyrics"},
{"name": "10. How Can You Call Yourself A God", "lyrics": "Full of shit, your fucked belief, take from me, i want your head fill my soul with agony, pains me with a painful death in your myth i hear your dread, hate you for so long unbeneath the lord above, you are just a lie lie!  never once to interfere, in the loss of human life every time you're needed here, you are neither lost nor found you are words that commandeer, making victims reappear in the wake of your descent, nothing matters when you're dead dead!  how can you call yourself a god? how can you call yourself a god? how can you call yourself a god? how can you call yourself a god?  sacred words from days of old, don't support your views on death in the list of all you gave, in exchange that we be blessed then move on and never seen, leave us in catastrophe thank you lord for what you've done, nothing but destroy your son why?  how can you call yourself a god? how can you call yourself a god? how can you call yourself a god? how can you call yourself a god?     ", "artist": "Deicide", "genre": "Death Metal", "album": "To Hell With God", "year": 2011, "source": "Darklyrics"}
]