[
{"name": "1. Satan Spawn, The Caco-Daemon", "lyrics": "Shunned from the light Born into darkness never knowing Infant enshrined Spawn of the alter, crush mankind  Never will they see you lurking in my shadow Unbenign the hands of god Nummified existence, knower of the wicked Prophesizing flesh of me Daemon call thee ancient, travel unto Satan Bring a forth the blood red sea  Evil seed, injected Daemon freed, the calling Demon Lord, master Satan spawn, the Caco-Daemon  Satan spawn, the Caco-Daemon Satan spawn, the Caco-Daemon Satan spawn, the Caco-Daemon Satan spawn, the Caco-Daemon  Pulled back through time Existence of god you're never knowing Evil unwind Exit the womb, your life is mine  Never will they see you lurking in my shadow Unbenign the hands of god Nummified existence, knower of the wicked Prophesizing flesh of me Daemon call thee ancient, travel unto Satan Bring a forth the blood red sea  Evil seed, injected Daemon freed, the calling Demon Lord, master Satan spawn, the Caco-Daemon  Satan spawn, the Caco-Daemon Satan spawn, the Caco-Daemon Satan spawn, the Caco-Daemon Satan spawn, the Caco-Daemon  ", "artist": "Deicide", "genre": "Death Metal", "album": "Legion", "year": 1992, "source": "Darklyrics"},
{"name": "2. Dead But Dreaming", "lyrics": "Out of my mind into a world between In search of the ancient artistry Lord Kur, before your sword I see The house of death is opening Hanging from their primal sleep Forbidden to be seen Spirit of the elder gods Are dead but must live on Still to life and yet they breathe Dead but dreaming.....  Lords of the world within the space between Wandering receivers of a sacrifice Lord Kur, beyond your throne you sleep Beneath the seven cities dead Encased in silent tombs Immortally exhumed Spirit of the elder gods Are dead but must live on Still to life and yet they breathe Dead but dreaming.....  As I smear my blood on thy sword Through the gates into lands I know not On the road where none have returned Come to life, Oh lords of black earth  Screaming ancient incantations Sleep unbinded by my sight Dead but dreaming, darkloads waking From the house of death set free  Sixty demons, bow before thy Ancient catatonia Elder vengeance, Lord Kur take me Darklords hear me, hung dead bleeding  ", "artist": "Deicide", "genre": "Death Metal", "album": "Legion", "year": 1992, "source": "Darklyrics"},
{"name": "3. Repent To Die", "lyrics": "Pathetic lives, every second someone dies Delightful is the sight of repention No destiny, just a certainty of death In pain inducing lies of salvation Never repent.....  Born to be dead Repent to die Ignorance looms in the unconscious mind Born to be dead Repent to die Waste your last breath on the lord Jesus Christ  Repent to die  Afraid of what lies after death Your screams are unheard to Him Resisting your wake of adorn Your pleading falls deaf on your lord  \"Go fuck your god\" will be my final words To die is just the concept of living To be Forgave, salvation blessed with pain Endeavored is the blame of creation  Pathetic lives, every second someone dies Delightful is the sight of repention No destiny, just a certainty of death In pain inducing lies of salvation Never repent.....  ", "artist": "Deicide", "genre": "Death Metal", "album": "Legion", "year": 1992, "source": "Darklyrics"},
{"name": "4. Trifixion", "lyrics": "Blaspheming god, my body was possessed The essence of their spirits are evil Burning my flesh, inhaling no regrets A diabolic sentence of destruction  Burning I bleed, unholy incision Mark of the beast, behold the trifixion  Prepare the tool to observe my fate Upon this mortal shell in Satan's name I desecrate Evil controlling the way I die The mark is what distorts my soul beyond my sanity  In the name of Satan I condemn this image of god I am a key!.....  Blessed by the sign, symbolically I die Intwist me in the lines of trifixion Torment, semantic in design Inflict this mortal shrine, with pure hatred Kill me, before my time is lived It's all I have to give, to be thankful Satan, entangled in my sores Forever I am bound by your conviction  Tri~ Fixion, Tri~ Fixion  Prepare the tool to observe my fate Upon this mortal shell in Satan's name I desecrate Evil controlling the way I die The mark is what distorts my soul beyond my sanity  ", "artist": "Deicide", "genre": "Death Metal", "album": "Legion", "year": 1992, "source": "Darklyrics"},
{"name": "5. Behead The Prophet (No Lord Shall Live)", "lyrics": "Deny resurrection, behead the nazarene son Foredoomed holy spirit, our war at last be won Legion crush jehovah, see through the faceless dog Untie our world from Satan You know it can't be done  Wipe away this world of unworth Decapitation, Satanic rebirth Off with his head to sever his soul Beheaded prophet the suffer is yours \"Forever.....\"  Virgin, mother murdered, once warned but now is dead Destroyed heaven's kingdom, in flames the righteous fled Legion, thou has waited, beface the sacred dog Satan's revelation, this world will always be ours  End of god the way it must be Behead the prophet, let Satan free...  No god, no lord shall live What always has should never been No god, no lord shall live Behead the prophet and we win  No man to begotten, infant Jesus dead End of god forever, cast among the souls of Hell Thou who has imprisoned, suffer by your own demise Execrate the revelation, MASTER SATAN RISE!  Deny resurrection, behead the nazarene son Foredoomed holy spirit, our war at last be won Legion crush jehovah, see through the faceless dog Untie our world from Satan You know it can't be done  No god, no lord shall live What always has should never been No god, no lord shall live Behead the prophet and we win  No man to begotten, infant Jesus dead End of god forever, cast among the souls of Hell Thou who has imprisoned, Execrate the revelation, MASTER SATAN RISE!  ", "artist": "Deicide", "genre": "Death Metal", "album": "Legion", "year": 1992, "source": "Darklyrics"},
{"name": "6. Holy Deception", "lyrics": "Time has imprisoned on my soul Religion in the path of what compels me Lies instrument the holy hate Deceiving of the weak in faith intention Suffering with no reason and nodoubt Pertruding on the lines of persecution Vomit on the holy man never before your saviour  Brain dead victims of the holy Preach your holy lies Laugh at divinations and we all will be dead Inscripted is you who will die Hypocratic bible puncher Perish from thisland Faithinized victims of the kingdom of hatred Infecting this world with their plan  Before none I shall confess From a far nor heaven sent Cursed are the lambs of god  Brain dead victims of the holy Preach your holy lies Laugh at divinations and we all will be dead  Inscripted is you who will die Hypocratic bible puncher Perish from thisland Faithinized victims of the kingdom of hatred Infecting this world with their plan  Time has imprisoned on my soul Religion in the path of what compels me Lies instrument the holy hate Deceiving of the weak in faith intention Suffering with no reason and no doubt Pertruding on the lines of persecution Vomit on the holy man never before your saviour  ", "artist": "Deicide", "genre": "Death Metal", "album": "Legion", "year": 1992, "source": "Darklyrics"},
{"name": "7. In Hell I Burn", "lyrics": "Life has no meaning, unyielding obsession Grasping at strings of a life I once knew Death by my own hands, achieving objective Blade to my throat, I calmly greet death  In Hell I burn, my faith is sustained In Hell I burn again In Hell I burn, no questions remain In Hell I burn for Satan  Opened eyes dream, unheavenly torture Raping the world of the dead Burning in Hell and viewing the unseen Satisfied feasting of flesh  In Hell I burn, my faith is sustained In Hell I burn again In Hell I burn, no questions remain In Hell I burn for Satan  Master it's true My promise I have kept Fulfillment of the prophecies The deity's dead  ", "artist": "Deicide", "genre": "Death Metal", "album": "Legion", "year": 1992, "source": "Darklyrics"},
{"name": "8. Revocate The Agitator", "lyrics": "Inhumation - intermenting heaven's light Altercated - activate the animus Instigation - terrify the holy hearts Mutilation - helpless christians ripped appart  Revocation All christians are destroyed Unguarded by the light The Satanist rejoice Revocate me!  Retribution - brought upon by god belief Isolation - confrontate the enemy World castration - exaltation anarchy Revocation - Hell's reclusion to receive  Revocate the agitator Revocate the agitator Revocate the agitator Revocate the agitator  Inhumation - intermenting heaven's light Altercated - activate the animus Instigation - terrify the holy hearts Mutilation - helpless christians ripped appart  Revocate the agitator     ", "artist": "Deicide", "genre": "Death Metal", "album": "Legion", "year": 1992, "source": "Darklyrics"}
]