[
{"name": "1. Lunatic Of God's Creation", "lyrics": "Servants of death, enchanter of pain From the land of no return, you'll kill again Smear the blood on naked corpse Manson.   Lunatic of God's creation No resist Hear the voices of devastation  There is darkness in his eyes And you won't see it, before you die Feel the knife of the Lord Divine's Creation.    ", "artist": "Deicide", "genre": "Death Metal", "album": "Deicide", "year": 1990, "source": "Darklyrics"},
{"name": "2. Sacrificial Suicide", "lyrics": "Satanized, crucified, feel the wrath of suicide Incubus fear of the sphere, angel darkness disappears Covenant, blasphemous, open up unholiness Father Satan, let me just unholy sins   Suicide sacrifice Destruction of holy life Blood of unholy knife Satan I sacrifice  Behold the crucifix, symbol of sterility I am crucifix - Satan Suicide sacrifice, profeasting evil night Lust into reality - Satan Angel of the black abyss, Satan lord I hail Insane blasphemous - Satan Sacrificial suicide, ritual to end my life Behemoth infest my fate - Satan  Dammed to tell, end of my life Wrath of God - Satan Sin my soul, blesses with fire Throne of stone - Satan I must die, in my wake Seventh gate - Satan Suicide, end my life I must die - Satan    Suicide sacrifice, thrust of evil deep inside Lucifer never lies, take away thee mortal life Demigod, Satan son, commend to body to the ground Father Satan, I'll find peace when I am God    TAKE ME!  ", "artist": "Deicide", "genre": "Death Metal", "album": "Deicide", "year": 1990, "source": "Darklyrics"},
{"name": "3. Oblivious To Evil", "lyrics": "Join us  Evil night of an evil death Epitome of illusion Sacrifice of the unborn child Enter the kingdom of darkness Sodomized for the ritual For there is nowhere to run Open the gates to the manifestation And grant me the powers of darkness   Infernal majesty, take this dead offering Feeding the demon seed, evil bestowed on me  Exorcise the power of dead Invert my cross of time The real of Satan anarchy Inside my scared sign  Lucifer bring me the legions of deaths Abbadon kill until nothing is left Celtic god of a Satan fate Oblivious to evil    Death of defiled the rituals Of dreams and disillusion Unlock the box and gimp in pain Summon the demons of darkness Evil Gods that fast with flesh Prepare me for the dead Release me from the angels so righteous For your God is dead    ", "artist": "Deicide", "genre": "Death Metal", "album": "Deicide", "year": 1990, "source": "Darklyrics"},
{"name": "4. Dead By Dawn", "lyrics": "  Book of the dead, pages bound in human flesh Feasting the beast, from the blood the words were said I am unseen, dreamt the sacred passage aloud Trapped in a dream of the necronomicon  Seven lords of an evil and fatal force Levitate through the secret and ancient doors Unbegun, premenating bizarre Swept away to the castle of Kantar  Seeking the tomb, tried to possess Immortal sleep, visions of death Drank of the blood, water of life Splendorous son, show me the sign You are dead Blanketing fear, unknown to man Demons appear, death they command  (Dead by dawn, dead by dawn, dead by dawn DEAD, BY, DAWN)  Blasphermate me    We are what wars, and shall rule again Dead by dawn, chanting death thee ancient hymn This is not real, I am not the chosen one Trapped in a spell of necronomicon  Tortured pain, in the palace of dead Recite, through the passages I dreamt Dead, dead by dawn Dead, dead by dawn  ", "artist": "Deicide", "genre": "Death Metal", "album": "Deicide", "year": 1990, "source": "Darklyrics"},
{"name": "5. Blaspherereion", "lyrics": "Bleeding death, undead, broke the seal Suhrim Desecrate, evil ghost Thoth freed him Mass destruction, ended lives, blasphemation, you will die   Darkest one, bleeding death, from beyond Death be done, no regression, unforbidden You will die - it's been written   Die - BLASPHEREREION Die - BLASPHEREREION  Vicious wrath Adar, tortured past rendered Odious evil, elder death, feast us God's construction, holy doom Don't believe, you're consumed    Lord chaos, death, save us Kill human kind, life was denied Lord black death, Thoth, confess Send to desecrate, lord blasphemate      ", "artist": "Deicide", "genre": "Death Metal", "album": "Deicide", "year": 1990, "source": "Darklyrics"},
{"name": "6. Deicide", "lyrics": "No lord shall stand before myself  I can strike the light and see through the truth For I'm the Deicide, Dominus, what could you do Thou has failed you now, one again and always will On the cross, forgotten son, a sacrifice it had to be done   Died for me, well that's too bad I don't believe Killed my sins of the evil what I am Your destruction, reasons of a world in pain Blind disciple, you will never live again  Wage of death, course of life Unsystematic birth of the Deicide Eyes of pain, pleads of death As you're put to rest  Three days to rise If he lives again he is sure to die I killed Jesus Just to see him bleed on his pupped throne I am evil I'm the Deicide and I killed the lord No more reasons I will kill the world in another form  I rule this world  NAIL HIM    I can strike the light and see through the truth For I'm the Deicide, Dominus, what could you do Thou has failed you now, one again and always will On the cross, forgotten son, a sacrifice it had to be done    ", "artist": "Deicide", "genre": "Death Metal", "album": "Deicide", "year": 1990, "source": "Darklyrics"},
{"name": "7. Carnage In The Temple Of Damned", "lyrics": "Sacramental ceremony People's temple of the holy Sepulcher for salvation Suicidal confirmation Forgive me father for I have sinned You will never sin again!   When we meet again it will be the promised land Death is in command to the victims of the plan In the temple of the damned Drink the blood, concentrate of death Congregation is dead    Carnage of the dead Mass cremations of the blessed Sermonizing fatal end In the temple of the damned  Homage of unknown, origin of Mr. Jones Of the final praise to the populated grave In the temple of saved Death awaits you, to escape is to die Carnage, blessed be the non-divine    ", "artist": "Deicide", "genre": "Death Metal", "album": "Deicide", "year": 1990, "source": "Darklyrics"},
{"name": "8. Mephistopheles", "lyrics": "Invective death, from the hand To write the book of evil Terminus of the overture Recite the role of power  Schizophrenic reflex, vesicate, mutilate Refuse the force on which you die Myrmidon of Goethe Abortion of angels that flee for their lives Animated onslaught, expectorated discharge Elegy of evil, visions of light for thou has forgotten  Adulating scripture, dominate, terminate Fascist author of Gods Drubbing of his light fears Bring forth the atheist, sent to inseminate Aggravated blasphmere, insurrected one to tell Power through defile Mephisto is coming to claim me for hell Satan. Take me MEPHISTOPHELES    Insurrect the shield of Satan Grant me immortality To rise    ", "artist": "Deicide", "genre": "Death Metal", "album": "Deicide", "year": 1990, "source": "Darklyrics"},
{"name": "9. Day Of Darkness", "lyrics": "Death is now the day When the fires fall from the sky Let us pray When the darkness falls we will die Endless pain Crucifying death from above We must pay  Day of darkness  Question our fate when day of darkness Forces of evil now upon us Forces of evil on display Forces of holy brought this day  Death is now the day When the reaper calls for the dead We'll be saved In this world of desecrating minds We must pay Crucifying world of evil death Let us pray  Day of darkness    ", "artist": "Deicide", "genre": "Death Metal", "album": "Deicide", "year": 1990, "source": "Darklyrics"},
{"name": "10. Crucifixation", "lyrics": "Give praise to Satan, he has won    Cynical existence, crucifixion You will give praise to Satan Lord of lords, king of kings Spread your wings  Haunted by the righteous one, bent of my repention Crucifixion Lucifer, save me from destruction Holy priest that can't confirm, shun the cross of evil Violent but undisturbed, wait for thee inversion   To break the bonds of evil To die upon the cross To die uncertain death From whom you place it on   Crucifixation - Thee unholy denominations Crucifixation - Holy termination  You will give praise to Satan    Impaled vibration, Crucifixation  Levitating act of death, messenger of Satan's mass Blinded by the crucifix, sacrilegious impalement Kill the chosen, righteous son, claim the cross inverted one Everlasting hell damnation, from the lord, Crucifixation    Where's my crucifix? I can't die without it.     ", "artist": "Deicide", "genre": "Death Metal", "album": "Deicide", "year": 1990, "source": "Darklyrics"}
]