[
{"name": "1. In The Minds Of Evil", "lyrics": "\"Some men... just wanna watch the world burn.\"  Suicide obsession in a world of betray, Taunted into silence and then bury the rage, Deep depression darkness fed, pull the trigger count the dead. Contradict of faith, out to devastate, Crazed disposition underlining deceit, Killing without reason for no cause or belief, Deadly imposition, out of touch and deranged, One with god half insane Wage of sanctity, tears and agony, Ancient and bizarre Satan's repertoire.  In the minds of evil, fear imposed by design, In the minds of evil, kill till everything dies!  Twisted by religion and fanatical hate, In the line of fire devastation in place, Homicidal mission of tyrannical lust, Fatal inquisition for the spilling of blood, Don't care what you've done, death to everyone, It's no mystery, destroy you and me.  In the minds of evil, fear imposed by his design, In the minds of evil,death to all of mankind.....die In the minds of evil, burn in hell and die.....and die!  In the minds of evil, fear imposed by design, In the minds of evil, death to all of mankind.  ", "artist": "Deicide", "genre": "Death Metal", "album": "In The Minds Of Evil", "year": 2013, "source": "Darklyrics"},
{"name": "2. Thou Begone", "lyrics": "I curse the air you breathe All men of the cloth What was will never be Your cause is lost  Faith put to death Civil unrest Gospel of pain Burning the cross The good book is tossed Destroy thy name  Trinity bleed Squandered in greed God in his grave  Disposed humanity Decrepit and defaced Inferior and weak The light you seek  Heaven deceased Dead in belief Disgraced and maimed  Church of disgust Turn into rust Converts refrain  Master of none Religion done Scripture erased  Thou begone Unbelieved Left for dead Thou begone Reckoning No moral compass left Echoing - Undermined God the son Horrified Slave to a tragedy Suffer in agony Die!  Slave to thee Under us Thou begone Philistine Efface of empty threats Cowering Undivine God the son Holy calamity Death to hypocrisy Die!  ", "artist": "Deicide", "genre": "Death Metal", "album": "In The Minds Of Evil", "year": 2013, "source": "Darklyrics"},
{"name": "3. Godkill", "lyrics": "Heaven reviled conspire deceit, Revelled in heinous reward, Wiping out missions who faltered and fiend, Turning your back to the wants of the lord... Destroying all Christians of faith and belief, Plaguing infection and pain, Taunting his vision for everything lost, Collapse the world in a righteous display,  Impending death for partaking in blasphemy, The end to all for he ones who will not believe, Evading time and discard to entitlement, A wailing wall of destruction of innocence... Godkill, Godkill  Killing his own and avoiding defeat, Ravage the word from his throne, Willfully murder with conscious and ease, Spilling the blood of the young and the old, Slaughtered and scattered the end is imposed Doomed by the rage of his grace, Future of sorrow defending his name, No one or nothing will ever be saved..  Destroy the will of a lord who waits your death Bring forth the end to the threats and his sacraments.  Father far from hell, Master of all, spare none of thy wrath, Destroy this world..... Godkill, Godkill Misery falling from heaven above, Splendor exploding unfazed, No more tomorrow impaled nazarene,  Bury the book and along with this name... God and religion a future unknown, Darkness uncovered his word, Rebuke his call and expulsion of guilt, Think for yourself and just do as thou wilt.  ", "artist": "Deicide", "genre": "Death Metal", "album": "In The Minds Of Evil", "year": 2013, "source": "Darklyrics"},
{"name": "4. Beyond Salvation", "lyrics": "The blood of Christ quenches my thirst... Heavenly led, cast to the dead If you believe the illusion Died for your sins, dissension begins The powers of Christ will repel you Masses deceived, fall to temptation Thorns on your head, welcome Welcome to your death  We're beyond salvation Below the reach of god The end of all religion To fight the war as one Blasphemy, engaging in war Rapture the whore  We're beyond salvation Below the reach of god Invert the false messiah and desecrate the son Deny the cross Invert his cause  The blood of Christ quenches my thirst...  Stopped and I stare, stones in the air A witness to your execution No one repents as they're watching you die Death to the kingdom of heaven.  Masses deceived, fall to temptation Thorns on your head, welcome Welcome to your death  We're beyond salvation Below the reach of god The end of all religion To fight the war as one Blasphemy, engaging in war Rapture the whore  We're beyond salvation Below the reach of god Invert the false messiah and desecrate the son Deny the cross Invert his cause  ", "artist": "Deicide", "genre": "Death Metal", "album": "In The Minds Of Evil", "year": 2013, "source": "Darklyrics"},
{"name": "5. Misery Of One", "lyrics": "Failure, claim to fame, abject the soul, ending your own dream, you closed that door! The end of time has come for you and him are done, Dissension has begun the misery of one.  Liars, petty thieves, out for their own, sadness turn to grief, the truth now known. Now take your place with god, unburdened by your thought, You got just what you want, a life of pain and loss.  Dooming oneself for one selfish belief, Only yourself by yourself was deceived, nobody wants to remember your name, Only what if's now remain in your place, seen for the fraud that you put on display, Live with your actions while digging your grave, choke on the truth, slap to the face, Life without you is a much better place.  A wish of death, no hope for happiness, The flame of wealth, no more of yours to delve, Concurred defeat is all you'll ever reach, Embraced your hell, as long as time will tell.  Failure, claim to fame, abject the soul, ending your own dreams, you closed that door! The end of time has come for you and him are done, Dissension has begun the misery of one.  ", "artist": "Deicide", "genre": "Death Metal", "album": "In The Minds Of Evil", "year": 2013, "source": "Darklyrics"},
{"name": "6. Between The Flesh And The Void", "lyrics": "Death, I wait the pain A stare that's cold and burns my eyes Victim, deception Death to your shrine  Those I've lost appear before me The end of life, the air turning colder I close my eyes and brace for eternity Prevailing thoughts, a vanishing soul  Death, I wait the pain A stare that's cold and burns my eyes Victim, deception Death to your shrine  My body decays, the skin falls away Death to myself Between the flesh and the void, Between the flesh and the void  Death, I wait the pain A stare that's cold and burns my eyes Victim, deception Death to your shrine  My body decays, the skin falls away Death to myself Between the flesh and the void, No coming back, exit the soul Imprisoned remain, Between the flesh and the void.  ", "artist": "Deicide", "genre": "Death Metal", "album": "In The Minds Of Evil", "year": 2013, "source": "Darklyrics"},
{"name": "7. Even The Gods Can Bleed", "lyrics": "I am the one spreading plague and disease God cannot hear you, he is deaf to your pleas Holy despair, overthrowing the lord One with the devil all faith is destroyed  The end has begun, behold thy name  Defacing their idols and breaking their laws Murdering Christ as I cripple the cross No resurrection, dethroned Nazarene Prayers go unanswered, succumb to defeat  Fallen from grace, bring an end to all things Heavens disciples will fall to my rage Devoured by faith, the illusion of god Crucify Christ to the unholy one  The end has begun, behold thy name  Death to your god, the end has begun The savior descend, divine suffering, Invite the unknown despised and dethroned, to fold in defeat, even the gods can bleed  The end has begun, behold thy name Repent unto thee, even the gods can bleed  I am the one spreading plague and disease God cannot hear you, he is deaf to your pleas Holy despair, overthrowing the lord One with the devil all faith is destroyed  ", "artist": "Deicide", "genre": "Death Metal", "album": "In The Minds Of Evil", "year": 2013, "source": "Darklyrics"},
{"name": "8. Trample The Cross", "lyrics": "Question the lord with a heart full of hate, Speaking in tongues and fulfilling his faith, Walking through fire alone and displaced, All who defile the lord and his name...  Blasphemy unto thee, conquer all things, Battered and beaten the cross of mystique, Papal in ruin and brought to its knees, See through religion and you will find peace...  Damning the souls of his praise, rapture begotten ill gain, Crossing the light from divine, death to your god and his kind. Bury the book in its grave, holy of holy's in flames Worn and despised and diseased, trample the cross in defeat.  Darkness and evil and unholy dreams, go without mention and cannot be seen, Do not assume what you don't want to know, Christ and religion is only for show...  Fear has deflowered the lies of his faith, Watching it die puts a smile on my face, Holy ground crumble from under their feet, Once and forever and ever shall be...  ", "artist": "Deicide", "genre": "Death Metal", "album": "In The Minds Of Evil", "year": 2013, "source": "Darklyrics"},
{"name": "9. Fallen To Silence", "lyrics": "Life of disgust, his fable you trust, a fool, you abide, Hailing his vengeance and stripped of all senses, for god... you die,  Fallen to silence Death and defiance Destroying the feeble Banished by evil  Defraud the meek their followers weak, and cower at his sign, Truth of contention, deceit with intention, the heart, of the blind  Revival and crosses at one with your losses, and wonder, his lie Unright with the facts, and there's no coming back, the light, denied  Fallen to silence Death and defiance Destroying the feeble Banished by evil  Soul is consumed, the coming of doom, the bible you revive, Blasphemy blessing, is faint and distressing, his words of Christ.  Blind to our death your creation a mess, prayers for your need are denied, blind to despair and your lord does not care, watching this world as it dies  Lack of reflection, with no interaction, the world will die, You're only a ghost and refuse to invoke, the power of your Christ...  Fallen to silence Death and defiance Destroying the feeble Banished by evil  Death to religion, a blind contradiction of life defied, The cross of deception and book of infection the truth a lie.  ", "artist": "Deicide", "genre": "Death Metal", "album": "In The Minds Of Evil", "year": 2013, "source": "Darklyrics"},
{"name": "10. Kill The Light Of Christ", "lyrics": "Death unfold, bleeding from my eyes, Damn this soul, to the other side, Conscious of sin, from this hell we're in, Done with this life, brought here just to die,  Kill the light of Christ, truth is ours to find, Trapped inside this shrine, all that lives will die  Grace of god, drowning in my blood, All behold, kill us one by one Anger betray, stifled and deceived, want of the lord, that we will believe...  Kill the light of christ, truth is ours to find Trapped inside this shrine, flawed in his design, Waiting till my time, all that lives will die  At the end of hope and loss the body will decease, destiny Promising the afterlife to ease our suffering, suffering  Step into the outer reaches of the great unknown, all will die Defect and deficient is the image of the lord...the lord  Kill the light of christ, truth is ours to find, Trapped inside this shrine, all that lives will die,  Left untold, to suffice his lie, Spirit world, where we cross that line, When it begins, will we live again, Mired in death, into the abyss  Kill the light of christ, truth is ours to find, Trapped inside this shrine, flawed in his design, No one will survive, all that lives will die  ", "artist": "Deicide", "genre": "Death Metal", "album": "In The Minds Of Evil", "year": 2013, "source": "Darklyrics"},
{"name": "11. End The Wrath Of God", "lyrics": "From the creation and beginning of man With no explanation to his biblical plan No longer needed for your god to exist The call of temptation that no one can resist  Nullify resistance to control our lives Sterilized creation, born to bear your lie Mortified in madness by a man made god The solitude of sadness the father and the son  End the wrath of god, End the wrath of god  There have been no prophets that speak the word of god There is no salvation, delusions from above Book of contradiction, the one that I despise In the words of truth I speak, the lords of lords will die...  End the wrath of god...  Nullify resistance to control our lives Sterilized creation, born to bear your lie Mortified in madness by a man made god The solitude of sadness the father and the son  Book of contradiction, the one that I despise In the words of truth I speak, the lords of lords will die... End the wrath of god, End the wrath of god Book of contradiction, the one that I despise In the words of truth I speak, the lords of lords will die...     ", "artist": "Deicide", "genre": "Death Metal", "album": "In The Minds Of Evil", "year": 2013, "source": "Darklyrics"}
]