[
{"name": "1. Whipping Queen", "lyrics": "When you think everybody's fine Then it starts cracking she flies up in the sky Taking the souls away from hell living in her dark dark place Trying to be the most evil witch in this town she says it's nothing but luck Must be a liar fight the power She never takes no for an answer she always get what she wants She doesn't realize she's a whipping queen what else do you want  To those who accept the following lies construct their own reality So farewell is what you away rubbing eyes with Satan Scheming in the darkness you know your lady love you wished you had never kissed She never takes no for an answer she always get what she wants She doesn't realize she's a whipping queen what else do you want  ", "artist": "Exodus", "genre": "Thrash Metal", "album": "1982 Demo", "year": 1982, "source": "Darklyrics"},
{"name": "2. Death And Domination", "lyrics": "Did you win the lotto and you said she's a whore By my life but it is cannot tell our soon survival Well it might be a thing Time to think about this well it might be  You never said on the question I could be free You'd never need anyone to help you do away with me Death and domination I just want to breathe Please don't do away with me I want to love Death and domination  So now I take your life to see whose a thief I can't let you take my clothes, because I was all weak I can't let get you near my life you said you're cursed Now your life is mine to sell who is the worst  ", "artist": "Exodus", "genre": "Thrash Metal", "album": "1982 Demo", "year": 1982, "source": "Darklyrics"},
{"name": "3. Warlords", "lyrics": "When you feel no mercy and you want to kill Going to take a little something because she wants the thrill Wanting something for nothing pay the price for pain There were six physicians and they were all insane  We are warlords right here spreading hatred and fear I think it brightens our world when you walk out the car When you feel the fear, and you want to run getting chased by a lady Wish you had a gun it questions the law we're all full of greed. We're all senseless and liars and lawless spreading like a disease. There are warlords right here spreading hatred and fear I think it brightens our world when you walk out the door     ", "artist": "Exodus", "genre": "Thrash Metal", "album": "1982 Demo", "year": 1982, "source": "Darklyrics"}
]