[
{"name": "1. Enter The Realm", "lyrics": "    ", "artist": "Iced earth", "genre": "Power Metal", "album": "Enter The Realm", "year": 1988, "source": "Darklyrics"},
{"name": "2. Colors", "lyrics": "  Walking in the subway Alone late at night New York City gangs Everywhere in sight Your fell their anger upon you You feel their hateful eyes Walk a little faster now You're fighting for your life As they walk on closer Their eyes burn down your back You feel a thousand cries Not prepared for their attack A mission bell sent sign A sign that you board soon You've come this far, no turning back We hope you make it too Don't expect, sympathy We don't know, the word Your walked my turf, insanity But in this place you die Your life is wasted Your blood is tasted As it drips down the blade You didn't make it You couldn't take it You walked the subway you paid Your money's gone Your clothes they're torn You're lying in a pool of blood You know you're leaving We watch you grieving But in this place you die Don't expect sympathy We don't know the word You walked my turf, insanity But in this place you die  ", "artist": "Iced earth", "genre": "Power Metal", "album": "Enter The Realm", "year": 1988, "source": "Darklyrics"},
{"name": "3. Nightmares", "lyrics": "  The feeling that you get when we creep inside You won't see us there, you won't feel our stare But when we're next to you we do all we can do To get the cold sweat out, watch you squirm about And as you try to move we grab and strangle you With all of your deceit and our reality Night Nightmares In the night Hell is coming down, your fate has turned around Too scared to make a sound Now you're frozen there in your human shell It's a nightmare I am the god of fear Night Nightmares In the night  ", "artist": "Iced earth", "genre": "Power Metal", "album": "Enter The Realm", "year": 1988, "source": "Darklyrics"},
{"name": "4. Curse The Sky", "lyrics": "  How much hate Can one man feel When his kingdom is crumbling How much pain Can one man take When his future is melting Eyes of fire blast his brain Cursing heaven and hell Nothing barred just asking why No answers to be heard Fire eyes, curse the skies Thanks maker for questions unanswered Falsify, disposition died You detest the faker Eyes, lies I curse the skies Tell me something Tell me why Terror reigns, I'm in pain Why, why, I curse the sky Tattered times and brainwashed minds Cluttering up his thinking Boiled hate just can't wait There's no more self control Eyes, lies I curse the skies Tell me something Tell me why Terror reigns, I'm in pain Why, why, I curse the sky  ", "artist": "Iced earth", "genre": "Power Metal", "album": "Enter The Realm", "year": 1988, "source": "Darklyrics"},
{"name": "5. Solitude", "lyrics": "    ", "artist": "Iced earth", "genre": "Power Metal", "album": "Enter The Realm", "year": 1988, "source": "Darklyrics"},
{"name": "6. Iced Earth", "lyrics": "  What do I see On the icy plains The desolate one It's my terrain The wind it blows cold Howling my name I am the king The king of this waste Can't you see this barren land Lain to waste Ravaged, scorched, yet frozen From your neglect I am the formless one I came to save You are the chosen ones You'll be my slaves I stand on the glacier Above it all Watching them crumble Watching them crawl Iced Earth has risen Nature will fall Death and destruction, mother of all  Can you feel the madness here Drawing you all too near Earth, fire, water and air Save yourselves from despair We are together now Crush the cowards, do it now End the light, end the one We have come to save the young ones So on an on The story goes Destroying yourselves The pain it shows     ", "artist": "Iced earth", "genre": "Power Metal", "album": "Enter The Realm", "year": 1988, "source": "Darklyrics"}
]