[
{"name": "1. The Hellion", "lyrics": "    ", "artist": "Judas priest", "genre": "Heavy Metal", "album": "Metal Works '73-'93", "year": 1993, "source": "Darklyrics"},
{"name": "2. Electric Eye", "lyrics": "  Up here in space I'm looking down on you My lasers trace Everything you do  You think you've private lives Think nothing of the kind There is no true escape I'm watching all the time  I'm made of metal My circuits gleam I am perpetual I keep the country clean  I'm elected electric spy I'm protected electric eye  Always in focus You can't feel my stare I zoom into you You don't know I'm there  I take a pride in probing all your secret moves My tearless retina takes pictures that can prove  I'm made of metal My circuits gleam I am perpetual I keep the country clean  I'm elected electric spy I'm protected electric eye  Electric eye, in the sky Feel my stare, always there There's nothing you can do about it Develop and expose I feed upon your every thought And so my power grows  I'm made of metal My circuits gleam I am perpetual I keep the country clean  I'm elected electric spy I'm protected electric eye  Protected. Detective. Electric eye  ", "artist": "Judas priest", "genre": "Heavy Metal", "album": "Metal Works '73-'93", "year": 1993, "source": "Darklyrics"},
{"name": "3. Victim Of Changes", "lyrics": "  Whiskey woman don't you know that you are drivin' me insane The liquor you give stems your will to live and gets right to my brain Don't you know you're driving me insane You're tryin' to find your way through life You're tryin' to get some new direction Another woman got her man She won't find no new connection  Takes another drink or two, things look better when she's through  Takes another look around, you're not goin' anywhere You've realised you're gettin' old and no one seems to care You're tryin' to find your way again You're tryin' to find some new... Another woman's got her man But she won't find a new...  Takes another drink or two, things look better when she's through  You 'bin foolin' with some hot guy I want to know why is it why Get up get out you know you really blew it I've had enough, I've had enough, good God pluck me  Once she was wonderful Once she was fine Once she was beautiful Once she was mine...she was mine  Now change has come over her body, she doesn't see me anymore Now change has come over her body, she doesn't see me anymore  Changes, changes, changes, changes Victim of changes  ", "artist": "Judas priest", "genre": "Heavy Metal", "album": "Metal Works '73-'93", "year": 1993, "source": "Darklyrics"},
{"name": "4. Painkiller", "lyrics": "  Faster than a bullet Terrifying scream Enraged and full of anger He's half man and half machine  Rides the Metal Monster Breathing smoke and fire Closing in with vengeance soaring high  He is the Painkiller This is the Painkiller  Planets devastated Mankind's on its knees A saviour comes from out the skies In answer to their pleas  Through boiling clouds of thunder Blasting bolts of steel Evils going under deadly wheels  He is the Painkiller This is the Painkiller  Faster than a laser bullet Louder than an atom bomb Chromium plated boiling metal Brighter than a thousand suns  Flying high on rapture Stronger free and brave Nevermore encaptured They've been brought back from the grave  With mankind resurrected Forever to survive Returns from Armageddon to the skies  He is the Painkiller This is the Painkiller Wings of steel Painkiller Deadly wheels Painkiller  ", "artist": "Judas priest", "genre": "Heavy Metal", "album": "Metal Works '73-'93", "year": 1993, "source": "Darklyrics"},
{"name": "5. Eat Me Alive", "lyrics": "  Wrapped tight around me Like a second flesh hot skin Cling to my body As the ecstasy begins  Your wild vibrations Got me shooting from the hip Crazed and insatiable let rip  Eat me alive  Sounds like an animal Panting to the beat Groan in the pleasure zone Gasping from the heat  Gut-wrenching frenzy That deranges every joint I'm gonna force you at gun point  To eat me alive  Bound to deliver as You give and I collect Squealing impassioned as The rod of steel injects  Lunge to the maximum Spread-eagled to the wall You're well equipped to take it all  So eat me alive  ", "artist": "Judas priest", "genre": "Heavy Metal", "album": "Metal Works '73-'93", "year": 1993, "source": "Darklyrics"},
{"name": "6. Devil's Child", "lyrics": "  Hypnotise me Mesmerise me Feel my willpower slip Light my fire With cold desire Losing all my grip  Eat my diamonds Drinking all my gin Feast your eyes on A whole lotta sin  Oh no you're so damned wicked You got me by the throat Oh no gotcha claws stuck in me You never let me go I believe you're the devil I believe you're the devil's child  Took my dreams And now it's seems you're nothing but a liar Smash and grab at all I had Build my funeral pyre Stop pretendin' Got me growin' old Your tormentin's Fit to snap my soul  Oh no you're so damned wicked You got me by the throat Oh no gotcha claws stuck in me You never let me go I believe you're the devil I believe you're the devil's child  You took my heart And left it blown to smithereens I gave my body as a slave You cut my flesh And drank my blood that poured in streams I'm left here broken and ashamed  Goin' under Hear the thunder Death defying grace Your condition breeds ammunition Shoots me in the face Vicious talkin' Stabs me like a knife Scratched and bruised, so abused I'm a human sacrifice  Oh no you're so damned wicked You got me by the throat Oh no gotcha claws stuck in me You never let me go I believe you're the devil I believe you're the devil's child  ", "artist": "Judas priest", "genre": "Heavy Metal", "album": "Metal Works '73-'93", "year": 1993, "source": "Darklyrics"},
{"name": "7. Dissident Aggressor", "lyrics": "  Grand canyons of space and time universal My mind is subjected to all  Stab! Bawl! Punch! Crawl! Hooks to my brain are well in Stab! Bawl! Punch! Crawl! I know what I am, I'm Berlin  Through cracked, blackened memories of unit dispersal I face the impregnable wall  Stab! Bawl! Punch! Crawl! Hooks to my brain are well in Stab! Bawl! Punch! Crawl! I know what I am, I'm Berlin  Exploding, reloading, this quest never ending Until I give out my last breath  I'm stabbing and bawling, I'm punching and crawling Hooks to my brain are well in I'm stabbing and bawling, I'm punching and crawling I know what I am, I'm Berlin  ", "artist": "Judas priest", "genre": "Heavy Metal", "album": "Metal Works '73-'93", "year": 1993, "source": "Darklyrics"},
{"name": "8. Delivering The Goods", "lyrics": "  Feeling like we're, ready to kick tonight No hesitating, my bodies aching Looking for some action, satisfaction all right Charging, vein faced, as active as one-hundred solid proof Mega town, Leviathan, we're ready to hit the roof  You better watch out and hold on tight We're heading your way like dynamite Delivering the goods Delivering the goods  Shake down, rock 'em boys, crack that whip strap mean Pulse rave, air waves, battle lies in every place we've been Stealing your hearts all across the land Hot blood doing good, we're going to load you with our brand  You better watch out and hold on tight We're heading your way like dynamite Delivering the goods Yeah, Delivering the goods  Have your way Stealing your hearts Well we don't pull no punches, we aim where the crunch is The bound to do most damage to your brain If you're looking for it mellow You're nothing more than yellow Gonna do it again and again We'll beat you to submission So you might as well surrender You do gotta learn your lesson 'Cause there ain't nobody here to defend your heart  Faster, higher 'Til it seems that we're gonna break Ohh shootin' further, giving more than you're ever gonna take Weaving with your heads Crushed out on the floor Begging for mercy Be careful or we'll do it some more  You better watch out and hold on tight We're heading your way like dynamite Delivering the goods Delivering the goods  ", "artist": "Judas priest", "genre": "Heavy Metal", "album": "Metal Works '73-'93", "year": 1993, "source": "Darklyrics"},
{"name": "9. Exciter", "lyrics": "  Racing' cross the heavens Straight into the dawn Looking like a comet Slicing through the morn Scorching the horizon Blazing to the land Now he's here amongst us The age of fire's at hand  Stand by for Exciter Salvation is his task Stand by for ExciterSalvation bids to ask  Everything he touches Fries into a crisp, Let him get close to you So you're in his trip, First you'll smoke and smoulder Blister up and singe When ignition hits you the very soul of your being will cringe.  Stand by for Exciter Salvation is his task Stand by for Exciter Here he comes now Fall to your knees and repent if you please  Who is this man? Where is he from? Exciter comes For everyone You'll never see him But you will taste the fire upon your tongue  He's come to make you snap out Of the state that you are in Looks around and make you See the light again So much self-indulgence Results in shattered eyes Predominant complacency Leads to beguiling lies.  Stand by for Exciter Salvation is his task Stand by for Exciter Salvation bids to ask  When he leaps amidst us With combustive dance All shall bear the branding Of his thermal lance, Cauterising masses Melting into one Only when there's order Will his job be done.  Stand by for Exciter Salvation is his task Stand by for Exciter Here he comes now Fall to your knees and repent if you please  Who is this man? Where is he from? Exciter comes For everyone You'll never see him But you will taste the fire upon your tongue  Racing past the heavens Straight into the dawn Looking like a comet Slicing through the morn Scorching the horizon Blazing to the land Now he's here amongst us The age of fire's at hand  Stand by for Exciter Stand by for Exciter Stand by for Exciter Stand by for Exciter  ", "artist": "Judas priest", "genre": "Heavy Metal", "album": "Metal Works '73-'93", "year": 1993, "source": "Darklyrics"},
{"name": "10. Breaking The Law", "lyrics": "  There I was completely wasting, out of work and down all inside it's so frustrating as I drift from town to town feel as though nobody cares if I live or die so I might as well begin to put some action in my life  Breaking the law, breaking the law Breaking the law, breaking the law Breaking the law, breaking the law Breaking the law, breaking the law  So much for the golden future, I can't even start I've had every promise broken, there's anger in my heart you don't know what it's like, you don't have a clue if you did you'd find yourselves doing the same thing too  Breaking the law, breaking the law Breaking the law, breaking the law Breaking the law, breaking the law Breaking the law, breaking the law  You don't know what it's like  Breaking the law, breaking the law Breaking the law, breaking the law Breaking the law, breaking the law Breaking the law, breaking the law  Breaking the law  ", "artist": "Judas priest", "genre": "Heavy Metal", "album": "Metal Works '73-'93", "year": 1993, "source": "Darklyrics"},
{"name": "11. Hell Bent For Leather", "lyrics": "  Seek him here, seek him on the highway Never knowing when he'll appear All await, engine's ticking over Hear the roar as they sense the fear  Wheels! A glint of steel and a flash of light! Screams! From a streak of fire as he strikes!  Hell bent, hell bent for leather Hell bent, hell bent for leather  Black as night, faster than a shadow Crimson flare from a raging sun An exhibition, of sheer precision Yet no one knows from where he comes  Fools! Self destruct cannot take that crown Dreams! Crash one by one to the ground Hell bent, hell bent for leather Hell bent, hell bent for leather  There's many who tried to prove that they're faster But they didn't last and they died as they tried  There's many who tried to prove that they're faster But they didn't last and they died as they tried  Hell bent, hell bent for leather Hell bent, hell bent for leather Hell bent, hell bent for leather Hell bent, hell bent for leather  ", "artist": "Judas priest", "genre": "Heavy Metal", "album": "Metal Works '73-'93", "year": 1993, "source": "Darklyrics"},
{"name": "12. Blood Red Skies", "lyrics": "  As the sun goes down, I move around Keeping to the shadows Life, hangs by a thread And I've heard it said, that I'll not see tomorrow  If that's my destiny, it'll have to be So I'll face the future Running out of time I'm on the line But I'll go down fighting  Felt the hand of justice Telling wrong from right Threw me out upon the street in the middle of the night  Cybernetic heartbeat Digital precise Pneumatic fingers nearly had me in their vice  Not begging you I'm telling you  You won't break me You won't make me You won't take me, Under blood red skies  You won't break me You won't take me I'll fight you under blood red skies  Through a shattered city, watched by laser eyes Overhead the night squad glides The decaying paradise  Automatic sniper With computer sights Scans the bleak horizon for its victim of the night  They're closing in They'll never win  You won't break me You won't take me You won't make me, Under blood red skies  You won't break me You won't take me I'll fight you under blood red skies  As the end is drawing near Standing proud, I won't give in to fear As I die a legend will be born I will stand, I will fight You'll never take me alive I'll stand my ground I won't go down  You won't break me You won't make me You won't take me, Under blood red skies  You won't break me You won't take me just I'll face you under blood red skies  You'll never take me alive I'm telling you Hands of justice I will stand, I will fight Never surrender As the sun goes down I won't give in to fear  ", "artist": "Judas priest", "genre": "Heavy Metal", "album": "Metal Works '73-'93", "year": 1993, "source": "Darklyrics"},
{"name": "13. Metal Gods", "lyrics": "  We've taken too much for granted And all the time it had grown From techno seeds we first planted Evolved a mind of its own  Marching in the streets Dragging iron feet Laser beaming hearts Ripping men apart  From off I've seen my perfection Where we could do as we please In secrecy this infection Was spreading like a disease  Hiding underground Knowing we'd be found Fearing for our lives Reaped by robot's scythes  Metal Gods Metal Gods  Metal Gods Metal Gods  Machines are taking all over With mankind in their command In time they'd like to discover How they can make their demand  Better be the slaves To their wicked ways But meeting with our death Engulfed in molten breath  ", "artist": "Judas priest", "genre": "Heavy Metal", "album": "Metal Works '73-'93", "year": 1993, "source": "Darklyrics"},
{"name": "14. Before The Dawn", "lyrics": "  Before the dawn, I hear you whisper In your sleep \"Don't let the morning take him\" Outside the birds begin to call As if to summon up my leaving  It's been a lifetime since I found someone Since I found someone who would stay I've waited too long, and now you're leaving Oh please don't take it all away  It's been a lifetime since I found someone Since I found someone who would stay I've waited too long, and now you're leaving Oh please don't take it all away  Before the dawn, I hear you whisper In your sleep \"Don't let the morning take him\"  ", "artist": "Judas priest", "genre": "Heavy Metal", "album": "Metal Works '73-'93", "year": 1993, "source": "Darklyrics"},
{"name": "15. Turbo Lover", "lyrics": "  You won't hear me, But you'll feel me Without warning, something's dawning, listen. Then within your senses, You'll know you're defenceless How your heart beats, when you run for cover Your cant retreat I spy like no other.  Then we race together. We can ride forever Wrapped in horsepower, driving into fury Changing gear I pull you tighter to me  I'm your turbo lover Tell me there's no other I'm your turbo lover Better run for cover  We hold each other closer, as we shift to overdrive And everything goes rushing by, with every nerve alive We move so fast it seems as though we've taken to the sky Love machines in harmony, we hear the engines cry.  I'm your turbo lover Tell me there's no other I'm your turbo lover Better run for cover  On and on we're charging to the place so many seek In perfect synchronicity of which so many speak We feel so close to heaven in this roaring heavy load And then in sheer abandonment, we shatter and explode.  I'm your turbo lover Tell me there's no other I'm your turbo lover Better run for cover  I'm your turbo lover Tell me there's no other I'm your turbo lover Better run for cover  ", "artist": "Judas priest", "genre": "Heavy Metal", "album": "Metal Works '73-'93", "year": 1993, "source": "Darklyrics"},
{"name": "16. Ram It Down", "lyrics": "  Raise the sights, the city lights are calling We're hot tonight, the time is right, there's nitro in the air In the street is where we'll meet, we're warning On the beat, we won't retreat, beware  Thousand of cars and a million guitars Screaming with power in the air We've found the place where the decibels race This army of rock will be there  To ram it down, ram it down Straight through the heart of this town Ram it down, ram it down Razing the place to the ground Ram it down  Bodies revvin' in leather heaven in wonder Lights are dimmin' and heads are swimmin' as thunder hits the stage Hell breaks loose, turn on the juice get stronger We metal maniacs begin to rave  Thousand of cars and a million guitars Screaming with power in the air We've found the place where the decibels race This army of rock will be there  To ram it down, ram it down Straight through the heart of this town Ram it down, ram it down Razing the place to the ground Ram it down  Shout it out, we're all together now Shout it out, we join as one, one  Thousand of cars and a million guitars Screaming with power in the air We've found the place where the decibels race This army of rock will be there  To ram it down, ram it down Straight through the heart of this town Ram it down, ram it down Razing the place to the ground Ram it down  ", "artist": "Judas priest", "genre": "Heavy Metal", "album": "Metal Works '73-'93", "year": 1993, "source": "Darklyrics"},
{"name": "17. Metal Meltdown", "lyrics": "  Something's calling In the night Electric madness Roars in sight  Heat is rising Blazing fast Hot and evil Feel the blast  Out of control About to explode It's coming at ya  Here comes the Metal Meltdown Run for your lives Can't stop the Metal Meltdown No-one survives  Raging fury Wired for sound Nitro bombshell Shakes the ground  High and mighty Rips the air Piercing laser Burning glaze  Out of control About to explode It's coming at ya'  Here comes the Metal Meltdown Run for your lives Can't stop the Metal Meltdown No-one survives  Temperature is boiling Magnifying might Feeding like a virus Flashing light  Imminent collision Shockwaves all around Generating energy Screams so loud  It's comin' - Meltdown Start runnin' - Countdown  ", "artist": "Judas priest", "genre": "Heavy Metal", "album": "Metal Works '73-'93", "year": 1993, "source": "Darklyrics"},
{"name": "18. Screaming For Vengeance", "lyrics": "  Hey listen don't you let 'em get your mind Fill your brain with orders and that's not right They're playing at a game that draws you closer Till you're living in a world that's ruled by fear  Always takin' baby out that's ok. What they're givin' maybe it's out of phase with me Told you once you're never gonna win the race Same old no tomorrow kicked in the face  We are screaming for vengeance The world is a manacled place Screaming, screaming for vengeance The world is defiled in disgrace  Tie a blindfold all around your head Spin you round in the torture before the dread And then you're pushed and shoved into every corner Then they lead you out into the final slaughter  As the sweat is running down your neck All your praying fors to stop you body breakin' up Oh your heart is pumping gonna soon explode Got to fight the horror of this mental load  We are screaming for vengeance The world is a manacled place Screaming, screaming for vengeance The world is defiled in disgrace  So you wait it out and bide your time Rip off that straight jacket gotta break that line Everyone who wins in the great escape Leaves a thousand more who suffer in their wake  I don't talk about it but that's all right Table's turned now there's a revenge in sight If it takes forever babe I tell ya' I can wait Send them screaming back through their hell's own gate  We are screaming for vengeance The world is a manacled place Screaming, screaming for vengeance The world is defiled in disgrace  ", "artist": "Judas priest", "genre": "Heavy Metal", "album": "Metal Works '73-'93", "year": 1993, "source": "Darklyrics"},
{"name": "19. You've Got Another Thing Comin'", "lyrics": "  One life I'm gonna live it up I'm takin' flight I said I'll never get enough Stand tall I'm young and kinda proud I'm on top as long as the music's loud  If you think I'll sit around as the world goes by You're thinkin' like a fool cause it's a case of do or die Out there is a fortune waitin' to be had You think I'll let it go you're mad You've got another thing comin'  That's right here's where the talkin' ends Well listen this night there'll be some action spent Drive hard I'm callin' all the shots I got an ace card comin' down on the rocks  If you think I'll sit around while you chip away my brain Listen I ain't foolin' and you'd better think again Out there is a fortune waitin' to be had You think I'll let it go you're mad You got another thing comin'  In this world we're livin' in we have our share of sorrow Answer now is don't give in aim for a new tomorrow  Oh so hot no time to take a rest yeah At top, ain\u2019t room for second best Real strong got me some security Hey I'm a big smash I'm goin' for infinity yeah  If you think I'll sit around as the world goes by You're thinkin' like a fool cause it's a case of do or die Out there is a fortune waitin' to be had You think I'll let it go you're mad You've got another thing comin'  ", "artist": "Judas priest", "genre": "Heavy Metal", "album": "Metal Works '73-'93", "year": 1993, "source": "Darklyrics"},
{"name": "20. Beyond The Realms Of Death", "lyrics": "  He had enough He couldn't take anymore He'd found a place In his mind and slammed the door No matter how they tried They couldn't understand They washed and dressed him Fed him by hand  Yeah! I've left the world behind I'm safe here in my mind Free to speak with my own kind This is my life, this is my life I'll decide not you  Withdrawn he'd sit there Stare blank into space No sign of life Would flicker on his face Until one day he smiled It seemed as though with pride The wind kissed him Goodbye - and then he died  Yeah! I've left the world behind I'm safe here in my mind Free to speak with my own kind This is my life, this is my life I'll decide not you  Keep the world with all its sin It's not fit for livin' in Yeah! I will start again It can take forever, and ever, and ever And ever, but I'll still win.  How many like him, Are there still But to us, all Seem to have lost the will They lie in thousands Plagued and lost Is nothing worth this bitter cost  Yeah! I've left the world behind I'm safe here in my mind Free to speak with my own kind This is my life, this is my life I'll decide not you  Keep the world with all its sin It's not fit for livin' in  Beyond the realms of death.  ", "artist": "Judas priest", "genre": "Heavy Metal", "album": "Metal Works '73-'93", "year": 1993, "source": "Darklyrics"},
{"name": "21. Solar Angels", "lyrics": "  Golden halos radiating higher Diamond visions softly breathing fire Sky processions we are watching you arrive  Silver crystals arching beams below What light spirals lifting up to go Glass formations solar angels spread their wings  Spectral gliders drifting in the air Wheels of wonder floating everywhere Draped in rainbows gently we ascend  ", "artist": "Judas priest", "genre": "Heavy Metal", "album": "Metal Works '73-'93", "year": 1993, "source": "Darklyrics"},
{"name": "22. Bloodstone", "lyrics": "  I've been trying There's no denying It's sending me Out of my mind  I've seen reason Change to treason It's losing it's sense Of all kind  How much longer will it take For the world to see We should learn to live And simply let it be Bloodstone, bloodstone  In the night time Wake in fright I'm so scared of the game That's being played  Start to wonder What's going under And how many deals Have been made  How much longer will it take For the world to see We should learn to live And simply let it be Bloodstone, bloodstone  Bloodstone I can't take it You got me living On a bloodstone I don't want that that bloodstone  ", "artist": "Judas priest", "genre": "Heavy Metal", "album": "Metal Works '73-'93", "year": 1993, "source": "Darklyrics"},
{"name": "23. Desert Plains", "lyrics": "  Full moon is rising The sky is black I need your call I'm coming back The road is straight cast Wind's in my eyes The engine roars between my thighs  From desert plains I bring you love From desert plains I bring you love  Wild mountain thunder Echoes my quest My body aches but I'll not rest Quartz light to guide me Till sunrise leads My passion screams, my heart it bleeds  From desert plains I bring you love From desert plains I bring you love  Then in the distance I see you stand On the horizon you raise your hand In burning rubber I end my quest You fall into my arms at last  From desert plains I bring you love From desert plains I bring you love  ", "artist": "Judas priest", "genre": "Heavy Metal", "album": "Metal Works '73-'93", "year": 1993, "source": "Darklyrics"},
{"name": "24. Wild Nights, Hot & Crazy Days", "lyrics": "  I'm gonna break-out I'm gonna drive my car I'm gonna get up and go I want some action I've been working so hard I'm gonna over load  Can you feel the beat Everybody's rockin' in the summer heat As the sun goes down Well deep down inside You feel your temperature rise  For those wild nights Hot and crazy days Wild nights Hot and crazy days  I'm feeling good tonight I'm gonna cruise around Makin' every head turn Wind up the radio I'm in the mood for some lovin' Cause the night time's comin'  Can you feel the beat Everybody's rockin' in the summer heat As the sun goes down Well deep down inside You feel your temperature rise  For those wild nights Hot and crazy days Wild nights Hot and crazy days  Come on Gettin' hot tonight Come on That's right Come on There's no end in sight Come on Alright  I'm gonna break-out I'm gonna drive my car I'm gonna get up and go I want some action I've been working so hard I'm gonna over load  Can you feel the beat Everybody's rockin' in the summer heat As the sun goes down Well deep down inside You feel your temperature rise  For those wild nights Hot and crazy days Wild nights Hot and crazy days Wild nights Hot and crazy days Wild nights Hot and crazy days Wild nights Hot and crazy days Wild nights Hot and crazy days Wild nights Hot and crazy days  ", "artist": "Judas priest", "genre": "Heavy Metal", "album": "Metal Works '73-'93", "year": 1993, "source": "Darklyrics"},
{"name": "25. Heading Out To The Highway", "lyrics": "  Well I've said it before, and I'll say it again You get nothin' for nothin', expect it when You're back seat drivin' and your hands ain't on the wheel It's easy to go along with the crowd And find later on that your say ain't allowed Oh that's the way to find what you've been missin'  So I'm heading out to the highway I got nothin' to lose at all I'm goin' to do it my way Take a chance before I fall A chance before I fall  You can hang in a left or hang in a right The choice it is yours to do as you might The road is open wide to place your biddin' Now, wherever you turn, wherever you go If you get it wrong, at least you can know There's miles and miles to put it back together  And I'm heading out to the highway I got nothin' to lose at all I'm goin' to do it my way Take a chance before I fall A chance before I fall  Makin' a curve or takin' the strain On the decline, or out on the wane Oh everybody breaks down sooner or later We'll put it to rights, we'll square up and mend Back on your feet to take the next bend You weather every storm that's comin' at 'tcha  And I'm heading out to the highway I got nothin' to lose at all I'm goin' to do it my way Take a chance before I fall A chance before I fall  ", "artist": "Judas priest", "genre": "Heavy Metal", "album": "Metal Works '73-'93", "year": 1993, "source": "Darklyrics"},
{"name": "26. Living After Midnight", "lyrics": "  Living after midnight, rockin' to the dawn Lovin' 'til the morning, then I'm gone, I'm gone  I took the city 'bout one A.M, loaded, loaded I'm all geared up to score again, loaded, loaded I come alive in the neon light That's when I make my moves right  Living after midnight, rockin' to the dawn Lovin' 'til the morning, then I'm gone, I'm gone  Got gleaming chrome, reflecting steel, loaded, loaded Ready to take on every deal, loaded, loaded My pulse is racing, I'm hot to take This motor's revved up, fit to break  Living after midnight, rockin' to the dawn Lovin' 'til the morning, then I'm gone, I'm gone  I'm aiming for ya I'm gonna floor ya My body's coming All night long  The air's electric, sparkin' power, loaded, loaded I'm getting hotter by the hour, loaded, loaded I set my sights and then home in The joint starts flying when I begin  Living after midnight, rockin' to the dawn Lovin' 'til the morning, then I'm gone, I'm gone  ", "artist": "Judas priest", "genre": "Heavy Metal", "album": "Metal Works '73-'93", "year": 1993, "source": "Darklyrics"},
{"name": "27. A Touch Of Evil", "lyrics": "  You mesmerise slowly Till I can't believe my eyes Ecstasy controls me What you give just serves me right  Without warning you're here Like magic you appear I taste the fear  I'm so afraid But I still feed the flame  In the night Come to me You know I want your Touch of Evil In the night Please set me free I can't resist a Touch of Evil  Aroused with desire You put me in a trance A vision of fire I never had a chance  A dark angel of sin Preying deep from within Come take me in  I'm so afraid But I still feed the flame  In the night Come to me You know I want your Touch of Evil In the night Please set me free I can't resist a Touch of Evil  Arousing me now with a sense of desire Possessing my soul till my body's on fire  A dark angel of sin Preying deep from within Come take me in  I'm so afraid But I still feed the flame  You're possessing me  ", "artist": "Judas priest", "genre": "Heavy Metal", "album": "Metal Works '73-'93", "year": 1993, "source": "Darklyrics"},
{"name": "28. The Rage", "lyrics": "  From a fireball we came crossed sea and mountain We were drinking beauty with our eyes We were given all to make our own Let us be left alone  Laid the tasks and paid the price Everything survives Crushed and bolted all the grain At every wind what a stake we're in Is pain better than the grave  When we talk without amend We see red and then Deep inside our blood begins to boil Like a tiger in the cage We begin to shake with rage  ", "artist": "Judas priest", "genre": "Heavy Metal", "album": "Metal Works '73-'93", "year": 1993, "source": "Darklyrics"},
{"name": "29. Night Comes Down", "lyrics": "  In the last rays of the setting sun And the past days, that's where our memories run And all of those times Still race through my mind I'm shattered inside to find  When the night comes down And I'm here all alone When the night comes down And there's no place to go  Call me and I'll wait till the summer You never understood Call me and I'll wait forever For a love that's only good As the light starts to dim The fear closes in And the nightmares begin  Oh no you won't be there tomorrow Oh no say it isn't true Can't take this pain and sorrow Oh can't you see my heart is broken in two  ", "artist": "Judas priest", "genre": "Heavy Metal", "album": "Metal Works '73-'93", "year": 1993, "source": "Darklyrics"},
{"name": "30. Sinner", "lyrics": "  Sinner rider, rides in with the storm The devil rides beside him The devil is his god, God help you mourn Do you, do you hear it, do you hear the thunder Deafen every living thing about Can you, can you see it, can you See the mountains darken yonder Black sun rising, time is running out  Sacrifice to vice or die by the hand of the Sinner! Sinner! Sinner! Sinner!  His steed of fury, Eyes of fire and mane ablaze Demonic vultures stalking Drawn by the smell of war and pain He roams the starways Searching for the carcasses of war But if it's hungry then its very presence Disrupts the calm into the storm  Curse and damn you all you'll fall by the hand of the Sinner! Sinner! Sinner! Sinner!  God of the Devils, God of the Devils Won't you help them pray God of the Devils, God of the Devils Is there no other way  Can't you hear their souls calling out in their plight Can't you see their blood is boiling setting them alight  Thirty years now sleeping, so sound War raises its head, and looks slowly around The Sinner is near, sensing the fear And the beast will start movin' around  Can't you see their souls calling out in their brain Can't you hear their blood is boiling setting them alight  Sinner! Sinner! Sinner! Sinner!  Sacrifice to vice or die by the hand of the Curse and damn you all you fall by the hand of the Sinner!  ", "artist": "Judas priest", "genre": "Heavy Metal", "album": "Metal Works '73-'93", "year": 1993, "source": "Darklyrics"},
{"name": "31. Freewheel Burning", "lyrics": "  Fast and furious We ride the universe To carve a road for us That slices every curve in sight We accelerate, No time to hesitate This load will detonate Whoever would Contend its right Born to lead At breakneck speed With high octane We're spitting flames  Freewheel burning  On we catapult We're thrusting to the hiltUnearthing every fault Go headlong into any dare We don't accept defeat We never will retreat We blaze with scorching heat Obliteration's everywhere  Look before you leap Has never been the way we keep Our road is free Charging to the top And never give in never stops The Way to be Hold on to the lead With all your will and concede You'll find there's life With victory on high  Freewheel Burning  ", "artist": "Judas priest", "genre": "Heavy Metal", "album": "Metal Works '73-'93", "year": 1993, "source": "Darklyrics"},
{"name": "32. Night Crawler", "lyrics": "  Howling winds keep screaming round And the rain comes pouring down Doors are locked and bolted now As the thing crawls into town  Straight out of hell One of a kind Stalking his victim Don't look behind you  Nightcrawler Beware the beast in black Nightcrawler You know he's coming back Night Crawler  Sanctuary is being sought Whispered prayers a last resort Homing in its' cry distorts Terror struck they know they're caught  Straight out of hell One of a kind Stalking his victim Don't look behind you  Nightcrawler Beware the beast in black Nightcrawler You know he's coming back Night Crawler  As night is falling The end is drawing near They'll hear Their last rites echo on the wind  Huddled in the cellar Fear caught in their eyes Daring not to move or breathe As the creature cries Fingernails start scratching On the outside wall Clawing at the windows \"Come to me\" it calls Atmosphere's electric As it now descend the stairs  Hiding in the darkness Is so futile from its glare Death comes in an instant As they hoped it would Souls ascend to heaven While it feasts on flesh and blood     ", "artist": "Judas priest", "genre": "Heavy Metal", "album": "Metal Works '73-'93", "year": 1993, "source": "Darklyrics"}
]