[
{"name": "1. The Green Manalishi", "lyrics": "Now when the day goes to sleep and the full moon looks And the night is so black that the darkness cooks And you come creeping around, making me do things I don't want to do  Can't believe that she needs my love so bad Come sneaking around, trying to drive me mad Busting in all my dreams, making me see things I don't want to see  'Cause you're the Green Manalishi with the two-pronged crown All night dragging us up, or you're bringing us down Just taking my love, and slip away Leaving me here, trying to keep from following you  ", "artist": "Judas priest", "genre": "Heavy Metal", "album": "The Best Of Judas Priest: Living After Midnight", "year": 1998, "source": "Darklyrics"},
{"name": "2. Living After Midnight", "lyrics": "Living after midnight, rockin' to the dawn Lovin' 'til the morning, then I'm gone, I'm gone  I took the city 'bout one A.M, loaded, loaded I'm all geared up to score again, loaded, loaded I come alive in the neon light That's when I make my moves right  Living after midnight, rockin' to the dawn Lovin' 'til the morning, then I'm gone, I'm gone  Got gleaming chrome, reflecting steel, loaded, loaded Ready to take on every deal, loaded, loaded My pulse is racing, I'm hot to take This motor's revved up, fit to break  Living after midnight, rockin' to the dawn Lovin' 'til the morning, then I'm gone, I'm gone  I'm aiming for ya I'm gonna floor ya My body's coming All night long  The air's electric, sparkin' power, loaded, loaded I'm getting hotter by the hour, loaded, loaded I set my sights and then home in The joint starts flying when I begin  Living after midnight, rockin' to the dawn Lovin' 'til the morning, then I'm gone, I'm gone Living after midnight, rockin' to the dawn Lovin' 'til the morning, then I'm gone, I'm gone  ", "artist": "Judas priest", "genre": "Heavy Metal", "album": "The Best Of Judas Priest: Living After Midnight", "year": 1998, "source": "Darklyrics"},
{"name": "3. Breaking The Law (Live)", "lyrics": "There I was completely wasting, out of work and down all inside it's so frustrating as I drift from town to town feel as though nobody cares if I live or die so I might as well begin to put some action in my life  Breaking the law, breaking the law Breaking the law, breaking the law Breaking the law, breaking the law Breaking the law, breaking the law  So much for the golden future, I can't even start I've had every promise broken, there's anger in my heart you don't know what it's like, you don't have a clue if you did you'd find yourselves doing the same thing too  Breaking the law, breaking the law Breaking the law, breaking the law Breaking the law, breaking the law Breaking the law, breaking the law  You don't know what it's like  Breaking the law, breaking the law Breaking the law, breaking the law Breaking the law, breaking the law Breaking the law, breaking the law  Breaking the law  ", "artist": "Judas priest", "genre": "Heavy Metal", "album": "The Best Of Judas Priest: Living After Midnight", "year": 1998, "source": "Darklyrics"},
{"name": "4. Hot Rockin'", "lyrics": "I've done my share of workin' out. I wanna go some place, where I can scream and shout. Show me the lights, where I can find The only thing I need to give me peace of mind!  I wanna go, I wanna go, I wanna go Hot Rockin'  Where is the spark that kicks the air? Where is the energy that charges everywhere? I see the crowd, I hear the roar! I feel my body to leave the ground and soar!  I wanna go, I wanna go, I wanna go Hot Rockin'!  I'm goin' out in search of the bright lights. Somehow I feel that tonight is the right night! I'm almost there, I've got the vibration. It's coming strong from this generation. My blood is hot, from now on I'm set free! My pulse is hot, so don't try to stop me! Cuz this is it, and I'm Hot Rockin'!  Don't let it stop, don't let it end, Please let it carry on and on and on again. I get so high. Knocked off my feet, yeah! This is the only way I want, I want, I want  I wanna go, I wanna go, I wanna go Hot Rockin'!  It's all I want, it's all I crave. I just do want to go Hot Rockin'!  ", "artist": "Judas priest", "genre": "Heavy Metal", "album": "The Best Of Judas Priest: Living After Midnight", "year": 1998, "source": "Darklyrics"},
{"name": "5. Heading Out To The Highway (Live)", "lyrics": "Well I've said it before, and I'll say it again You get nothing for nothing: expect it when You're backseat driving, and your hands ain't on the wheel It's easy to go along with the crowd, And find later on that your say ain't allowed Oh that's the way to find what you've been missing  So I'm heading out to the highway I got nothing to lose at all I'm gonna do it my way Take a chance before I fall A chance before I fall!  You can hang in a left or hang in a right The choice it is yours to do as you might The road is open wide to place your bidding Now, wherever you turn, wherever you go If you get it wrong, at least you can know There's miles and miles to put it back together!  And I'm heading out to the highway I got nothing to lose at all I'm gonna do it my way Take a chance before I fall A chance before I fall!  On the highway! On the highway!  Making a curve or taking the strain On the decline, or ut on the wain Oh everybody breaks down sooner or later We'll put it to rights, we'll square up and mend. Back on your feet to take the next bend! You weather every storm that's coming atcha!  And I'm heading out to the highway I got nothin' to lose at all I'm gonna do it my way Take a chance before I fall Yes, I'm heading out to the highway, I got nothing to lose at all. I got nothing to lose at all!  ", "artist": "Judas priest", "genre": "Heavy Metal", "album": "The Best Of Judas Priest: Living After Midnight", "year": 1998, "source": "Darklyrics"},
{"name": "6. The Hellion", "lyrics": " ", "artist": "Judas priest", "genre": "Heavy Metal", "album": "The Best Of Judas Priest: Living After Midnight", "year": 1998, "source": "Darklyrics"},
{"name": "7. Electric Eye", "lyrics": "Up here in space I'm looking down on you. My lasers trace Everything you do. You think you've private lives Think nothing of the kind. There is no true escape  I'm watching all the time. I'm made of metal My circuits gleam. I am perpetual I keep the country clean.  I'm elected electric spy I protected electric eye. Always in focus You can't feel my stare. I zoom into you You don't know I'm there. I take a pride in probing all your secret moves My tearless retina takes pictures that can prove.  Electric eye, in the sky Feel my stare, always there 's nothing you can do about it. Develop and expose I feed upon your every thought And so my power grows. Protected. Detective. Electric eye.  ", "artist": "Judas priest", "genre": "Heavy Metal", "album": "The Best Of Judas Priest: Living After Midnight", "year": 1998, "source": "Darklyrics"},
{"name": "8. You've Got Another Thing Comin'", "lyrics": "One life I'm gonna live it up I'm takin' flight I said I'll never get enough Stand tall I'm young and kinda proud I'm on top as long as the music's loud. If you think I'll sit around as the world goes by You're thinkin' like a fool 'cause it's a case of do or die. Out there is a fortune waitin' to be had If you think I'll let it go you're mad You've got another thing comin'.  That's right here's where the talkin' ends Well listen this night there'll be some action spent. Drive hard I'm callin' all the shots I got an ace card comin' down on the rocks.  If you think I'll sit around while you chip away my brain Listen I ain't foolin' and you'd better think again. Out there is a fortune waitin' to be had If you think I'll let it go you're mad You've got another thing comin'. In this world we're livin' in we have our share of sorrow Answer now is don't give in aim for a new tomorrow.  Oh so hot no time to take a rest yeah At top, ain\u2019t room for second best Real strong got me some security Hey I'm a big smash I'm goin' for infinity yeah.  If you think I'll sit around as the world goes by You're thinkin' like a fool 'cause it's a case of do or die. Out there is a fortune waitin' to be had If you think I'll let it go you're mad You've got another thing comin' You've got another thing comin'  You've got another think comin': Comin', oh yeah!! You've got another thing comin' You've got another thing comin':.  ", "artist": "Judas priest", "genre": "Heavy Metal", "album": "The Best Of Judas Priest: Living After Midnight", "year": 1998, "source": "Darklyrics"},
{"name": "9. Turbo Lover", "lyrics": "You won't hear me, But you'll feel me Without warning, somethings dawning, listen. Then within your senses, You'll know you're defenseless How your heart beats, when you run for cover Your cant retreat I spy like no other.  Then we race together. We can ride forever Wrapped in horsepower, driving into fury Changing gear I pull you tighter to me  I'm your turbo lover Tell me there's no other I'm your turbo lover Better run for cover  We hold each other closer, as we shift to overdrive And eveyrthing goes rushing by, with every nerve alive We move so fast it seems as though we've taken to the sky Love machines in harmony, we hear the engines cry.  I'm your turbo lover Tell me there's no other I'm your turbo lover Better run for cover  On and on we're charging to the place so many seek In perfect synchronicity of which so many speak We feel so close to heaven in this roaring heavy load And then in sheer abandonment, we shatter and explode.  I'm your turbo lover Tell me there's no other I'm your turbo lover Better run for cover  I'm your turbo lover Tell me there's no other I'm your turbo lover Better run for cover  ", "artist": "Judas priest", "genre": "Heavy Metal", "album": "The Best Of Judas Priest: Living After Midnight", "year": 1998, "source": "Darklyrics"},
{"name": "10. Freewheel Burning", "lyrics": "Fast and furious we ride the universe To carve a road for us that slices every curve in sight  We accelerate,no time to hesitate This load will detonate whoever would antend its right  Born to lead at breakneck speed with high octane We're spitting flames:  Freewheel burning Freewheel burning  On we catapult, we're thrusting to the hilt Unearthing every fault, go headlong into any dare  We don't accept defeat, we never will retreat We blaze with scorching heat obliterations everywhere  Look before you leap has never been the way we keep Our road is free Charging to the top And never give in never stops the way to be Hold on to the lead with all your will and concede You'll find there's life with victory on high  ", "artist": "Judas priest", "genre": "Heavy Metal", "album": "The Best Of Judas Priest: Living After Midnight", "year": 1998, "source": "Darklyrics"},
{"name": "11. Some Heads Are Gonna Roll", "lyrics": "You can look to the left and look to the right But you will live in danger tonite When the enemy comes he will never be heard He'll blow your mind and not say a word  Blinding lights-flashing colors Sleepless nights If the man with the power Can't keep it under control  Some heads are gonna roll Some heads are gonna roll  The power-mad freaks who are Ruling the earth Will show little they think you're worth With animal lust they'll devour your life And slice your word to bits like a knife  One last day burning hell fire You're blown away If the man with the power Can't keep it under control  Some heads are gonna roll Some heads are gonna roll  Know what it's like When you're taken for granted there goes your life It's so underhanded If the man with the power Can't keep it under control  Some heads are gonna roll Some heads are gonna roll  ", "artist": "Judas priest", "genre": "Heavy Metal", "album": "The Best Of Judas Priest: Living After Midnight", "year": 1998, "source": "Darklyrics"},
{"name": "12. Metal Meltdown", "lyrics": "Something's calling In the night Electric madness Roars in sight  Heat is rising Blazing fast Hot and evil Feel the blast  Out of control About to explode It's coming at ya  Here comes the Metal Meltdown Run for your lives Can't stop the Metal Meltdown No-one survives  Raging fury Wired for sound Nitro bombshell Shakes the ground  High and mighty Rips the air Piercing lazer Burning glaze  Out of control About to explode It's coming at ya  Here comes the Metal Meltdown Run for your lives Can't stop the Metal Meltdown No-one survives  Temperature is boiling Magnifying might Feeding like a virus Flashing light  Imminent collision Shockwaves all around Generating energy Screams so loud  It's comin' - Meltdown Start runnin' - Countdown  ", "artist": "Judas priest", "genre": "Heavy Metal", "album": "The Best Of Judas Priest: Living After Midnight", "year": 1998, "source": "Darklyrics"},
{"name": "13. Ram It Down", "lyrics": "Raise the sights, the city lights are calling We're hot tonight, the time is right, there's nitro in the air In the street is where we'll meet, we're warning On the beat, we won't retreat, beware  Thousand of cars and a million guitars Screaming with power in the air We've found the place where the decibels race This army of rock will be there  To ram it down, ram it down Straight through the heart of this town Ram it down, ram it down Razing the place to the ground Ram it down  Bodies revvin' in leather heaven in wonder Lights are dimmin' and heads are swimmin' as thunder hits the stage Hell breaks loose, turn on the juice get stronger We metal maniacs begin to rave  Thousand of cars and a million guitars Screaming with power in the air We've found the place where the decibels race This army of rock will be there  To ram it down, ram it down Straight through the heart of this town Ram it down, ram it down Razing the place to the ground Ram it down  Shout it out, we're all together now Shout it out, we join as one, one  Thousand of cars and a million guitars Screaming with power in the air We've found the place where the decibels race This army of rock will be there  To ram it down, ram it down Straight through the heart of this town Ram it down, ram it down Razing the place to the ground Ram it down  ", "artist": "Judas priest", "genre": "Heavy Metal", "album": "The Best Of Judas Priest: Living After Midnight", "year": 1998, "source": "Darklyrics"},
{"name": "14. Diamonds And Rust (Live)", "lyrics": "I'll be damned, here comes your ghost again But that's not unusual It's just that the moon is full And you decided to call  And here I sit, hand on the telephone Hearing the voice I'd known A couple of light years ago Headed straight for a fall  But we both know what memories can bring They bring Diamonds and Rust Yes we both know what memories can bring They bring Diamonds and Rust  Now I see you standing with brown leaves all around and snow in your hair Now we're smiling out the window of the crummy hotel over Washington Square Our breath comes in white clouds, mingles and hangs in the air Speaking strictly for me we both could've died then and there  Now you're telling me you're not nostalgic Then give me another word for it You were so good with words And at keeping things vague  Cause I need some of that vagueness now It's all come back too clearly, yes, I love you dearly And if you're offering me diamonds and rust, I've already paid  But we both know what memories can bring They bring Diamonds and Rust Yes we both know what memories can bring They bring Diamonds and Rust  Diamonds, Diamonds and Rust Diamonds, Diamonds and Rust Diamonds, Diamonds and Rust Diamonds, Diamonds and Rust  ", "artist": "Judas priest", "genre": "Heavy Metal", "album": "The Best Of Judas Priest: Living After Midnight", "year": 1998, "source": "Darklyrics"},
{"name": "15. Victim Of Changes (Live)", "lyrics": "Whiskey woman don't you know that you are drivin' me insane The liquor you give stems your will to live and gets right to my brain Don't you know you're driving me insane You're tryin' to find your way through life You're tryin' to get some new direction Another woman got her man She won't find no new connection  Takes another drink or two, things look better when she's through  Takes another look around, you're not goin' anywhere You've realized you're gettin' old and no one seems to care You're tryin' to find your way again You're tryin' to find some new... Another woman's got her man But she won't find a new...  Takes another drink or two, things look better when she's through  You 'bin foolin' with some hot guy I want to know why is it why Get up get out you know you really blew it I've had enough, I've had enough, good God pluck me  Once she was wonderful Once she was fine Once she was beautiful Once she was mine...she was mine  Now change has come over her body, she doesn't see me anymore Now change has come over her body, she doesn't see me anymore  Changes, changes, changes, changes Victim of changes  ", "artist": "Judas priest", "genre": "Heavy Metal", "album": "The Best Of Judas Priest: Living After Midnight", "year": 1998, "source": "Darklyrics"},
{"name": "16. Tyrant (Live)", "lyrics": "Behold 'tis I the commander Whose grip controls you all Resist me not, surrender I'll no compassion call  (Tyrant) Capture of humanity (Tyrant) Conqueror of all (Tyrant) Hideous destructor (Tyrant) Every man shall fall  Your very lives are held within my fingers I snap them and you cower down in fear You spineless things who belly down to slither To the end of the world you follow to be near  (Tyrant) Capture of humanity (Tyrant) Conqueror of all (Tyrant) Hideous destructor (Tyrant) Every man shall fall  Mourn for us oppressed in fear Chained and shackled we are bound Freedom choked in dread we live Since Tyrant was enthroned  I listen not to sympathy Whilst ruler of this land Withdraw your feeble aches and moans Or suffer smite from this my hand  (Tyrant) Capture of humanity (Tyrant) Conqueror of all (Tyrant) Hideous destructor (Tyrant) Every man shall fall  Mourn for us oppressed in fear Chained and shackled we are bound Freedom choked in dread we live Since Tyrant was enthroned  My legions faithful unto death I'll summon to my court And as you perish each of you Shall scream as you are sought  (Tyrant) Capture of humanity (Tyrant) Conqueror of all (Tyrant) Hideous destructor (Tyrant) Every man shall fall     ", "artist": "Judas priest", "genre": "Heavy Metal", "album": "The Best Of Judas Priest: Living After Midnight", "year": 1998, "source": "Darklyrics"}
]