[
{"name": "1. One For The Road", "lyrics": "  Where would you be without music? You would be nowhere at all We wouldn't be here doing this now If you weren't having a ball  One for the road Sharing our load Show us the way  Can you imagine the silence Not even the pink or white noise? Well, thankfully we've got the license To have us some fun with the boys  One for the road Sharing our load Show us the way  The melody line's fascinating The rhythm is something divine It sends our adrenaline racing To see you all moving so fine  One for the road Sharing our load Show us the way  One for the road Sharing our load  ", "artist": "Judas priest", "genre": "Heavy Metal", "album": "Rocka Rolla", "year": 1974, "source": "Darklyrics"},
{"name": "2. Rocka Rolla", "lyrics": "  Man eatin' momma, steam driven hammer Sorts the men out from the boys Takes no messin', all in wrestlin' Is one of her pride and joys  She a classy, flashy lassy Imitation sapphire shine Two faced liar, full of fire But I know the flame is mine  Rocka rolla woman for a rocka rolla man You can take her if you want her If you think you can Rocka rolla woman for a rocka rolla man You can take her if you want her you can  She's a grip and choke ya Heavy smoker Wrong side of the law  Midnight shady Good time lady Heavy, ready show you what for  Barroom fighter Ten pint a nighter Definite ninety-nine  Diamond cluster Knuckle duster Feline on the borderline  Rocka rolla woman for a rocka rolla man You can take her if you want her If you think you can Rocka rolla woman for a rocka rolla man You can take her if you want her you can  ", "artist": "Judas priest", "genre": "Heavy Metal", "album": "Rocka Rolla", "year": 1974, "source": "Darklyrics"},
{"name": "3. Winter", "lyrics": "  Got no silver for my pocket got no pillow for my head and the winter it gets stronger got to ease my aching head  In the morning when I wake up Got this feeling deep inside And I wonder if I'm dying Or I'll got out of my mind  I still get this awful feeling When the snow falls to the ground It still sends my sense reeling Knowing winter's come to town  ", "artist": "Judas priest", "genre": "Heavy Metal", "album": "Rocka Rolla", "year": 1974, "source": "Darklyrics"},
{"name": "4. Deep Freeze", "lyrics": "  I still get this, awful feeling When the snow falls, to the ground  It still sends my, senses reeling Telling winter, come to town  ", "artist": "Judas priest", "genre": "Heavy Metal", "album": "Rocka Rolla", "year": 1974, "source": "Darklyrics"},
{"name": "5. Winter Retreat", "lyrics": "  Now winter wind fades from my face My heart will no longer race Sun smiling down from the sky Melts away ice from my eye Warmth eases back to my soul Bitterness shrugs then it goes  ", "artist": "Judas priest", "genre": "Heavy Metal", "album": "Rocka Rolla", "year": 1974, "source": "Darklyrics"},
{"name": "6. Cheater", "lyrics": "  I got home late this evening, stumbled up the stair I couldn't believe my eyes when I looked in the bedroom there My woman with a man was lyin' fast asleep I felt a rage inside me, control I couldn't keep  She was a cheater  I reached the dressing table, kicked away the door I gripped the cold black metal, a loaded .44 By this time they're awake and they don't know what to do I scream you cheatin' bitch here's what I think of you  You are a cheater  They both pleaded for mercy, I said no way When you do this upon me, you have no say I treated you so real good, and this is what you do Oh no I've finished with you, your time is through  You are a cheater  If you need a cheater there's nobody sweeter than this one There's no neater, come on here and meet her Cheater, cheater, cheater, come on and meet her...  ", "artist": "Judas priest", "genre": "Heavy Metal", "album": "Rocka Rolla", "year": 1974, "source": "Darklyrics"},
{"name": "7. Never Satisfied", "lyrics": "  Where do we go from here There must be something near Changing you, changing me forever Places change, faces change  Life is so very strange Changing time, changing rhyme together There's nowhere else to go... This could be or last show Changing dreams changing schemes... NEVER  We're never satisfied Love is gone along with fun Now we're reaching for the gun Changing cast, changing fast No more tether We are never satisfied  ", "artist": "Judas priest", "genre": "Heavy Metal", "album": "Rocka Rolla", "year": 1974, "source": "Darklyrics"},
{"name": "8. Run Of The Mill", "lyrics": "  What have you achieved now you're old Did you fulfill ambition, do as you were told Or are you still doing the same this year Should I give sorrow, or turn 'round and sneer  I know that the prospects weren't all that good But they improved, and I'd have thought that you could Have strived for that something we all have deep inside Not let it vanish, along with your pride  Now with the aid of your new walking stick You hobble along through society thick And look mesmerized by the face of it all You keep to the gutter in case you fall  I can't go on I can't go on I can't go on I can't go on  I, I, I, I...  ", "artist": "Judas priest", "genre": "Heavy Metal", "album": "Rocka Rolla", "year": 1974, "source": "Darklyrics"},
{"name": "9. Dying To Meet You", "lyrics": "  Came in this morning high on a bird's wing Wide open minded,but still quite aware Followed the sunrise right through from dawning Picking out landmarks that said i was there Lead to positions by stern faced leaders Who never let one smile depart from their face  Then with an arm raised the slaughter is started One or two crack up and start to cry A selfishness breeds in this cesspool of sorrow And every few moments I see a friend die Synchronized watches flash in the sunlight As into the battle we are all led  Killer, killer, you keep your thoughts at bay Maiming, destroying every single day, Is this the way that you get your fun slaying, waylaying in the heat of the midday sun, Get out, get out, go and do your job Rape and pillage, squander all and rob. You make me sick getting paid for murder,  But you wouldn't lay a finger on your mother, oh, no You'll never ever dream to hurt her. Hero, hero, you have done so well So sit back and lick your wounds 'cause you won't go to hell. Take your medal, wear it now with pride. Consolation for the pain and sin you feel inside.  ", "artist": "Judas priest", "genre": "Heavy Metal", "album": "Rocka Rolla", "year": 1974, "source": "Darklyrics"},
{"name": "10. Caviar And Meths", "lyrics": "     ", "artist": "Judas priest", "genre": "Heavy Metal", "album": "Rocka Rolla", "year": 1974, "source": "Darklyrics"}
]