[
{"name": "1. Enemy Of God", "lyrics": "Shocked Orwellian races Gather united in grief Nothing is left from the world they have known Grotesque indifferent belief Systems have failed Rules can't control Corrupt dictators forever dethroned Lies of the priest Trust of the blind Failure of structures manipulate deviant crimes  All nations hail the end of peace New dawn inception of disease Age of revenge has now been born By the mother of all wars  Enemy of god Purity and innocence is killed Enemy of god Peace has died the day when life stood still  Clash of demonic religions Hatred the human divine Despotic aggressors in triumph they reign Fanatics bring mayhem to life War of all wars Foreseen before Freedom's foundations exist no more A genocide nightmare the darkest of days Chaos devourers as all hope and pride fades  Total carnage sudden death Sent from a morbid mind possessed A godless Mekka now awaits, as hellish flames desecrates  Enemy of god Purity and innocence is killed Enemy of god Peace has died the day when life stood still  Now the fury is unleashed The hunter has become prey for the beast Breathing savage distain Malevolence ingrained No emotion for humanity Tragically the palace falls Burned are the imperators halls For their decadent facades All their elitaire Exhibition of filth to watch for all  For those who die along the way Timeless glory awaits  For those who die along the way Timeless glory awaits  Enemy of god Purity and innocence is killed Enemy of god Peace has died the day when life stood still  Nothing can divide Terror is thy name Last legion alive Set the world aflame Enemy of god Masters you have none Sweet the victory When thy kingdom come Enemy of god Cast deliverance Fanatical divide Slaying innocence Enemy of god Answer to no one Bringing war from heaven A thousand fires burn A thousand fires burn  ", "artist": "Kreator", "genre": "Thrash Metal", "album": "Enemy Of God", "year": 2005, "source": "Darklyrics"},
{"name": "2. Impossible Brutality", "lyrics": "All I see is Terror All I see is pain All I see is mothers dragging children to their graves A curse as old as time, An armageddon misery Spectators of a World in ruins Hypnotized I'm staring at  Impossible Brutality  Its all there was, Its all there'll ever be  All I see is violence All I see is hate All I see is tyrants dragging servants on a chain A curse as old as time, An armageddon misery Spectators of a World in ruins Paralyzed I'm staring at  Impossible Brutality  Its all there was, Its all there'll ever be  How much more can you take Propaganda mind control From the cradle to the grave Poisoned fruits to kill the soul The weak following the blind Fearful hearted empty eyed In this mortal plane of slaves Life's oppressors can not be destroyed  All I see is Terror All I see is pain All I see is mothers dragging children to their graves A curse as old as time, An armageddon misery Spectators of a World in ruins Paralyzed I'm staring at  Impossible Brutality  Its all there was, Its all there'll ever be  And as your World collapses I'll watch it die in silence I wish this day would come now Await it's dawning without fear  ", "artist": "Kreator", "genre": "Thrash Metal", "album": "Enemy Of God", "year": 2005, "source": "Darklyrics"},
{"name": "3. Suicide Terrorist", "lyrics": "Suicide Terrorist Bringing Worldwide death Random killing Cruelty obsessed  Tool for those who know no compromise Dicating demanding lives Leaders breathing hell Cities burn the day you die now  Suicide Terrorist living sacrifice Nameless icon withing blood baptized For the victory of brand new lies Your life shall be the price  Suicide Terrorist Religious devide Fearless killing Aggression redefined  Socialists and capitalists fall No front line and no rules to this war Let battle commence The World will learn the day you die now  Suicide Terrorist living sacrifice Nameless icon withing blood baptized For the victory of brand new lies Your life shall be the price  Eradication cleansing of the west This fragments hypocrisy won't last A man made pandamonium absurd Hysteria breeding hell on earth  Suicide Terrorist bringing Worldwide death Random killing cruelty obsessed Tool for those who know no compromise Dicating and demanding One hundred thousand innocent lives  Suicide Terrorist living sacrifice Nameless icon within blood baptized Socialists and capitalists fall Self imposed martyr in a holy war  ", "artist": "Kreator", "genre": "Thrash Metal", "album": "Enemy Of God", "year": 2005, "source": "Darklyrics"},
{"name": "4. World Anarchy", "lyrics": "Isolated World in pain the tyrants bitter triumph Devoted celebrate the empires ice cold victory Fed their soulless bodies to the vultures and the lions They're scared to raise their voices in disasters long foreseen  I hate your lives Falsegood and lies I hate your World Your paradise drowns in chaos to breed  World Anarchy World Anarchy  Kings ruling emptiness and terror over ruins Fast destruction slow death to all masters of the earth Kings rulers autocrats in corpse mountain seance The harvest of all cultures raped by axe and sword  I hate your lives Falsegood and lies I hate your World Your paradise drowns in chaos to breed  World Anarchy World Anarchy  Coming down  Lost are the weak Slaves in service for a dream so fake Religion can't save all those lived without soul Fall with the prophets and saints as hell Is burning the last seeds of hope  And the last thing they will see As their icons fall from grace A dark horde coming from the east To bring the old reich to it's grave  Total chaos takes control now  I hate your falsehood and lies I see your dreams drowning in World anarchy  ", "artist": "Kreator", "genre": "Thrash Metal", "album": "Enemy Of God", "year": 2005, "source": "Darklyrics"},
{"name": "5. Dystopia", "lyrics": "Welcome to the coldest age of darkness Millennium deprivation, deception and deceit Feared in presence, loathed within their absense Feed the dogs of war To keep a fragile peace  All hail dystopia Your parasite messiah never comes All hail dystopia God has died when war drags on and on  Psuedo truth, perversion and religion Disorder seperates and scatters Shepherds from the sheep Tragedy and suicide decisions Destroyers are not saviours in wartime misery  All hail dystopia Your parasite messiah never comes All hail dystopia God has died when war drags on and on  Gehena abomination Crypts under the sun Sacrifice the lives of those dead armies Marhcing on and on.  All hail dystopia Your parasite messiah never comes All hail dystopia God has died when war drags on and on  ", "artist": "Kreator", "genre": "Thrash Metal", "album": "Enemy Of God", "year": 2005, "source": "Darklyrics"},
{"name": "6. Voices Of The Dead", "lyrics": "Oldest dream without a dream Cold but sweet and tempting As I look into those eyes long gone And it feels like you were still a part Of this restless world From beyond you reach out for my hand Come closer follow me  Are you willing to pay the price To see what the future will bring Here in the place where the weak become strong And the lowest of life become kings All are lost in euphoria No failure or earthly disease Glorious and proud, stands the beggar now crowned Who once lived a life on his knees  Tonight I hear you whisper Deep inside within my head Tonight I see familiar faces Voices of the dead calling me  Are you aware of the hate and the greed That would fall forever from you Do you believe that this mortal coil Is the only path you can choose Memories of life Memories of death Right here its all the same So come on over to the other side And let go of this life of pain  Tonight I hear you whisper Deep inside within my head Tonight I see familiar faces Voices of the dead calling me  So my friend don't leave me now There's nothing I would miss here Let me join the cirle now and teach me how to fly Love and hate, lust and joy I have seen it all here So lead me through and light my path Embrace me as I die  ", "artist": "Kreator", "genre": "Thrash Metal", "album": "Enemy Of God", "year": 2005, "source": "Darklyrics"},
{"name": "7. Murder Fantasies", "lyrics": "A mind consumed with anger From the womb I was insane I cannot help but hate you now Can't breathe cannot think straight Like a wounded beast I long for your death A vision of you dying is forming in my head I look down on the things you stand for a believe I crave control of subjects I will take you to the final extreme  I want to kill you Take away your life In torture as you die I want to kill you Your death I want to feel Create your corpse in murder fantasies  Feel me coming closer Eyes all filled with tears As long as you don't fade away The pain won't disappear Nothing will be left of your repulsive world I'll take you to a place where your cries Cannot be heard My laughter, like salt, I pour into your wounds Hysteric screams of pleasure An abstract violent soundtrack to your doom  I want to kill you Take away your life In torture as you die I want to kill you Your death I want to feel Create your corpse in murder fantasies  Just you and me now the ritual begins There will be no emotion just cold-blooded killing When you least expect it I'll stand before you Don't try to escape for today My fantasy comes true  I want to kill you, I want to kill you, I want to kill you I'll make you suffer I'll make you scream I will be known as dispose the supreme Inhale from those I despise Expandable, taker of life Caress the blade, I lay waste Erased!!!!  ", "artist": "Kreator", "genre": "Thrash Metal", "album": "Enemy Of God", "year": 2005, "source": "Darklyrics"},
{"name": "8. When Death Takes It's Dominion", "lyrics": "The best minds of a generation slowly disappeared For every dream that died a fratured soul All that people fought for lost it's meaning through the years And those who stood as one turned into acrimonious foes  Where is resistance? Wiped out and killed Obey discipline, fear Facing the end of moral ideals  I come to reclaim The whole planet and its kingdoms When Death takes its dominion Now, bow down I will reign Golden cities to oblivion When death takes its dominion through hate  Colonies force fed illusion, hooked upon the line Denounce all, devils left to judge Dark wings unfurl, cast the shadow of shameful decline Yesterdays legends embrace the warmth of mighty death  Where is resistance? Wiped out and killed Obey discipline, fear Facing the end of morals and ideals  I come to reclaim The whole planet and its kingdoms When Death takes its dominion Now, bow down I will reign Golden cities to oblivion When death takes its dominion through hate  Ideologies and concepts failed A sycophantic feast Laid before his royal satanic grace A dark reality penetrates, a protest of deceit Imperialists and subjects face to face Terror is the shadow of our fear Terror is the shadow  When death takes its dominion Everything dies!!!!!!!!!!!!!!!!!!!!!!!  ", "artist": "Kreator", "genre": "Thrash Metal", "album": "Enemy Of God", "year": 2005, "source": "Darklyrics"},
{"name": "9. One Evil Comes - A Million Follow", "lyrics": "From all the things that wait for you The blood, tears the destruction The loss, the mourning and the shocks That fate still has in store No magic, no man made belief Can change your life's cruel journey And one cursed minute takes away All pleasures from before  Hand of fate is stronger than us Bringing pain, bringing sorrow Crashing down, in a split second change One Evil comes * A million follow  Never safe from what will be Things come as they shall come From first to last all misery You're dealt with cruel cards As tortured fear grabs your heart Fate seems to laugh out loud Wasting life, doubting all And counting all the scars  Hand of fate is stronger than us Bringing pain, bringing sorrow Crashing down, in a split second change One Evil comes * A million follow  Though things won't be the same It's all part of the game Nothing is left to chance When fate is dictating the end  ", "artist": "Kreator", "genre": "Thrash Metal", "album": "Enemy Of God", "year": 2005, "source": "Darklyrics"},
{"name": "10. Dying Race Apocalypse", "lyrics": "The final hours coming Closing chapter of time As the embers fade Not even the strong will survive Great catastrophe told by the prophets and wise Those who believe in gods start praying their prayers of lies  Howling wind pouring rain Rising tides endless days For the sun and the stars Never to rise again  Whores and Angels flee As Babylon burns Summoned into the void Never to return As the waters rise The grand leveller leads The future of the new order Drowning to funeral beats  Kingdom epires fall Rulers conquerors crawl No more urge to be free No more hate tyranny  With the fire comes the storm Death will call you I wish you were never born Infernos demons crawl from the deepest abyss Dawn of a dying race apocalypse  All comes to an end, roots of all life Fear greed hypocrisy jealousy lies Nations tribes every race All that has been done, godforsaken All that we've been able to learn Will be wiped from the earth's face  With the fire comes the storm Death will call you'll wish you were never born Infernos demons crawl from the deepest abyss Dawn of a dying race apocalypse  ", "artist": "Kreator", "genre": "Thrash Metal", "album": "Enemy Of God", "year": 2005, "source": "Darklyrics"},
{"name": "11. Under A Total Blackened Sky", "lyrics": "One with the voices Better left unheard One with the dark side The force that turns the earth  One of the mortal That ignorance protects Some unleash a future that takes foundation In their certain death  And I'm seeing red When I see your face And I scorn your name  There's a vision brighter than a thousand suns Rulers fear to face the violence As stronger it becomes  Until the day we die We have to live beneath a blackened sky Under a total blackened sky  One with the dead souls that roam upon the land Time waits for no man, not even for the damned One with the carrion Picking upon the flesh A perfect evil will prevail, delivering Remains left to infest  And I'm seeing red When I see your face And I scorn your name  There's a vision brighter than a thousand suns Rulers fear to face the violence As stronger it becomes  Until the day we die We have to live beneath a blackened sky Under a total blackened sky  Fight bound in fight Demons and gods, Kaisers and fools Bound in a light, once more for life Rich and the poor mongers of war Will heed the call.  ", "artist": "Kreator", "genre": "Thrash Metal", "album": "Enemy Of God", "year": 2005, "source": "Darklyrics"},
{"name": "12. The Ancient Plague", "lyrics": "Silent places after rain Monuments fall the last strike of fate End time ravens over blood ocean flames  Spread the ancient plague Among the wolves of wrath  As the last sad existence enters the grave Battle torn the angels cry with not a soul to save Let us close our eyes and dream of the plague  Spread the ancient plague Among the wolves of wrath  Purify the earth from all of its worms Dissolving into the void through the thunder and the storms Let us close out eyes and dream of the plague  Spread the ancient plague Among the wolves of wrath  Patriots and Warfare Demonstrating arrogance Superior armies waiting for their final call to arms Winds of mayhem choirs for the final pestilence A gospel rapture battle cry of barbarians  Death to all the empires Death to lifelong wars Death to bitter sons of the Antichrist Death to the World  Silent places after rain Monuments fall the last strike of fate End time ravens over blood ocean flames  And I saw millions of souls Preparing for the last incarnation No more earthly pleasures no more life's temptation And the ghosts of long forgotten societies Cast out wicked dreams from the heart of the lost The future is drowning in the ashes of the past And through the toxic stench of human tragedy A saviour appears in a red mask in front of me AND SATAN IS HIS NAME!!!!!     ", "artist": "Kreator", "genre": "Thrash Metal", "album": "Enemy Of God", "year": 2005, "source": "Darklyrics"}
]