[
{"name": "1. Prevail", "lyrics": "Death of emotions Birth of decay Fight revolution Grips the heart of men Rising rebellion Loosing control Pure mental terror Reformation needed to be  Raised to future awareness Manipulation has failed Rulers, leaders Anarchy will prevail, now  Reinforced hate Glowing, pulsate Society failed New generation awakes  Mental slavery, thought erasure Cause for your condition Mind murdering parasites Forced into suicide Material safety, plastic saviour Basis of possession Rulers participate Anarchist dominate Infected by a virus promise of a better Day, conception of a master plan Protectors of blind faith Raised to new awareness Individual way of life A dated shit philosophy Youth runs amok  Moloch masters, democrats Diplomats desperation Criminal energy, part of the strategy Focus distraction, pain infection Manipulation failed Misleading disharmony Now only victory Life becomes perfection, when the spark Has almost died Decades of endless darkness Now embraced by shining light Autonomous power Finally this war is won Golden days of anarchy The new age has begun  Fear of the future Hope for the past Hymns of enslavement Forever laid to rest Elders tomorrow Youth of today Choice for a changing Better world needed to be Arised for future awareness Manipulation has failed Rulers leaders Anarchy will prevail now  ", "artist": "Kreator", "genre": "Thrash Metal", "album": "Cause For Conflict", "year": 1995, "source": "Darklyrics"},
{"name": "2. Catholic Despot", "lyrics": "Catholic's dictator Swine without compasion No respect for others life Godsent corrupt saint  Rampant, organized crime of the cross Rituals justified ways to express The oldest lie in support of the  Heartless motherfucker Sympathy there's none You immoralize prevention Abortion is not a sin Heaven none of you'll ever be saved Awareness drown in devotion Follow the rules Dig your own grave  Murder under the cross Profit ways don't leave no Room for the scum Open your eyes the messiah Will never come (your fuckin' messiah) You're killing the poor  There is no justice There is no law There's no messiah There is no saviour, there is no god  The truth you teach it ain't No truth to me the things you see are not The thing that I see  ", "artist": "Kreator", "genre": "Thrash Metal", "album": "Cause For Conflict", "year": 1995, "source": "Darklyrics"},
{"name": "3. Progressive Proletarians", "lyrics": "Evidence, freedom total fake Media projection to enslave Subject of this system you became Object of derision total pain Constantly deny your misery Can't critizise a fact you cannot see Interference mindwar affairs Guaranteed existance of despair  Defiant generation Total violent generation  Servant modern day dictatorship Disabled too confused to get a grip Limited perception slavery Genius built to crush integrity Infertility of soulless lifes Defenceless to the visions of the mind Ghost of strategy alienation Exterminating powers of lifes passion  Children of the future Get own path to go Some will choose to follow Some refuse control Keep the faith in powers Of integrity Progressive proletarians Capitalist strongest enemy  ", "artist": "Kreator", "genre": "Thrash Metal", "album": "Cause For Conflict", "year": 1995, "source": "Darklyrics"},
{"name": "4. Crisis Of Disorder", "lyrics": "Searching - for reality to hold on to Phobia - detonation without cause Terror - out of traumatic reaction Raging - symptom of a shattered past  Restless soul on fire Schizophrenic grace Intense destructive energy Infectious like the plague Obsessive devastation Possession of your brain Suicidal subversive power Constant crisis of disorder  Deeper - neurotic conflict inside Freezin - cold excessive force Empty - personality's mutating Slowly - self destructive systematic  Damage of identity, derangement Paranoid, depression Past life trauma, tyrany Emptiness is shining in your eyes     ", "artist": "Kreator", "genre": "Thrash Metal", "album": "Cause For Conflict", "year": 1995, "source": "Darklyrics"},
{"name": "5. Hate Inside Your Head", "lyrics": "Citizen surrender Burning tortured screams Blind fanaics full of hatred Situation out of hand  Adrenaline must boil For rioting racists Hellhounds in anger Turmoil and prejudice rise  Hectic sudden panic Careless tragedy Cold capitulation As the oldest hate begins again  Adrenaline must boil For rioting racists Hellhounds in anger Turmoil and prejudice rise  Intellectual master minds Autocrats lead the blind Cleansing endsieg deprivation Extreme racial seperation  Hate inside your head Riots escalate  ", "artist": "Kreator", "genre": "Thrash Metal", "album": "Cause For Conflict", "year": 1995, "source": "Darklyrics"},
{"name": "6. Bomb Threat", "lyrics": "Inpending doom, assassinate Aggressive drive explodes Uncontrollable resistance Parallised dismay Agenda carried all around The world is in a shock terroristic action brutal Sacrifice and loss  Bombthreat - final warning No statistic prediction saw it coming Hateful dedication Defecate your force and Dehumanization Panic hits the nation  People keep fighting back Pushed to the limits in pain Ready for anything Now or never laws made to break People keep fighting back Movement united by hate Torether break down the walls Terrorists blood marks their way Panic hits the nation  A wave of fear, a psychic shock Radical impact of the blast Frightening mayhem, terror, doom There is nothing you can do Extremists on a mission A reawoken scorn Of a lost civilisation Against the systems loss of its position  ", "artist": "Kreator", "genre": "Thrash Metal", "album": "Cause For Conflict", "year": 1995, "source": "Darklyrics"},
{"name": "7. Men Without God", "lyrics": "Planet left by its god Ideology died and the vision is gone Opression part of the plot Degrading life into material force  Emptiness pain in their faces Viscious expression of purest hate Nightmares fulfill  Mightmares fulfill Grotesque abstraction Deformed lost in their fate Lunatics murder without any reason A killer instinct that enslaves Endangered dying species for societies Fabric nameless tools lost their face Atrocity convered the mind Decadent deligation repulsive elite Violent emotionless time Decade of militant brutal prestige Emptiness pain in their faces Viscious expression of purest hate Nightmares fulfill Grotesque abstraction Deformed lost in their fate Lunatics murder without any reason A killer instinct that enslaves Endangered dying species for societies Fabric nameless tools lost their face  Descent to the void Human vultures of the soul Impurity destroyed A new religion of control  Bizarre moral catastrophe Wasteland left by the almighty Mindwar of freezing fear A new kingdom of terror is here Screaming dying from inside Slave to the master of all lies Desperate men turning into beasts Scavengers of cancerous disease Paradise was only an illusion Hell on earth became so real A place the ancient ones forgot Hordes of men without god  ", "artist": "Kreator", "genre": "Thrash Metal", "album": "Cause For Conflict", "year": 1995, "source": "Darklyrics"},
{"name": "8. Lost", "lyrics": "Existance of brutality Agravation infinite greed Necrosexuality All there's left is hate All there's left is pain  Mass frustation Is the cost Global depression Life stands still, all love is lost  No experience too extreme Orgasmic pleasure, abstract dreams Mercyless perversity All there's left is hate All there's left is pain  Mass frustation Is the cost Global depression Life stands still, all love is lost  Hate cannot die, forever alive  Mass frustation Is the cost Global depression Life stands still, all love is lost  ", "artist": "Kreator", "genre": "Thrash Metal", "album": "Cause For Conflict", "year": 1995, "source": "Darklyrics"},
{"name": "9. Dogmatic", "lyrics": "Ruin is your profit Meraud the hollow mind Religious passion is not for you Agnostic modern science Suffocate superior forces Tearing down this fortress of control  Dogmatic authority falls Alternative to submission Mental emancipation Severance, selection of All powers from above Strong minded in preparation For this sickening mess We're living in  Threat for your security Authority will collapse End pseudo-democracy Take fate in your own hands Violent terroristic action Only self-defense Ignorence is unconciousness  No pessimistic vision Corruption pseudo peace Propaganda drug of nation Deceiving you and me A psychosocial revolt Becomes aware, horowing truth Hear my call!  Dogmatic authority falls!  ", "artist": "Kreator", "genre": "Thrash Metal", "album": "Cause For Conflict", "year": 1995, "source": "Darklyrics"},
{"name": "10. Sculpture Of Regret", "lyrics": "It never left this world Negative part of duality That is the cause For all men's evil The force that leads to endless wars To destory what's been built Over the centuries Element of fear Ever present Eternal hatred Spirit of demise Conquered our minds again  Wartime confrontation Conflict ends in rage Sadistic tendencies awake Progress turned the land Into a mountain of dead bodies Sculpture of regret Triumph of the primitive Knowing earthly peace Ain't possible Sheltering mutation Protection from demise Euthanasia demands Violence is the modern way of life  No direction got nowhere to go Death, aggression, terror from below  War is reality Peace just a fantasy Hellish disharmony Repression misery Kill for your fatherland this war will never end  In this field of corpses War drags ever on Ability to kill the proof Murder and aggression Is the rule  ", "artist": "Kreator", "genre": "Thrash Metal", "album": "Cause For Conflict", "year": 1995, "source": "Darklyrics"},
{"name": "11. Celestial Deliverance", "lyrics": "Deception into your soul It will creep Like the fundation of a certain demise Reflection facing a vision so deep Leaves reality seem like a lie  Downward, the only way Soulless interaction Beneath you, dragin' you down Drowning your soul erased Altered state addiction  Slowly, into decline  Magic enlightment celestial deliverance Taking horrors carry them away Supernatural redemption A narcotic mirage Creates a psychotic haze  Downward, the only way Soulless interaction Beneath you, dragin' you down Drowning your soul erased Altered state addiction  Slowly, into decline  Crying, so afraid to let go Falling into a neverending hole Fading, cannot see the light  ", "artist": "Kreator", "genre": "Thrash Metal", "album": "Cause For Conflict", "year": 1995, "source": "Darklyrics"},
{"name": "12. Isolation", "lyrics": "Here in isolation Seeing more than the eye can see Safe in peaceful silence So far out of reach  Closer to purest liberty Isolation is what I seek Manifest with the long lost truth Where pain and agony is absolute  In this life of sadness True serenity lies within Dream of distant places Where no soul has ever been  In my mind No time, no space So close Misery I can escape     ", "artist": "Kreator", "genre": "Thrash Metal", "album": "Cause For Conflict", "year": 1995, "source": "Darklyrics"}
]