[
{"name": "1. Golden Age", "lyrics": "Let me take you down Deeper than you know Reality is gone Yet so much left to show Let me take you down Let us look inside There's still so much to come It's time to say goodbye  Broken dreams Misery replaced by constant extasy Wide awake open wide existance of a better kind Waits for you waits for me Our minds become forever free Free of fear free of rage The coming of the Golden Age for all  Let me take you down Let life fade away The ritual has begun Your life begins today Let me take you down Explore the other side Enlightened as we drown It's time to say goodbye  Don't you turn around now Don't you be afraid now Just turn another page now Celebrate the Golden Age  ", "artist": "Kreator", "genre": "Thrash Metal", "album": "Endorama", "year": 1999, "source": "Darklyrics"},
{"name": "2. Endorama", "lyrics": "This is the end of all life's suffering This is the end of all life's pain Fear, destruction, greed, exists no longer Nothings left now nothing can remain  It's getting closer Follow my friend Endorama is crushing you This is the end Expect no mercy Just understand Endorama comes for you This is the end  This is the end of your false paradise This is the end of mankinds pride Masques of selfishness needed no longer All forgotten dark illusions died  It's getting closer Follow my friend Endorama is crushing you This the end Expect no mercy Just understand Endorama comes for you This is the end  As long as you're alive you've got to suffer Death will take you from this labyrinth Open up you'll see This life just can't be real Don't look back just let it all go Into eden or inferno  This is the end of all your struggling This is the end of this domain Hate, regression, lies, exist no longer As earth becomes the epitaph of cain  It's getting closer Follow my friend Endorama is crushing you This is the end Expect no mercy Just understand Endorama comes for you This is the end  ", "artist": "Kreator", "genre": "Thrash Metal", "album": "Endorama", "year": 1999, "source": "Darklyrics"},
{"name": "3. Shadowland", "lyrics": "In a land where no love can be born Self destruction everywhere A restless soul on it's search for an answer Sees through this masquerade of dispair In a time where no love can be born Desperation frozen eyes A restless soul so alone no direction Suffering as they follow the blind  This is a new dawn rising Over this Shadowland Tearing you from the world that you used to know  In a land where no love can be born Isolation is the price And the horror of this cold souless place here Put everlasting stains on your life In a time where no love can be born Another crisis yet to come A senseless life breeds a senseless death Wondering what kind of pain will come next  Tired of being alive losing every time Suffering side by side shadows of mankind  ", "artist": "Kreator", "genre": "Thrash Metal", "album": "Endorama", "year": 1999, "source": "Darklyrics"},
{"name": "4. The Chosen Few", "lyrics": "For the first time in my life I've seen the fire within your eyes My mind it screams for shelter now I know i've got to resist some how  My religion my certain death My salvation my sacriledge My inner sanctum my prophecy You've become everything and more to me  So our souls will be one A new era has begun Fantasies will come true Not only for the Chosen Few  For freedom is a two edged sword And life is only a gift for gods Straight from the heart of the serpent's kiss To see something as it really is  My prescious kingdom my empire My tragedy and my desire My life's blood my shining light Feels like i am finally alive  ", "artist": "Kreator", "genre": "Thrash Metal", "album": "Endorama", "year": 1999, "source": "Darklyrics"},
{"name": "5. Everlasting Flame", "lyrics": "The atmosphere around you is dark and cold You're only seventeen but in your heart you're feeling old But one day you will leave this place of fear Escape to somewhere far away far away from here  A grain of sand at the ocean shore Faceless lost with the urge for more Can't break free suffering in pain Following the Everlasting Flame  The factory walls here leave no room to breath You're thirty four and some old friends became only memories And still you need to hide your bitter tears And dream of somewhere far away far away from here  Swallowed by this material world Pre ordained from his death to birth Can't break free suffering Following the Everlasting Flame  There's just no way out of this living hell You're fifty six now just a shadow of your broken self A wasted life the pain won't disappear You'll never see a better place far away from here  Swallowed by this material world Pre ordained from his death to birth Can't break free suffering Following the Everlasting Flame  ", "artist": "Kreator", "genre": "Thrash Metal", "album": "Endorama", "year": 1999, "source": "Darklyrics"},
{"name": "6. Passage To Babylon", "lyrics": "I can make you anything you want to be I can show you anything you want to see I can make your hidden fantasies come true I can make you see things from a different view  Just keep running further down Never stop don't turn around Looking back but never stare No regrets you should not care Just keep running to the light Heading for what sleeps inside Colours brighter than the sun I'm the only one who knows the  Last Passage To Babylon  I can take you anywhere you want to go I can teach you anything you need to know I can show you ways out of this tragedy I can give you life the way it used to be  Soon we'll see what lies beyond What will be what's soon to come Something life can't offer you A prescious gift one cannot lose  Come to babylon with me now come  ", "artist": "Kreator", "genre": "Thrash Metal", "album": "Endorama", "year": 1999, "source": "Darklyrics"},
{"name": "7. Future King", "lyrics": "All seen before it goes on forever more This time your truth just offers nothing new Walking down the empty streets of never-ending tragedy Nothing here can touch my heart this loneliness tears me apart  Beneath the dark deep ocean Prepare the gathering Pray for the saviour's coming A glorius Future King  Buring in 1999 Drowing in 99  All felt before fake people come and go Get high headrush into this mental crush Drug messiah make me warm your promises won't do no harm Trapped here with this dying race your touch my only saving grace  Beyond the dark horizon I hear the sirens sing In traumatic devotion Of what the future brings  Burning in 1999 Drowning in 99  With the taste of bitter freedom i'm sinking in your world I know deep inside your weeping about your life absurd Silently your soul is screaming a scream that won't be heard  No light no sound this world goes round and round You rise you drown this world goes round and round  Burning in 1999 Drowning in 99  ", "artist": "Kreator", "genre": "Thrash Metal", "album": "Endorama", "year": 1999, "source": "Darklyrics"},
{"name": "8. Entry", "lyrics": "  ", "artist": "Kreator", "genre": "Thrash Metal", "album": "Endorama", "year": 1999, "source": "Darklyrics"},
{"name": "9. Soul Eraser", "lyrics": "From the sky it came to bring The seeds of slavery For a mind insane an armageddon fantasy Cure religion for the weak foundtion of all laws Redefines philosophy a tyranny from above  Soul Eraser - penetrates your dying mind Soul Eraser - takes your empty soul tonight  Immortal imperator from a planet far away A comsiousless dictator hirarchy in mortal planes A universal tyrant no emotions no regrets Phantasmagoric dream disguise for a silent death  The sacred shrine is poisoned A treasure for the dead For thousend years a secret In the dark great pyramid See the gods descending See our people die Mighty kings of shadows Cannot be destroyed  Mighty god-king save us from this scorn under the sun Lead us to salvation as you say things will be done All those years of suffering starvation and demise End with the enthronement of the savior from the skies  Soul Eraser - penetrates your dying mind Soul Eraser - takes your empty soul tonight  Immortal imperator from a planet far away A comsiousless dictator hirarchy in mortal planes A universal tyrant no emotions no regrets Phantasmagoric dream disguise for a silent death  ", "artist": "Kreator", "genre": "Thrash Metal", "album": "Endorama", "year": 1999, "source": "Darklyrics"},
{"name": "10. Willing Spirit", "lyrics": "After death has taken you from life You have come to me in the night The aura of an ancient beauty shining through Like a goddess of fallen grace I'm longing for your souls embrace And all that life has lost i've found in you  The spirit is willing the flesh is weak Just like a thousand suns it shines on me The spirit is willing the flesh is weak For now i'm seeing more than the eye can see  So i wait as i watch the stars I feel you're near but you're yet too far Too heal me from the flames that penetrate my mind I could swear that i 've felt your touch Your magic presence i need so much Becomes reality only at night  The spirit is willing the flesh is weak Just like a thousand suns it shines on me The spirit is willing the flesh is weak For now i'm seeing more than the eye can see  As i watch you disappear in silence Was it really true or just a dream As morning drags me back to life And swallowed everything Illusion killed the angel without wings  ", "artist": "Kreator", "genre": "Thrash Metal", "album": "Endorama", "year": 1999, "source": "Darklyrics"},
{"name": "11. Pandemonium", "lyrics": "Pandemonium all around Can't you fell it coming down Pandemonium in my brain Over and over and over again Over and over and over again Over and over and over again Over and over and over again  And now you know the answer And now you see the truth Swallow this bitter pill As all religion dies for you and all the things that happened In all those times long gone Gave birth to life like lies Apocalyptic pandemonium Pandemonium  Pandemonium in the air god has left us in despair Desperate could not stand the pain Over and over and over again Over and over and over again Over and over and over again Over and over and over again  Now that your world is buring Now that it ends in tears Inferno has arrived Nothing can make it disappear And all the things that happened In all those times long gone Gave birth to life likes lies Apocalyptic pandemonium Pandemonium  A psychodrama is dragging you Out of a life surreal A better future waits for you A life that might have been So give your soul and you may live Limitless fantasies This celebration of the night Can light your shattered life If you believe...  ", "artist": "Kreator", "genre": "Thrash Metal", "album": "Endorama", "year": 1999, "source": "Darklyrics"},
{"name": "12. Tyranny", "lyrics": "Have been down for much too long bitter taste of this Time, getting sick and tired about the way things are So tell me where is all the peace of mind that i could Never find, never wanted what you offered me at all  Tell me, tell me, tell me What do you believe in Tell me, tell me, tell me What do you believe Give me, give me, give me Something to believe in Give me, give me, give me Something to believe  Have been broken much too long with a heart of anger I could never understand what you became so tell me Where is your heaven on earth that i could never find Maybe i am just too blind to realize  Tell me, tell me, tell me What do you believe in Tell me, tell me, tell me What do you believe Give me, give me, give me Something to believe in Give me, give me, give me Something to believe  Do you believe in pain Do you believe in hate This life it ain't for me Your world it ain't for me  Tell me, tell me, tell me What do you believe in Tell me, tell me, tell me What do you believe Give me, give me, give me Something to believe in Give me, give me, give me Something to believe     ", "artist": "Kreator", "genre": "Thrash Metal", "album": "Endorama", "year": 1999, "source": "Darklyrics"}
]