[
{"name": "1. Impossible To Cure", "lyrics": "Your whole live you've been a misfit in your area Nobody wants to hang out with a guy like you But now you've found new friends, you're no longer an inferior And you act exactly the way they do  Life - your life now seems to make sense You've got something to obey The wrong ideals of your friends But for me it seems you're  Impossible - impossible to cure The way you think Is wrong that's for sure The way you act Won't bring you no fame Open your eyes, this ain't no game  Face the truth you will never realize your dreams As long as we stand against you extreme Forget it we won't let your dreams come true Can't you see you're just swimming with the stream    ", "artist": "Kreator", "genre": "Thrash Metal", "album": "Out Of The Dark... Into The Light", "year": 1988, "source": "Darklyrics"},
{"name": "2. Lambs To The Slaughter", "lyrics": "  Most people take it they get pushed down Bared out of their minds just hanging around Make no decisions they out on a limb Labelled and numbered prospects are grim.  Yeah its time to fight back Yeah its time to attack.  Taken their pride is locked in room Lambs to the slaughter your turns comes soon Picked on and pushed they don't stand for their rights When they come to they just out lights.  ", "artist": "Kreator", "genre": "Thrash Metal", "album": "Out Of The Dark... Into The Light", "year": 1988, "source": "Darklyrics"},
{"name": "3. Gangland", "lyrics": " ", "artist": "Kreator", "genre": "Thrash Metal", "album": "Out Of The Dark... Into The Light", "year": 1988, "source": "Darklyrics"},
{"name": "4. Terrible Certainty (Live)", "lyrics": "Die! Slowly you're dying From this contagious disease Once you're infected there's no hope of a cure Your passing is a sure thing Your thoughts are empty and hopeless Nothing is left for you now Having to live with this terrible certainty Praying is all you can do  It's vicious and crippling and slowly your life will end But how long will it take to save us from the plague With fatal convulsions the plague is reaching for us God knows! What will it take to save us from the plague  Contracted by blood The virus can be in us all You're one of it's victims, but then thousands more And they won't be the last So many civilisations before The mighty, the proud and the brave The poor, the rich - Indiscriminate Soon they'll all end in the grave  ", "artist": "Kreator", "genre": "Thrash Metal", "album": "Out Of The Dark... Into The Light", "year": 1988, "source": "Darklyrics"},
{"name": "5. Riot Of Violence (Live)", "lyrics": "Greedy for blood Paralysed by power The decision to die Tale of terror Deep in the corner Passion to kill Corpse on the ground Minds starts to thrill  A man lies in the corner Covered with blood Bloody wounds on his body Praying to his god People pass him by But they say Why should we care about him He will die today  Riot of violence  Find your own way You must go alone Kill all next to you They want the throne The infections disease Is only the life Scared to death Die by their knife  A man lies...  Brutality and mighty wars Have come to take your life With bombs and guns The troops have come To extinguish the light I'd rather not go wild tonight But I must save myself  On a field littered with corpses Stands a lonely flower It reminds the world how it was But we kicked it away with power  ", "artist": "Kreator", "genre": "Thrash Metal", "album": "Out Of The Dark... Into The Light", "year": 1988, "source": "Darklyrics"},
{"name": "6. Awakening Of The Gods (Live)", "lyrics": "Was it a vision or was it a dream The trust of the mankind has never been real Gods of pleasure gods of pain Gods of terror of life and of hate Mortality is endless when gods start to pray Life becomes worthless by nuclear death The're watching from above it could happen every daywatching their terror and care in no way No one can imagine where you will be Where you have been before your birth you will see Planned and controlled is your life in every way Watched and controlled on every single day  See their eyes filled with lies Watch the slaughter endless night Can make your scream can make you cry You know you're helpless till the end of time Awakening of the gods  Burning ambitions your lusts and your wills Your plans of life goals and your thrills Days of laughter days of crime your living to your fate on foretold time  Nothin' has worth nothing is real nothing is important no way you Feel this can't be the only life it could begin when you die  See their eyes...  Manipulated by human feelings You're passing through this life searching for the meaning of all But that's something you will never find Accept all what happens to you Be prepared for torture and pain you know there ain't nothing You can do only death will close the reign  You've seen the good sides but you've also seen the bad Damned to mortality damned is your life for death Created for a mystery why is this your fate Only the future will show Or maybe you will never know     ", "artist": "Kreator", "genre": "Thrash Metal", "album": "Out Of The Dark... Into The Light", "year": 1988, "source": "Darklyrics"}
]