[
{"name": "Coming Home", "lyrics": "     And today I leave you, But I'll be back someday And as I fly away My hope is that we'll meet again I'm off to my home away from home I will miss you, But I know, I know you know  I'm coming home to Arizona I'm coming home to Arizona  I'll take you everywhere I go I'll show you everything I see And as we say so long I know your tears wish me well It won't be long till I'm back again We will meet again We will meet again You will see, oh  I'm coming home to Arizona I'm coming home     ", "artist": "Megadeth", "genre": "Thrash Metal", "album": "non-album songs", "year": "", "source": "Darklyrics"},
{"name": "Kill The King", "lyrics": "  Broken down, feeling naked Leaving me unfulfilled Promising compromise Championing mediocrity  Time and time again What you said ain't what you mean Even if all my bones are broken I will drag myself back from the edge to kill the king, The king is dead, Long live the king Kill the king, the king is dead, long live the king, I am the king, God save the king  Kill the king, the king is dead I am the king, long live the king Kill the king, The king is dead I am the king, long live the king  I reveal a deceiver In the highest seat in the land His idle hands, the Devil's workshop Generate more smoke than heat  Time and time again What you said ain't what you mean Even if all my bones are broken I will drag myself back from the edge to kill the king, The king is dead, long live the king Kill the king, the king is dead, long live the king, I am the king, God save the king  A new precedent in pain, a new precedent in pain Mankind is blown to dust, mankind is blown to dust An explosion of the brain, an explosion of the brain Spontaneously combust, spontaneously combust  Kill the king, the king is dead, long live the king, I am the king Kill the king, I, the king is dead, I am, long live the king, I am the king Kill the king, I, the king is dead, I am, long live the king, I am the king Kill the king, I, the king is dead, I am, long live the king, I am the king     ", "artist": "Megadeth", "genre": "Thrash Metal", "album": "non-album songs", "year": "", "source": "Darklyrics"}
]