[
{"name": "1. Sudden Death", "lyrics": "  His wicked Highness born from disaster To dominate and to kill A glistening murder machine False majesty standing perfectly still A blitzkrieg raining down evil On a mountain of black ice Like a good old-fashioned beating within Inches of your life  While alone and left abandoned With the sentence you've been handed All your angels will ignore you As your life flashes before you Even still you keep on fighting Through the thunder and the lightning And now Heaven sends its love Your sudden death from above  Once frozen like a prisoner depraved Perched high atop the lithospheres Set free from beneath the depths of hell Bequeathing man nothing but despair The beast is genetically programmed, Time to destroy, time to go berserk To see the end of all wars To see the end of the Earth  Stopping at nothing, punch drunk From the blood that he's tasted Tearing your soul apart Not one bit of your pain will be wasted Now death descends upon you Like a bloody white dove Bringing your retribution Your sudden death from above  While alone and left abandoned With the sentence you've been handed All your angels will ignore you As your life flashes before you Even still you keep on fighting Through the thunder and the lightning And now Heaven sends its love Your sudden death from above  ", "artist": "Megadeth", "genre": "Thrash Metal", "album": "Th1rt3en", "year": 2011, "source": "Darklyrics"},
{"name": "2. Public Enemy No. 1", "lyrics": "  Public enemy number one Jail break and a smoking gun You won't believe the things I've done And the killing is just for fun  Public enemy number one A stolen car and I'm on the run Through the night till the rising sun And the trouble has just begun  Roses on your grave I'll be on my way There's no time to stay With the enemies I've made  I'm invincible You might say despicable Punishment's reciprocal Public enemy number one  I'm unbeatable My mind is untreatable Crimes unrepeatable Public enemy number one  Public enemy number one Watch the authorities come undone With every stand-off that I've won Flirting death just for fun  Public enemy number one Born a fugitive father's son Another heist of a bank is done And the trouble has just begun    The posters say I'm wanted \"Dead or Dead\" Anyone who's tried got a bullet to the head    Public Enemy  ", "artist": "Megadeth", "genre": "Thrash Metal", "album": "Th1rt3en", "year": 2011, "source": "Darklyrics"},
{"name": "3. Whose Life (Is It Anyways?)", "lyrics": "  Oooh, you're just in time To get inside my head Oooh, the war of words You're underneath my skin  You hate the way I wear my clothes You hate my friends and where we go I see you in the shadows... You think you know what's best for me You hate everything you see in me Have you looked in a mirror? HEY! Just whose life is this anyway? You tell me how to live but who asked you anyway? HEY! Just whose life is this anyway? Costs so much more than the price I ain't gonna pay!  You only point out fault Anxiety attack! You running your mouth You stab me in my back!    Running your mouth... Running your mouth... Stab me in the back... Anxiety attack...  HEY! Just whose life is this anyway? You tell me how to live but who asked you anyway? HEY! Just whose life is this anyway? Costs so much more than the price I ain't gonna pay!  HEY! Just whose life is this anyway? You tell me how to live but who asked you anyway? HEY! Just whose life is this anyway? Just whose life is this anyway? Just whose life is this anyway?  ", "artist": "Megadeth", "genre": "Thrash Metal", "album": "Th1rt3en", "year": 2011, "source": "Darklyrics"},
{"name": "4. We The People", "lyrics": "  Secret bureaucracy, it\u2019s just a lie The devil\u2019s henchmen, in suit and tie A sacred brotherhood; an ancient rite Politicians and the double lives they hide  Violate your rights, no more equality Surrender freedom, your Social Security We, the people face unconstitutional lies In greed we trust, in revolution we die  Our founding fathers are rolling in their graves The land of liberty needs a regime change Until you no longer know right from wrong The constitution isn\u2019t worth the paper it\u2019s written on    Screams from the future, warn of calamity The coming plagues of the new disease The illuminati, one world currency One world religion, one World everything    ", "artist": "Megadeth", "genre": "Thrash Metal", "album": "Th1rt3en", "year": 2011, "source": "Darklyrics"},
{"name": "5. Guns, Drugs & Money", "lyrics": "  Drinking cold cerveza in a boiling hot saloon Chasing shots of tequila, just about high noon Outside Nuevo Laredo, deep in no man\u2019s land Become a killer or be killed; face down in the Rio Grande  Poverty will turn the life of any good man bad All love and mercy ever learned, he\u2019ll soon forget what he had  Guns, drugs, and money under the Mexican sky Guns, drugs, and money; pick your poison or you die Guns, drugs, and money; a pistol pressed to his head Choose silver and you\u2019re rich; you gonna die if you choose lead  He had a suitcase full of money, plenty of ammo for his gun The sweat rolls down his dirty face, his plans have all come undone It\u2019s just a matter of time, no matter how he tries He hears \u201cPlata O Plomo, Gringo?\u201d the last words before he dies    ", "artist": "Megadeth", "genre": "Thrash Metal", "album": "Th1rt3en", "year": 2011, "source": "Darklyrics"},
{"name": "6. Never Dead", "lyrics": "  Killers lie in wait for innocent blood To swallow alive some harmless souls Walking a crooked path, their wicked names will rot  Evil lives in the dark, its right is doing wrong The torment never ends . . . it never ends   The fire that burns inside!! That's blistering their brains!! That makes them sacrifice! That's driving them insane! Trapped in this \"no man's land\" Where angels dare to tread Forever banned to the realms of the never dead!  There's no one you can trust from this grave Die with those they swear to defend Feeding on the ones they'll feed off in the end Evil lives in the dark, its right is doing wrong The torment never ends . . . it never ends    Death sits before you, to press on is suicide Life spills out of your body, you wither and die For the rest of your life in the realms of the Never Dead    ", "artist": "Megadeth", "genre": "Thrash Metal", "album": "Th1rt3en", "year": 2011, "source": "Darklyrics"},
{"name": "7. New World Order", "lyrics": "  Where hath the apostles gone? Joining hands with wicked ones Revelation has come to pass, New World Order will hold the mass A book written by the man Used to control and command All rights will be denied, Without the mark you shall die   No confession, all is known (all is known!) New World Order, you shall be shown (shall be shown!)  Monitoring all wages New World Order comes in stages Currency is obsolete Feel the agony of defeat A symbol of society today A must have or you shall pay As humans flesh leads the mind Just a pawn, the last martyr dies   No confession, all is known (all is known!) New World Order, you shall be shown (shall be shown!)  Where hath the apostles gone? Joining hands with wicked ones Revelation has come to pass New World Order, complete disorder Will hold the mass  ", "artist": "Megadeth", "genre": "Thrash Metal", "album": "Th1rt3en", "year": 2011, "source": "Darklyrics"},
{"name": "8. Fast Lane", "lyrics": "  You don\u2019t know what I feel, I get behind the wheel A feeling in my soul I hyperventilate as I accelerate Till I\u2019ve lost all control  My speed becomes relentless Contesting all my senses White line appearing faster Prompting death and disaster  My supersonic machine Get out of my\u2026  Fast lane, like a jet plane Like a freight train, I\u2019m driving insane Addicted to the fast lane Rushing to my brain No time to explain, this is my domain Addicted to the fast lane  I look into mirror, red lights are drawing nearer They think I\u2019ve met my match But I shift into high gear, soon they just disappear You can\u2019t jail what you can\u2019t catch  I hear the engines screaming I\u2019m burning up the\u2026    ", "artist": "Megadeth", "genre": "Thrash Metal", "album": "Th1rt3en", "year": 2011, "source": "Darklyrics"},
{"name": "9. Black Swan", "lyrics": "  I thought a desire worth any pleasure Could never really be a sin in vain A hundred one shots of opportunity I'd gladly take them all again, and again, and again  My angels left me with sorrows on my own And now I'm here with the devil on my own Just like a churchyard shadow creeping after me It's only there to terrify my mind, a black swan keeps haunting me  I promised on my soul, not to get carried away It always starts out psychedelic, and then it turns to black My head starts swaying; I forgot what was it I was saying? I don't know where I am, and I'll never, never make it back  I sealed my fate, and I paid my debt I fell from grace with deep regret  My angels left me with sorrows on my own And now I'm here with the devil on my own Just like a churchyard shadow creeping after me It's only there to terrify my mind, a black swan keeps haunting me Just like a churchyard shadow, there's nothing left to see It's only there to terrify my mind, a black swan keeps haunting me  My angels left me with sorrows on my own And now I'm here with the devil on my own, on my own Just like a churchyard shadow creeping after me It's only there to terrify my mind, a black swan keeps haunting me Just like a churchyard shadow, there's nothing left to see It's only there to terrify my mind, a black swan keeps haunting me  Just like a churchyard shadow, creeping after me There's nothing left to see, there's nothing left of me  ", "artist": "Megadeth", "genre": "Thrash Metal", "album": "Th1rt3en", "year": 2011, "source": "Darklyrics"},
{"name": "10. Wrecker", "lyrics": "  It doesn\u2019t matter what car you drive, she\u2019ll wreck it It doesn\u2019t matter where you sleep at night, she\u2019ll wreck it It doesn\u2019t matter where you go to work Doesn\u2019t matter where you go to church Doesn\u2019t matter just how bad it hurts, she\u2019ll wreck it  My bleached bones in the desert, it's all she's left of me  Poison ivy in your touch, being with you destroyed so much Home wrecker Deadly venom in your kiss, hell can\u2019t be worse than this Home wrecker  It doesn\u2019t matter what you pretend, she\u2019ll wreck it It doesn\u2019t matter what you defend, she\u2019ll wreck it It doesn\u2019t matter how you live your life Doesn\u2019t matter anymore to your wife Doesn\u2019t matter even how you die, she\u2019ll wreck that too  Like a vulture picking my bones clean, it\u2019s all that\u2019s left of me  Poison ivy in your touch, being with you destroyed so much Home wrecker Deadly venom in your kiss, hell can\u2019t be worse than this Home wrecker  It doesn't matter where you live It doesn't matter what you drive Home wrecker  Poison ivy in your touch, being with you destroyed so much Home wrecker Deadly venom in your kiss, hell can\u2019t be worse than this Home wrecker  ", "artist": "Megadeth", "genre": "Thrash Metal", "album": "Th1rt3en", "year": 2011, "source": "Darklyrics"},
{"name": "11. Millenium Of The Blind", "lyrics": "  Line up all of you and turn in your eyes You just won't need them anymore When your mind is ours, to do with what we please Everything you own and everything you need  Sacrifice your leaders, like it or not Or else you're going down With a ship, death on the rocks Blind follow, blind lead All our hopes and dreams washed out to sea  All your money's ours to bankroll corrupt wars You can't see what you're fighting for Trust your leaders as they send you out to die The true face of evil can't be seen without eyes  Sacrifice your leaders, like it or not Or else you're going down With a ship, death on the rocks Blind follow, blind lead All our hopes and dreams washed out to sea  At the start of time, many centuries ago Came the spawning of Christ and the Antichrist And darkness fell upon our people And the children, they were born faceless Without eyes they could not see Born unto themselves, they lived and they died In the millennium of the blind  Blind follow, blind lead All our hopes and dreams washed out to sea  ", "artist": "Megadeth", "genre": "Thrash Metal", "album": "Th1rt3en", "year": 2011, "source": "Darklyrics"},
{"name": "12. Deadly Nightshade", "lyrics": "  Come now my lovely, won\u2019t you Take a midnight stroll with me? Through the misty air the things I keep I shouldn\u2019t dare  My garden\u2019s so inviting, and its Deadly blooms are hiding Be careful what you touch Lest the grave is what you lust  Draw the blinds, you\u2019re getting tired Paralyzed, don\u2019t close your eyes Gripped with fear, your dreams become nightmares From the Deadly Nightshade  Each night at midnight Dating back into the fog of time Another victim falls The things I\u2019ve done; the voices call  The Hourglass runs out on us Ashes to ashes, dust to dust The killers must be fed, the soil is red Now that you\u2019re dead    Delirium \u2013 your burning throat Mania \u2013 your heart rate soars Hallucination \u2013 you\u2019re losing your mind Suffocation \u2013 cannot breathe; you\u2019re going blind    ", "artist": "Megadeth", "genre": "Thrash Metal", "album": "Th1rt3en", "year": 2011, "source": "Darklyrics"},
{"name": "13. 13", "lyrics": "  Thirteen times I went to the well To draw my thoughts, I\u2019ll gather and tell Like bricks that I\u2019ve laid to build my life Those that crumbled only caused me strife  Thoughts became words, cast into the sea But they returned, always haunting me Like a severed arm washed up on the shore I just don\u2019t think I can give anymore  Because I\u2019ve lived, how many times do I have to die? Because I\u2019ve lived, how many lives do I have to die?  Thirteen times and it\u2019s been lucky for me After everything, you still want me to bleed Thirteen ways to see the devil in my eyes Because I stood here thirteen times and I\u2019m still alive  At thirteen I started down this path Fueled with anger, music was my wrath Years of clawing at scars that never healed Drowning my mind, the thoughts are too real    I can't get out; I can't jump out Too much to face; I can't erase       ", "artist": "Megadeth", "genre": "Thrash Metal", "album": "Th1rt3en", "year": 2011, "source": "Darklyrics"}
]