[
{"name": "Lords Of Summer (Garage Demo Version)", "lyrics": "Sight Pale riders into the night Galloping harder and faster Through your dreaming  Wake Walk through the fire innate Frostbitten soul below zero Excitation  Are you remembering the sound? Recall the shaking of the ground  Calling, calling, all as one Lords of Summer bring the sun Yeah, coming, coming winter's yearn Lords of Summer shall return  Eternal thawing has begun Come trade your darkness for the sun Melting the chill of winter's turn For soon the Lords of Summer shall return Lords of Summer shall return  Straight Light passes through, penetrate It's been a long lonely winter Illumination, bright Bathe in the volume and light Reanimated by fire Transformation  Become the nexus of the sound Become the shaking of the ground  Calling, calling, all as one Lords of Summer bring the sun Yeah, coming, coming winter's yearn Lords of Summer have returned  Eternal thawing has begun Come trade your darkness for the sun Melting the chill of winter's turn Now that the Lords of Summer have returned Lords of Summer have returned    Calling, calling, all as one Lords of Summer bring the sun Coming, coming, winter's yearn Lords of Summer have returned, have returned  Eternal thawing has begun Come trade your darkness for the sun Melting the chill of winter's turn Now that the Lords of Summer have returned Lords of Summer have returned  ", "artist": "Metallica", "genre": "Thrash Metal", "album": "non-album songs", "year": "", "source": "Darklyrics"},
{"name": "Ronnie Rising Medley", "lyrics": "    I don't wanna go Something tells me no, no, no, no But traces in the sand The lines inside my hand say go go go  Beware of a place A smile on a bright shiny face I'll never return, how do you know  Tarot woman, I don't know, I don't know, I don't know  She can take you there The entrance to the fair, my, my, my Ride the carousel Cast a magic spell, you can fly, fly, fly  Beware of a place A smile on a bright shiny face I'll never return, how do you know  Tarot woman, I don't know, I don't know, I don't know    High noon Oh I'd sell my soul for water Nine years' worth Of breakin' my back There's no sun in the shadow of the wizard See how he glides Why he's lighter than air Oh I see his face  Where is your star Is it far, is it far, is it far When do we leave I believe, I believe, yes, I believe  In the heat and the rain With whips and chains Just to see him fly So many die  We built a tower of stone With our flesh and bone Just to see him fly Don't know why  Now where do we go...    Danger, danger the Queen's about to kill There's a stranger, stranger and life about to spill Oh no move away from harm I need a spell and a charm Fly like the wind I'm no pawn, so be gone, speed on and on  Kill the king Tear him down Kill the king, yeah Strike him down  Power, power happens every day Power, devour all along the way Oh no, move away from harm I need a spell and a charm And fly like the wind I'm no pawn, so be gone, speed on and on  Kill the king Strike him down  Treason, treason, the spectre looms again Treason, reason, the realm is safe and then Oh no, move away from harm I need a spell and a charm Fly like the rainbow I'm no pawn, so be gone, speed on and on  Kill the king, yeah Tear him down Kill the king, yeah Got to take his crown  ", "artist": "Metallica", "genre": "Thrash Metal", "album": "non-album songs", "year": "", "source": "Darklyrics"},
{"name": "Vulturus", "lyrics": "The vultures come see the vultures come for me Fly around the sun but now too late for me Just sit and stare wait until I hit the ground Little vultures tear little vultures tear at flesh  Vulture is down to stay pick the bone until you're clean Bone to bone and in between pick the bone until you're clean  Right without soul I rummage high and low Search for my soul search though I'm high above We leave behind too late, too late again I just want to search the soul but my soul is flesh and bone again  Vulturus search on Vulturus Vulturus Vulturus search on Vulturus Vulturus search on Vulturus!    ", "artist": "Metallica", "genre": "Thrash Metal", "album": "non-album songs", "year": "", "source": "Darklyrics"}
]