[
{"name": "1. Dominate", "lyrics": "  Weak aside - no place for those our struggle Leaves behind Our Lord won't tolerate those whom through Attrition fall  We must dominate!  With iron through our veins and a will made so elite Hunting for our daily bread and the sinister close in sight Hunger always drives the beast and the women fall prey.  Leading all the wonders to certain fate Another victim reviled I'm staring at you through the eyes of the wolf Tell me who is going to save you now!  Animal senses ever alert Praise be to the father-war As a servant I am serving myself and I bathe in anticipation Unless you taste it you could never know All the power our Lord bestows With a bow and a kiss profane Be a victor or be a victim.  ", "artist": "Morbid angel", "genre": "Death Metal", "album": "Domination", "year": 1995, "source": "Darklyrics"},
{"name": "2. Where The Slime Live", "lyrics": "  Where the slime live (They are the lowest forms of life) Where the slime breed (They make a new one too corrupted) When the wind blows (The winds of truth are blowing now) And the cradle falls....down  Their poison fingers that wrote the poison lines Their poison lingers What a tragedy when their fingers are removed  Where the slime live  Their burning dogma Introducing to our mind - lies They plot for the total control of the morals And what a tragedy when the \"god-heads\" are removed.  They crawl, they breed, they hide but we see They burn I see the smoke of the funerals rising God lives in thier heads now laid to rest  What a sight As their kingdom comes tumbling down We burn - the ones with contrite souls be gone!  Long gone are the filthy liars Long gone are their filthy lies I know they'll come again some day Where the slime live and how the slime gets washed away  ", "artist": "Morbid angel", "genre": "Death Metal", "album": "Domination", "year": 1995, "source": "Darklyrics"},
{"name": "3. Eyes To See, Ears To Hear", "lyrics": "  Darkness - swallowing all in its path The blind leading the blind and the \"flock\" is ever confused Who has the gift of healthy sight and mind Who can withstand while the others are blown away?  Eyes to see...what the others see not Ears to hear...the voice of the elders guides Eyes to see...and the blind; they wither away You fools! These eyes are never for you  Darkness - corrupting all in its path Greed leading the man to blindness, suffering And ever foretold...the meek shall have this earth Alas without sight they will only be left with demise  Worlds apart are they and I My world remains in sight Their lives - despair The \"I's\" and \"They's\" cannot compare  ", "artist": "Morbid angel", "genre": "Death Metal", "album": "Domination", "year": 1995, "source": "Darklyrics"},
{"name": "4. Melting", "lyrics": "  ", "artist": "Morbid angel", "genre": "Death Metal", "album": "Domination", "year": 1995, "source": "Darklyrics"},
{"name": "5. Nothing But Fear", "lyrics": "  Consequence...now the panic comes You've dabbled in magik your fingers are burned Lost as you run towards the light And deep in your heart you have nothing but fear  Your future is hanging by a strand Your master makes his just demands Game of life's price coming due A swell of fear erupts in you  Your time is now! Never a prayer, just silence rings Charity works won't change a thing Your balance of life is on our side There's never a place to hide  What's so real is plain in sight Cost to play: eternal life For when we play - we play for keeps Satan's marks forever we speak  Your time is now! With screams you defy still silence rings Prayers to some god won't change a thing Gleam in your eyes reduced to tears And deep in your heart you've nothing but fear  Why object to \"rewards\" you know you've earned them Why reject all your fantasy You can't betray what your works have bargained for you No use to fear what you have in store  ", "artist": "Morbid angel", "genre": "Death Metal", "album": "Domination", "year": 1995, "source": "Darklyrics"},
{"name": "6. Dawn Of The Angry", "lyrics": "  Cold finger on the trigger Behind the line drawn in the sand  Anger rise! We fight a war With much at stake The rights of birth That no one can take  Overflowing with anger Soon to be awakening Will be martyrs on to glory Dawn finds us in this rage  My finger on the button With what's so foreign in my sights  Anger rise! We wage a war...our nature to preserve By any means...our enemies be gone  No longer can we wait As an enemy drains our future As the light of a new day shines Our anger fuels our march this dawn  As it must be Dawn of the mad  Call of duty now...all the minutemen rise and shine Call of duty now...only sovereigns stand the test of time  My finger is on the trigger Behind the line drawn in the sand  My finger is on this button With what's so foreign in my sights  Anger rise! We wage a war...our nature to preserve By any means...our enemies be gone No longer can we wait As an enemy drains our future As the light of a new day shines Our anger fuels our march this dawn  As it must be This dawn of the mad  ", "artist": "Morbid angel", "genre": "Death Metal", "album": "Domination", "year": 1995, "source": "Darklyrics"},
{"name": "7. This Means War!", "lyrics": "  Savagery - as judgment days arrive Long we have waited for this time How many brothers fallen? How many kept alive as slaves for the wicked few? 'Tis time for reparations 'Tis time to settle scores This time we give no warning...this means war!  Savagery - 'tis now our spirit overflows War - our minds are focused; we are one! Hear now the winds of change A force to obviate All the enemies naked now All the smoke gone and all their mirrors are broken Lost - empires crumble; destiny Behold! I crusader no retreat  Years of complacency on the part of the mob Feeding on lies...so slothed, so full this is it Restless...and tolerance nearing its peak Woe to the next ones who push us to far  Our love is now replaced by war Live cannot be spared, our victory at hand And by my hand I slay the first And the last will follow as we watch these wickeds bleed No rest for the soldiers 'till the purge is done No salvation until we drench this earth  ", "artist": "Morbid angel", "genre": "Death Metal", "album": "Domination", "year": 1995, "source": "Darklyrics"},
{"name": "8. Caesar's Palace", "lyrics": "  Just close your eyes...can you remember The generations not so long ago I feel the shameless urge that we must restore Our former king to his rightful throne And with me lords and maidens We wait for the chosen son's return  I come alive It's a time for celebration Our will to restore Make our past become the future once more  Still he lives! 2000 years have passed And still we're yearning for his return We fulfill a wishful prophecy And so the chanting begins Hail Caesar...Hail Caesar...we render unto you What is still yours  Share the wish as it must be Our king and palace...mote it be! Gods enslaved, traitors burning Might and splendor forever return  ", "artist": "Morbid angel", "genre": "Death Metal", "album": "Domination", "year": 1995, "source": "Darklyrics"},
{"name": "9. Dreaming", "lyrics": "  ", "artist": "Morbid angel", "genre": "Death Metal", "album": "Domination", "year": 1995, "source": "Darklyrics"},
{"name": "10. Inquisition (Burn With Me)", "lyrics": "  Come burning...are you going to burn with me Won't you come burning...the world is watching All the king's men riding hard All their horses foaming And if they were to catch us we'd be set ablaze  Burn!  Won't you come burning...all the dissident ones Come and walk the line and you will burn with me Witches yes, slaves never...and still I speak A heretic amongst you...don't you let me live too long  Burn!  Could you imagine the pain Why would my country men let me down They're bearing withess just to save their skin That this might keep them from burning They'd sell their mothers just to save their skin That this might keep them alive  The marks I'm bearing are oh so deep My will ingrained at birth To flood true darkness with light and reverse You'll see my covenant to keep  Your judgment in the hands of the most inept Condemn those similar to burn with me But the night is still young...I'm also feeling very bold I think I'll do some burning of my own  ", "artist": "Morbid angel", "genre": "Death Metal", "album": "Domination", "year": 1995, "source": "Darklyrics"},
{"name": "11. Hatework", "lyrics": "  Hatework... Bringer of doom Hatework...  What I have in store What has the devil got to do with it I'm brewing my toil So the brimstone comes this way  Nightwork... My life's work Nightwork... world in flames  This calls for fire This is a call for ruin We will be departed Leave the rot so lonely  Hatework... Bringer of doom Hatework... and the turmoil comes... Hatework... My work Hatework... and the earth's left burning  I call death... death is answering me And a world betrayed is black forever.     ", "artist": "Morbid angel", "genre": "Death Metal", "album": "Domination", "year": 1995, "source": "Darklyrics"}
]