[
{"name": "1. Intro", "lyrics": " ", "artist": "Morbid angel", "genre": "Death Metal", "album": "Blessed Are The Sick", "year": 1991, "source": "Darklyrics"},
{"name": "2. Fall From Grace", "lyrics": "  Hot wind burns me Burning as I fall Cast away Speechless in the holy way I survive The scourge and banishing To scorching land I am lord, I take command  (Fall from grace)  Forgive me not This knowledge makes me strong To resurrect The cities of the damned All the treasures of Sodom Now belong to me - celebrate Fallen angels take my hand  (Fall from grace)  Whores long for my flesh And my desire Lust anointing me now Consume my soul     (I writhe in the flesh and the sins of hell) (I am Belial) (I bend my knees not before my selfish desire)    ", "artist": "Morbid angel", "genre": "Death Metal", "album": "Blessed Are The Sick", "year": 1991, "source": "Darklyrics"},
{"name": "3. Brainstorm", "lyrics": "  Gods transform me The storm will cleanse me Civilized I shall not be By this holy strain of laws  I fall below the earth I smell the ancients' breath The fiends encircle me They speak my name in tongues  For I'm no human now I burn the ways conform The gods are pleased with me They speak my name in tongues  I am the seer I know the texts divine Thunder words Demons race into my eyes.     Azazel Lend to me your wings of twelve I shall fly into the storm I, son of fire, in anger become The lightning bolts that strike the earth      ", "artist": "Morbid angel", "genre": "Death Metal", "album": "Blessed Are The Sick", "year": 1991, "source": "Darklyrics"},
{"name": "4. Rebel Lands", "lyrics": "  War-kills on the land Blood-saturates  Hallowed ground To which my fathers fell Rebel souls Buried deep beneath This hallowed ground Land of my ancestry Drink the blood Rebel lands rise again  War-death lingering Blood rivers flow In sacrifice  Unholy war Implored from below No peace as rebel lands rise    Quaking below my feet Mortals shall suffer defeat Forgotten evils below Rejoice as the blood flows     ", "artist": "Morbid angel", "genre": "Death Metal", "album": "Blessed Are The Sick", "year": 1991, "source": "Darklyrics"},
{"name": "5. Doomsday Celebration", "lyrics": "    ", "artist": "Morbid angel", "genre": "Death Metal", "album": "Blessed Are The Sick", "year": 1991, "source": "Darklyrics"},
{"name": "6. Day Of Suffering", "lyrics": "  A call to take your hand For I'm at one with the dark How dare you come with me And again you must die  So ancient curse known to me Behold the powers I unleash Upon your throne Know my words, feel my hate descend  Lord of light I will swarm against you now Gods perverse Wickeds at my side Misery Thorns to lance your every word Nazarene Now I crown you king in pain  Suffer    ", "artist": "Morbid angel", "genre": "Death Metal", "album": "Blessed Are The Sick", "year": 1991, "source": "Darklyrics"},
{"name": "7. Blessed Are The Sick / Leading The Rats", "lyrics": "  Havahej another me born to serve To plague and moan So many years my seed condemned No free to soar!!!  Will is yours? So, creator No intend could shadow My disease... Ever lusting pain  World of sickness Blessed are we to taste This life of sin  My touch is inhumane Nocturnal beast inside Is void of light And empty shall remain    ", "artist": "Morbid angel", "genre": "Death Metal", "album": "Blessed Are The Sick", "year": 1991, "source": "Darklyrics"},
{"name": "8. Thy Kingdom Come", "lyrics": "  Restless minds beneath the ground Through ghostly winds I hear the sound Crying forth in ancient tongues Eternal quest of vengeance From tombs of scorn cadavers rise Angered fury in their eyes Solemn rage, a need to kill Feasting on holy hordes  Evil curse is carried forth zombies rage Burning holy images in life they were Forced to hail Eternal flames have purified their souls Born again in blasphemy, thy kingdom come  Twisted oath nodebliwith Preying on those who seek the cross Let none be pardoned for their crimes Feeble race will die Scripture burns in infamy Tortured souls have been set free Taunting he who sits on high Pray thy kingdom come    Banished from the living Bodies long decayed Mass of resurrection  Sepulchers abandoned Insurgent souls arise Disseminating evil  Curse of devastation Implored by hell's command Darkness rips the land  Morbid priests serenity Sing praise Thy kingdom is at hand       ", "artist": "Morbid angel", "genre": "Death Metal", "album": "Blessed Are The Sick", "year": 1991, "source": "Darklyrics"},
{"name": "9. Unholy Blasphemies", "lyrics": "  Rise through the gate, Iak Sakkath From depths beyond the sky The realm of evil gods Painful... They eat your mind   Evil undisguised Breathe in pain Blackened souls remain  Ghouls who pray the death of god Destroy Jehovah's church Vomit upon the cross And burn the book of lies      Ghouls who pray the death of god Destroy Jehovah's church Vomit upon the cross And burn the book of lies      Yog Sothoth evil one Come forth and taste the blood Infant entrails Are hung upon the twisted cross  Blood Breathe in pain Blackened souls remain    ", "artist": "Morbid angel", "genre": "Death Metal", "album": "Blessed Are The Sick", "year": 1991, "source": "Darklyrics"},
{"name": "10. Abominations", "lyrics": "    Churning sea of Absu Place of weeping death Tiamat, dark serpent Lord of the morbid priests Enraged with hate for god The priests of chaos chant From the book of the worm They burn the symbols of christ  We spit on the virgin lamb And mock the words he spoke His ways not worthy of me We choose to burn in the pits of hell    Wreakers of death and havoc Inflicting never ending pain Sing the words of emptiness Formulas of death Call the queens of hell And the god of the dead The sea of Absu rolls Rising spirit of Nar-Marratuk!!!  Bow down before the master And pray the defeat of God Dog Prayer of the ensnarers Blind fiends of chaos rule    Rise up o powers of the sea In the name of Absu I call Come and carry my curse To the ones who me disgust May they burn in my cauldron For they are as molten wax So made it be  Liars in wait, priests of the night Make images to burn by the moon Robbing the spirit, raping god's law Send up our hate to burn heavens gate          ", "artist": "Morbid angel", "genre": "Death Metal", "album": "Blessed Are The Sick", "year": 1991, "source": "Darklyrics"},
{"name": "11. Desolate Ways", "lyrics": "    ", "artist": "Morbid angel", "genre": "Death Metal", "album": "Blessed Are The Sick", "year": 1991, "source": "Darklyrics"},
{"name": "12. The Ancient Ones", "lyrics": "       Locked deep beyond the gate Lost within the stars Realm of ancient ones Malignant ones Against the light Power of the blackened sky Hateful spawn \"We are the chasm depths\"  Come forth ancient ones, Tiamat Kutulu Rise, greed the cursed with your wrath My enemies are yours Twist their minds with your spells Crush their souls With your infernal grasp  A scorn from the Absu Kutulu snaps his jaws Cauldron burns and receives Crushing the voice of the tyrants Raise the horns in blasphemy            ", "artist": "Morbid angel", "genre": "Death Metal", "album": "Blessed Are The Sick", "year": 1991, "source": "Darklyrics"},
{"name": "13. In Remembrance", "lyrics": "     ", "artist": "Morbid angel", "genre": "Death Metal", "album": "Blessed Are The Sick", "year": 1991, "source": "Darklyrics"}
]