[
{"name": "1. The Invocation / Chapel Of Ghouls", "lyrics": "       Ia Ia lord of the waters Iaksakak lord of the waters I summon thee Come forth and make the gate appear Iaksakak is the gate in which the spheres meet Open wide the gate The ancient ones ruled us all and shall rule again Come forth through the gate and take the earth as your own  I am the god of all gods I am the lord of darkness and the master of magicians I am the power and the knowledge I am before all things I am before all gods I am before all days I am before all men and the legends of him I am the ancient one No man may seek my resting place I am the god of gods I am before all things    Ghouls attack the church Crush the holy priest Turning the cross towards hell Blind with Satan's flame  Crush the priest The feeble church  Dead - your god is dead Fools - your god is dead Useless prayers of lies Behold Satan's arise  Crush the priest The feeble church The family of dog Lust upon my altar  Demons attack with hate Satan in hell he awaits Death against you all God hear my death call  ", "artist": "Morbid angel", "genre": "Death Metal", "album": "Abominations Of Desolation", "year": 1991, "source": "Darklyrics"},
{"name": "2. Unholy Blasphemies", "lyrics": "    Rise through the gate, Iak Sakkath From depths beyond the sky The realm of evil gods Painful... They eat your mind  Laugh in the face of dog Spread disease upon his church  Ghouls who pray the death of god Destroy the Catholic church Vomiting upon the cross And burn the book of lies  Laugh in the face of dog Spread disease upon his church Vomiting upon the cross Scream forth blasphemy  Yog Sothoth, Azagthoth Come forth and taste the blood Infant entrails Are hung upon the twisted cross  Laugh in the face of dog Spread disease upon his church Vomiting upon the cross Scream forth blasphemy  ", "artist": "Morbid angel", "genre": "Death Metal", "album": "Abominations Of Desolation", "year": 1991, "source": "Darklyrics"},
{"name": "3. Angel Of Disease", "lyrics": "  Your plastic souls melt within cauldron's burning bright Chanting to the Ancient Ones, chants of broken lines Kneel before the altar, sacrifice is made It is pleasing to the ones most ancient of the days  They call the prince of disease, messenger of the Absu Carry through icy winds our curse upon their church  Hanging helpless above the pentagram Sacrifice swings within the leather noose Sing the ancient hymn that makes the Absu roll Raise the rusty knife and let loose the blood of Kingu  Sudden death throws off the balance that's within the sky Priest calls forth infernal names to the ones beyond the gate  Angel of disease one who shuns the light Shub Niggurath goat with a thousand young  Praise the beast, the chanting grew Praise the beast with virgin blood Praise the beast with soul and mind Praise the beast and do the sign  Bind their kings in iron chains Execute the judgement for them Come and taste the earthly pleasures Orgies of endless time  Beneath the rolling fog hate ignites their minds From their graves the dead will rise to answer Nammtar's call Upon a twisted cross the virgin corpse hangs They blacken out the sun and burn the elder gods  Priests of chaos calling forth Abominations of the pit Cthulhu meets in the void Ancient Ones rule once more  ", "artist": "Morbid angel", "genre": "Death Metal", "album": "Abominations Of Desolation", "year": 1991, "source": "Darklyrics"},
{"name": "4. Azagthoth", "lyrics": "    Locked beyond the gate Lost within the stars Realm of Azagthoth Mocking God Against the light Power of the skies Hateful spawn \"We are the chasm depths\"  Come forth Azagthoth, Yog Sothoth Rise, greet the curse with your wrath My enemies are yours Twist their minds with your spells Crush their souls With infernal grasp  I destroy jehova In sacrifice Cauldron burns and receives Crush the priest of the dark Raise the horns in blasphemy  Come forth Azagthoth, Yog Sothoth Rise, greet the curse with your wrath My enemies are yours Twist their minds with your spells Crush their souls With infernal grasp  Come forth Azagthoth, Yog Sothoth Rise, greet the curse with your wrath My enemies are yours Twist their minds with your spells Crush their souls With infernal grasp    Come forth Azagthoth, Yog Sothoth Rise, greet the curse with your wrath My enemies are yours Twist their minds with your spells Crush their souls With infernal grasp  I destroy jehova In sacrifice Cauldron burns and receives Crush the priest of the dark Raise the horns in blasphemy  Come forth Azagthoth, Yog Sothoth Rise, greet the curse with your wrath My enemies are yours Twist their minds with your spells Crush their souls With infernal grasp  ", "artist": "Morbid angel", "genre": "Death Metal", "album": "Abominations Of Desolation", "year": 1991, "source": "Darklyrics"},
{"name": "5. The Gate / Lord Of All Fevers", "lyrics": "    Ninnghizhidda - open my eyes Ninnghizhidda - hear my cries Plumed serpent of the deep Plumed serpent of the gate I command - come before me I command - bring the key Rise from the depths See the fire of my wand  Ia iak sakkakh iak sakkakth Ia shaxul  I call forth the god pazuzu I call forth the lord of plagues I am of the lost Creature spawn of hate Rejoice the heaving earth Praise the ripping sky Rise spread disease Consume their puny souls  Ia iak sakkakh iak sakkakth Ia shaxul Ia kingu ia cthulu ia azbul Ia azabua  Ride the wings of death...      ", "artist": "Morbid angel", "genre": "Death Metal", "album": "Abominations Of Desolation", "year": 1991, "source": "Darklyrics"},
{"name": "6. Hell Spawn", "lyrics": "  Satan master you are the one I am of you I am your son You took all my light I've given no fight Turn me to black Possessed to attack  I am the Hellspawn I am the Hellspawn  You are all I need For you I bleed Plant your seed Demons to feed Blacken my soul Under control Born of fire I shall return  I am the Hellspawn I am the Hellspawn I am the Hellspawn I am the Hellspawn  Die  Blacken my eyes You I defy For you I lie Master I will die Born of fire I shall return Taken my soul Under control  I am the Hellspawn I am the Hellspawn I am the Hellspawn I am the Hellspawn  Satan master you are the one I am of you I am your son You took all my light I've given no fight Turn me to black Possessed to attack  I am the Hellspawn I am the Hellspawn I am the Hellspawn I am the Hellspawn Hellspawn Hellspawn  ", "artist": "Morbid angel", "genre": "Death Metal", "album": "Abominations Of Desolation", "year": 1991, "source": "Darklyrics"},
{"name": "7. Abominations", "lyrics": "    Churning sea of Absu Place of weeping death Tiamat, dark serpent Lord of the morbid priests Enraged with hate for god The priests of chaos chant From the book of the worm They burn the symbols of christ  We spit on the virgin lamb And mock the words he spoke His ways not worthy of me We choose to burn in the pits of hell  Wreakers of death and havoc Inflicting never ending pain Sing the words of emptiness Formulas of death Call the queens of death And the god of the dead The sea of Absu rolls Rising spirit of Nar-Marratuk!!!  Bow down before the master And pray the defeat of God Dog Prayer of the ensnarers Blind fiends of chaos rule  Rise up o powers of the sea In the name of Absu I call Come and carry my curse To the ones who cause me disgust May they burn in my cauldron For they are as molten wax Burn consume thy powers IA ADU EN I  Liars in wait, priests of the night Make images to burn by the moon Robbing the spirit, breaking god's law Send up our hate to burn heavens gate       ", "artist": "Morbid angel", "genre": "Death Metal", "album": "Abominations Of Desolation", "year": 1991, "source": "Darklyrics"},
{"name": "8. Demon Seed", "lyrics": "Fear the reaper, twisted lies. Fear the reaper you will die. Demon Seed evil feeds. Demon Seed virgin bleeds. We crush jehova's church, Where we hang the priest.  Burn the cross blasphemy. Burn the cross jehova bleeds. Demon Seed evil feeds. Demon Seed jehova bleeds.  We crush jehova's church, Where we hang the priest.  Fear the reaper, twisted lies. Fear the reaper you will die. Demon Seed evil feeds. Demon Seed virgin bleeds.  We crush jehova's church, Where we hang the priest.  ", "artist": "Morbid angel", "genre": "Death Metal", "album": "Abominations Of Desolation", "year": 1991, "source": "Darklyrics"},
{"name": "9. Welcome To Hell", "lyrics": "    Caught within my evil spell Now it's time to burn in hell You were fooled on return You're just a doll for him to burn See the reaper in his eyes Messenger - prince of flies Brain washed with sin and death Time to burn - my evil wrath  Welcome To Hell...  Bring the children down to burn Once you fall - no return Sin takes you by surprise On this backwards hellbound ride Gates of hell drawing near Satan loves the taste of fear Quenching all with black desire Burn your souls in furnace fire  Welcome To Hell...  Evil spells of the dead Messengers of your death Falling endless in your tomb Locked within infernal doom See the reaper in my eyes Messenger - prince of flies Warlock's voice surrounds your dreams Baking soul within your screams  Welcome To Hell...  Break the gate, devastate Drag the ball and chain Metal beast is rising Come to take his reign Messengers of evil in the blackened skies Come child take my hand Meet the Prince of Lies     ", "artist": "Morbid angel", "genre": "Death Metal", "album": "Abominations Of Desolation", "year": 1991, "source": "Darklyrics"}
]