[
{"name": "1. Cleansed In Pestilence", "lyrics": "  Travesty the way the wretched stand Upon the earth blind in their ignorance Embracing the slavery of their minds Soulless voids of being, left wandering  Take this blade of Elohim Drain the life from within these fools Release the soul, within the flesh Saviours your name we celebrate  Forlorn, they shutter at their shrines Tortured by Deities, they hold no relevance Enslaved by the weakness of their minds Their crippled prayers, have left them smothering  Seize this, The hand of our God Drain this life the burden of these fools Release the soul, from within the flash Cleanse the soul, of their lives Cleanse the soul of impurity  Sickness Unyielding pestilence Sickness infests the meek Sickness bound by deities Sickness formed by lies    ", "artist": "Morbid angel", "genre": "Death Metal", "album": "Heretic", "year": 2003, "source": "Darklyrics"},
{"name": "2. Enshrined By Grace", "lyrics": "  Depredate, Restraint is not an option This world has fallen, Now scorched and barren The rage of lunatics, shall lead us nevermore The hand, long forgotten, shall feed the blessed now  Arise our Golem Defeat this enemy God strength upon the leach infested Rise our ancient wisdom and bring your pestilence  Rectify, With haste your wrath awakened Malfeasance, You scorn this world Enshrined by grace, your shadow blinds the feeble Disentail the noble few  Arise our ancient Golem Defeat this enemy God strength upon the leach infested Rise our ancient wisdom destroy this wasteland Enshrined by Grace devour this presceance Light the flame of redemption  ", "artist": "Morbid angel", "genre": "Death Metal", "album": "Heretic", "year": 2003, "source": "Darklyrics"},
{"name": "3. Beneath The Hollow", "lyrics": "  Hollow lies fill weakened minds with Hollow dreams Weakened lives fill infamy with failed beliefs Shattered wills fall aimlessly beneath the Hollow Hollow words can't fill the void beneath  Within they seethe Again they breed  So Callous  Legends swollen, Hallowed Waste is stripped away The venom growing with lust to feed the Hollow need Return from Ash, returning from a banished world To savor flesh of the Hollow, and all beneath  Within they seethe Again they breed  No Solace... So Callous... So Seething... In this they Feast  ", "artist": "Morbid angel", "genre": "Death Metal", "album": "Heretic", "year": 2003, "source": "Darklyrics"},
{"name": "4. Curse The Flesh", "lyrics": "  Being has overwhelmed the space between the silence of eternity Vision has intruded upon the light that pours through me, my energy Substance has veiled, the pleasures long lost, the beauty of emptiness This very flesh confines, and spoils this demon's seed  Waiting to light, A dead sky aflame To suffocate, to rejoice in your misery This waiting it seems, for so long I've yearned to see the burning flesh of your humanity Your withering flesh, I've longed to see  May you fall to never again arise May you cease to ever again be May your soul eternally be, in seas of pain Pleading, churning, drowning Pleading, dying, burning  The Treachery Returns to the Betraying Eyes Your Betrayers cries, fall to unyielding ears And oh how it came to be, That you would pray to me That you would beg to me, that this curse not come to be That you would plead. That this curse not be released  May you fall to never again arise May you cease to ever again be May your soul eternally be, in seas of pain Pleading, churning, drowning Pleading, dying, burning  ", "artist": "Morbid angel", "genre": "Death Metal", "album": "Heretic", "year": 2003, "source": "Darklyrics"},
{"name": "5. Praise The Strength", "lyrics": "  Remnants, From the ash arise the allegiance Martyr's unforgotten lives, immortal Heretics, gods of the Dawning time... Vindictive  Praise this source of strength Seize this time and heed Embrace the strength  and heed The fallen behind me  Tyrants, stand before the task, Impeding Mortals, In the wake of Gods, Beneath Kings Tyranny, Fall away in shards, Demise Leaches, Clinging to their shite, Die Blindly  Praise this Source of Strength Seize this time and Heed Embrace the Strength and Heed The Fallen behind me  A way forsaking, Waste, Unhuman Infected reason, infected being A new time Dawning, Our time Beginning The Reign of Leaches, it now ends...  Praise the Strength and Praise the Being Sing these Words and Dance to Victory Praise the Force that None can Conquer Embrace the Strength, the Sacred Power  Praise the Strength and the Dawn Of Reckoning See the Wrath Fall on those who Oppose This Be One in Voice and Chant the Mantra Feel the Force and Know Gods beyond Man  Praise the Strength, and Praise the Dawning Embrace the Wake that Flows behind this Grasp the Light of the New Reign Rising Stand with Kings, Fight Undying...  Praise the Strength, And Praise the being Sing these Words and Dance to Victory Praise the Force that None can Conquer Embrace the Strength  Remnants, From the ash arise the allegiance Martyr's unforgotten lives, immortal Tyrants, stand before the task, Impeding Mortals, In the wake of Gods, Beneath Kings  Praise this Source of Strength Seize this time and Heed Embrace the Strength and Heed The Fallen behind me  ", "artist": "Morbid angel", "genre": "Death Metal", "album": "Heretic", "year": 2003, "source": "Darklyrics"},
{"name": "6. Stricken Arise", "lyrics": "  Beneath the spite in shattered minds of the weak Breathes the truth the knowing, their faith has died Blind and unguided, they wander through desolation Through the ashes of the world consumed  Enlightened by their Hate... ...Bathing in their Lust ...Bleeding for the taste of Revenge The Stricken Arise  Festering deep inside manipulation Beyond the light, the shadow's fall, this prison's hold Awakened and growing, Beyond what eyes can see Tasting the rebirth the Crowning of our King  Enlightened by their Hate... ...Bathing in their Lust ...Bleeding for the taste of revenge ... Thriving in their Hate ...Writhing in Disgust ...Feasting on their Weakness We Rise...  The path of Blind Faith. The path of Idolatry. Their path of meekness My wrath of Sickness My wrath of Disease My wraths Dismantling Hope of life  Beneath the spite in shattered minds of the weak Breathes the truth the knowing, their faith has died Blind and unguided, they wander through desolation Through the ashes of the world consumed  Enlighten by their Hate... ...Bathing in their Lust ...Bleeding for the taste of revenge ... Thriving in their Hate ...Writhing in Disgust ...Feasting on their Weakness  ", "artist": "Morbid angel", "genre": "Death Metal", "album": "Heretic", "year": 2003, "source": "Darklyrics"},
{"name": "7. Place Of Many Deaths", "lyrics": "    ", "artist": "Morbid angel", "genre": "Death Metal", "album": "Heretic", "year": 2003, "source": "Darklyrics"},
{"name": "8. Abyssous", "lyrics": "    ", "artist": "Morbid angel", "genre": "Death Metal", "album": "Heretic", "year": 2003, "source": "Darklyrics"},
{"name": "9. God Of Our Own Divinity", "lyrics": "  Praise Us, God of Witchery Lord Of All Undying Being thy blessing to thee  Now guide us, by thy hand, Show us ways unknown by mortals Enlist thy sight, Enlist thy will, Free us of the undevine Release the ways, that blind our minds, Break apart these rusting chains Bring the light, to wake our souls To you we praise and speak your name  Absu Your Strength within Us Absu Your ways Embrace Absu Rise in Assemblance Absu Your Will Alive  Your Presence, ornate and breathing, Within the serpents crawl Tried, by man as Heathens, by courts of a lesser faith Undead, and always dreaming, Bathed in worlds unfleshed and clean Awake. silent and watching, through timeless life.  Raise this being to Life Become the same as a God Raise this being to Life Become one with the Gods  So blessed by thee, chant the names to rise the soul Branded, by this sacred marks, veiled in secrecy Alive, and always dreaming, God of our own Divinity Rise, Your wait has ended, this time is ours  Raise this being to Life Become the same as a God Raise this being to Life Becoming a God  ", "artist": "Morbid angel", "genre": "Death Metal", "album": "Heretic", "year": 2003, "source": "Darklyrics"},
{"name": "10. Within Thy Enemy", "lyrics": "  Foulest ... Beneath the Churning tide Feeding... Upon this waste of light, This sore of mass consumption Lies within this, treachorist, This Undevine, conceived of hate by Whores and slaves, in dying pain  From within this seething comes The empty threat of the besieged I shall never fall I am Vengeance!!  Release these strikes of penance Realize these words of war Unhold these minds emotion Release this wrath within haste Bring this fate upon these men who choose to be At one with the cowardice within thine enemy  From within this seething comes The empty threat of besieged I shall never fall I am Vengeance!!  Decimate your allegiance Decimate your inner strength Kneel before me and learn your fate Know your master, Chant my name  Cowards... Engulfed in ignorance Kneel before me and learn your fate Know your master, Chant my Name  Release these strikes of penance Realize these words of war Unhold these minds emotion Release this wrath within haste Bring this wrath upon these men who choose to be At one with the cowardice within thine enemy  ", "artist": "Morbid angel", "genre": "Death Metal", "album": "Heretic", "year": 2003, "source": "Darklyrics"},
{"name": "11. Memories Of The Past", "lyrics": "    ", "artist": "Morbid angel", "genre": "Death Metal", "album": "Heretic", "year": 2003, "source": "Darklyrics"},
{"name": "12. Victorious March Of Rain The Conqueror", "lyrics": "    ", "artist": "Morbid angel", "genre": "Death Metal", "album": "Heretic", "year": 2003, "source": "Darklyrics"},
{"name": "13. Drum Check", "lyrics": "    ", "artist": "Morbid angel", "genre": "Death Metal", "album": "Heretic", "year": 2003, "source": "Darklyrics"},
{"name": "14. Born Again", "lyrics": "       ", "artist": "Morbid angel", "genre": "Death Metal", "album": "Heretic", "year": 2003, "source": "Darklyrics"}
]