[
{"name": "1. Dr Rock", "lyrics": "All right, all right I hope you son of bitches see the light You again, you again I know you've got a mental age of ten Listen up, listen up I wouldn't swap you for a thousand bucks Come on, you're the one I think I'm going to switch your lazer on   I've got the medicine you need I've got the power, I've got the speed I'll find out how to stop your clock We sure ain't talking Doctor Spock Hear me talking, Doctor Rock.  Lay down, turn around Here come the sister gonna strip you down Shut up, breathe in Lets have the address of your next of kin Chin up, shoulders back You've got a body like a Marshall stack Keep still, take your pill Or I'm gonna make you really ill.    Next please, next please Try to separate those cowardly knees X-ray, you've gotta pay The only chance you've ever got of getting away Here we are, what's the scar I don't like anything I've seen so far Pay me, pay me I ain't no doctor of philosophy    ", "artist": "Motorhead", "genre": "Heavy Metal", "album": "No Sleep At All", "year": 1990, "source": "Darklyrics"},
{"name": "2. Traitor", "lyrics": "You stand accused of treason, you offer no good reason You are a bloody liar, yours is the stake the fire, You say you are innocent, but you be caught and spent And now you pay the price, for avarice, your vice Intrigue your sole desire, you sold your wife, your child You sell your oldest friends, you sold your countrymen And yet we know your name, traitor, traitor  And now your face is shown, and so your fate is known, We have discovered you, we have uncovered you, You say you were led astray, fall on your knees and pray, Pity is not for you, we'll make things hot for you, Our hearts we make to harden, for you there is no pardon, For you the spike awaits, upon the traitors gate, And crows will eat your eyes, traitor, traitor  Delight we find in you, as we are binding you, You look in vain for friends, you only find revenge We give you blood and steel, we break you on the wheel The ones you hope to sell, will send you  straight to hell, As we dismember you, we shall remember you, You are abomination, you that betray the nation You shall take long to die, traitor, traitor!!!  ", "artist": "Motorhead", "genre": "Heavy Metal", "album": "No Sleep At All", "year": 1990, "source": "Darklyrics"},
{"name": "3. Dogs", "lyrics": "Here we are in confusion Could be it's all an illusion Who knows the times to come The years to face, the race to run We believe in graven image We believe in the fight to the finish We desire the almighty dollar The pound of flesh, the golden collar Lick the hand, we give our land to dogs  Here we are in the years The blood, the sweat, the tears Have made us bondage slaves In a world that we never made, The politicians lick our bones, The tacticians, hearts of stone They turn us against our brothers Make us fight and kill each other Locked in lust we put our trust in dogs  Here we are again, The dead still look the same Who cares they're soon forgotten Nobody loves corpse that's rotten Your fathers, mothers, daughters, sons Have been taken by the chosen ones But don't forget you made the choice, You made your mark, you raised your voice, They're all the same, you're all to blame You're dogs  ", "artist": "Motorhead", "genre": "Heavy Metal", "album": "No Sleep At All", "year": 1990, "source": "Darklyrics"},
{"name": "4. Ace Of Spades", "lyrics": "If you like to gamble, I tell you I'm your man, You win some, lose some, all the same to me, The pleasure is to play, makes no difference what you say, I don't share your greed, the only card I need is The Ace Of Spades  Playing for the high one, dancing with the devil, Going with the flow, it's all the game to me, Seven or Eleven, snake eyes watching you, Double up or quit, double stake or split, The Ace Of Spades  You know I'm born to lose, and gambling's for fools, But that's the way I like it baby, I don't wanna live for ever, And don't forget the joker!  Pushing up the ante, I know you wanna see me, Read 'em and weep, the dead man's hand again, I see it in your eyes, take one look and die, The only thing you see, you know it's gonna be, The Ace Of Spades  ", "artist": "Motorhead", "genre": "Heavy Metal", "album": "No Sleep At All", "year": 1990, "source": "Darklyrics"},
{"name": "5. Eat The Rich", "lyrics": "They say music is the food of love, Let's see if you are hungry enough, Take a bite, take another, just like a good boy would, Get a sweet thing on the side, Home cooking, homicide, Side order, could be your daughter, Fingerlicking good  Come on baby, eat the rich, Put the bite on the son of a bitch, Don't mess around, don't give me no switch, C'mon baby eat the rich C'mon baby eat the rich  Sittin' here in a restaurant, Tell the waiter just what you want Is that the meat, you wanted to eat, How would you ever know? Hash browns an' bacon strips, I love the way that you lick your lips, No fooling, I can see you drooling, Feel the hunger grow    Eat up, eat you, eat me, Eat two, get one free Shetland pony, extra pepperoni Just pick up the phone, Eat Greek, or eat Chinese, Eat salad, or scarf up grease You're on the shelf, maybe eat yourself, Come on, bite my bone    ", "artist": "Motorhead", "genre": "Heavy Metal", "album": "No Sleep At All", "year": 1990, "source": "Darklyrics"},
{"name": "6. Built For Speed", "lyrics": "You know the rules, you all know the game Try and do whats right And I swear I can't complain If I die tonight But I don't think its in the stars For me to go that way I'll be here for a long, long time babe I'm here to stay   I was born to rock'n'roll, everything I need I was born with the hammer down I was built for speed.  Bet your life it ain't no easy money But you won't hear me bitch Spent a long time wrecked and funny I've got the ten year itch  See me running all around the world Trying to make some time A million miles, a million girls A million real good times    Don't you listen to a single word Against rock'n'roll The new religion, the electric church The only way to go I don't give a good goddamn My life's been alright I'm gonna crazy out of my mind Every single night.    ", "artist": "Motorhead", "genre": "Heavy Metal", "album": "No Sleep At All", "year": 1990, "source": "Darklyrics"},
{"name": "7. Deaf Forever", "lyrics": "Stoneface dog, swirling fog, gates open on the dark dark night Standing stone, skull and bone, dead witness to an unseen fight Beat the drum, beat the drum, beat forever on the endless march Stricken dumb, cut and run, someone is screaming and the sky is dark   Sword and shield, bone and steel, rictus grin Deaf forever to the battles din  March or croak, flame and smoke, burn forever in eternal pain Charge and fall, bugle call, bone splinter in the driving rain Horses scream, Viking dream, drowned heroes in a lake of blood Armoured fist, severed wrist, broken spears in a sea of mud    Mother earth, mother earth enfold you in her cold embrace Sinking down, killing ground, worm crawling on your cold white face Win or lose, nought to choose, all men are equal when their memory fades No one knows, friends or foes, if Valhalla lies beyond the grave    ", "artist": "Motorhead", "genre": "Heavy Metal", "album": "No Sleep At All", "year": 1990, "source": "Darklyrics"},
{"name": "8. Just 'Cos You Got The Power", "lyrics": "You might be a financial wizard, With a sack of loot, All I see is a slimy lizard, With an expensive suit, Go on and run your corporation, Go and kiss some ass, You might buy half of the nation, But you can't buy class  You bastards think it's funny, Lyin' and thieving all your life, Think all there is is money, Got your future strapped up tight, Just 'Cos You Got The Power, That don't mean you got the right  You can take my fingers babe, You can take my eyes, You can take my past and future, It won't make you wise, You can have me thrown in jail, You can steal my booze, You can even read my mail, Step on my blue suede shoes,  You bastards must be clever, Got it mapped out in black and whit, But don't forget you'll never, Get a dog to walk upright, Just 'Cos You Got The Power, That don't mean you got the right  Go on out make another deal, Feed your big fat face, Go on out and cop a feel, Get on somebody's case, You surely would be satisfied, If you could have it all, But time ain't on your side, You're going to the wall  You think that life's all dollars, Greed and lust and spite, But I wasn't born to follow, Like to get my sleep at night, Just 'Cos You Got The Power, That don't mean you got the right  ", "artist": "Motorhead", "genre": "Heavy Metal", "album": "No Sleep At All", "year": 1990, "source": "Darklyrics"},
{"name": "9. Killed By Death", "lyrics": "If you squeeze my lizard I'll put my snake on you I'm a romantic adventure And I'm a reptile too   But it don't make no difference 'cos I ain't gonna be, easy, easy the only time I'm gonna be easy's when I'm Killed by death  *4  I'm a lone wolf ligger But I ain't no pretty boy I'm a backbone shiver and I'm a bundle of joy    But it don't make no difference 'cos I ain't gonna be, easy, easy the only time I'm gonna be easy's when I'm Killed by death Killed by death Killed by death Killed by death  ", "artist": "Motorhead", "genre": "Heavy Metal", "album": "No Sleep At All", "year": 1990, "source": "Darklyrics"},
{"name": "10. Overkill", "lyrics": "Only way to feel the noise is when it's good and loud, So good you can't believe it's screaming with the crowd, Don't sweat it, get it back to you, Overkill, Overkill  On your feet you feel the beat, it goes straight to your spine, Shake your head you must be dead if it don't make you fly, Don't sweat it, get it back to you, Overkill, Overkill  Know your body's made to move, feel it in your guts Rock 'n' roll ain't worth the name if it don't make you strut, Don't sweat it, get it back to you, Overkill, Overkill     ", "artist": "Motorhead", "genre": "Heavy Metal", "album": "No Sleep At All", "year": 1990, "source": "Darklyrics"}
]