[
{"name": "1. I'm In Pain", "lyrics": "The killing is a need rots in the pain. Fight for the fear of rights. The time is set, scream for their help. Cry through the darkest night.  The peeling is the skin rotting the soul. Hailing for the chosen son. Mortality the pain, fearing for the living. Ravenge the chosen one.  The darkness falls beyond the grave. Blessing ground in which they save. Even though the time has passed. The souls are fried tonight in hell.  Rotting souls in fear of desperate need. Serpent souls in bowels on which to feed. The devil dog is out for blood and parts. The devil craves the blood we're thirsting on.  Help me I'm in pain. Help me I'm in pain.  ", "artist": "Obituary", "genre": "Death Metal", "album": "The End Complete", "year": 1992, "source": "Darklyrics"},
{"name": "2. Back To One", "lyrics": "A stab in the back with a fearless knife. With no regard to an innocent life. Ruthlessly killing, what terrible fun. Now that you're falling, with nowhere to run.  Back to the one who you fear is dead. The nightmare returns, so it's sliced through your head. Warmly embraced you will soon go away. The blood-soaked heads and the destitute say, say.  Back to one.  You're falling, you're falling to your death down below. You're dying it's pain no one will ever know. You're crawling toward the goodness of the light. You're crying out after those who may stop this fight.  ", "artist": "Obituary", "genre": "Death Metal", "album": "The End Complete", "year": 1992, "source": "Darklyrics"},
{"name": "3. Dead Silence", "lyrics": "Not the one. The souls are gonna burn. You're the one. Coming down the dead.  Through the darkness skies are gonna show. Pray for lies, but who's the one to go. The streams of blood flow into the streets. Feeds the need, of the decayed rotting means.  The fires breeds upon, the weary young. Evil tales, sold his only son. Life no longer fills the need. Dead silence in which to feed.  The fires breeds upon, the weary young. Evil tales sold his only son. Life no longer, fills the need. Feeds the need, of the decayed rotting means.  ", "artist": "Obituary", "genre": "Death Metal", "album": "The End Complete", "year": 1992, "source": "Darklyrics"},
{"name": "4. In The End Of Life", "lyrics": "No will, no will to live, to live. Without light, light, you're dead. Coming to the end to die. End of life.  Arriving in the end of life. Ones decide to sacrifice.  No will, no will to live, to live. Without, without light is end. Coming, coming to the end of life.  Lost in darkness realms of gold. The fearless ones now are down. The final blood has, burned off life.  ", "artist": "Obituary", "genre": "Death Metal", "album": "The End Complete", "year": 1992, "source": "Darklyrics"},
{"name": "5. Sickness", "lyrics": "Some say you're choosing to fight. And some say you're scheduled to live or die. And some say you're scheduled to kill Laughing at what they will do.  What if they are right To lift the fate of everyone. Let them live in pain. A pain to which there is no end.  As I look to the right. I see the horror filled within. Killing is the meaning of life. Killing is a way to leave your body  A mean to release your fear. A fear of sickness down within. Let the guilty pay. A pain to which there is no end.  Back from the grave. I took the life of everyone. And from the bottom of the grave. I took the death of everyone.  To those who fear their right. You are the first sight then filled with fear. A fear that begins to mount The fear that turns you inside out.  Into the realms of no way out. Into a life of the utter doubt. A place in which you won't exist. A place in which you're living dead.  ", "artist": "Obituary", "genre": "Death Metal", "album": "The End Complete", "year": 1992, "source": "Darklyrics"},
{"name": "6. Corrosive", "lyrics": "As you begin to fall. A terror with these that fear. A trust in your beliefs. Be forced to no release.  The corrosion fills your mind, your mind. Your eyes turn to stone. A killer becomes in you. Rotting soul's desire.  ", "artist": "Obituary", "genre": "Death Metal", "album": "The End Complete", "year": 1992, "source": "Darklyrics"},
{"name": "7. Killing Time", "lyrics": "Arriving in the night. A peeling soul to pay Crying for the light. Piercing through your brain.  Reaching out for help. The help in which you pray. Searching for the answer To questions which they say  Just killing time.  The killing time is the final bout. Life slowly decays From the depths of down below. Powerful rotting ways. Corpses laid out on the ground Form a perfect line.  A killing time.  Rotten is the deadly birth. Strength turns to fear. Certain for the end result Life's breath draws near.  A falling victim to decay. Infection sets the pace Rising from your loneliness And the human race.  ", "artist": "Obituary", "genre": "Death Metal", "album": "The End Complete", "year": 1992, "source": "Darklyrics"},
{"name": "8. The End Complete", "lyrics": "You will soon come with me to die And find that death is not the end. Who I say, who will, who won't be freed. Tell me that this is not the end complete.  Even as the end's complete. Finding strength in one's defeat. Living in an endless score Killing me with battle sores.  I'm the one that's sent to kill. Feeling all destructive will. Bring forth one dead soul decay. The end completes the final day.  When the time has come to bare Dying young fall to despair. To bring forth one dead soul decay. The end completes the final day.  ", "artist": "Obituary", "genre": "Death Metal", "album": "The End Complete", "year": 1992, "source": "Darklyrics"},
{"name": "9. Rotting Ways", "lyrics": "The terror fills my mind. Cannot prevent what's mine. Silence life that's sent. Fearing the souls, of fate. Death decides rotting ways.  Rotting ways, fear of death the signs from below. Rotting ways, fear that bleeds with lives sought low.  The fear has come beyond the rotting ways. Now the time writes down the days.  They're coming for the glory of the kill without a sound. Mystery sinks into, back into the ground.  Terror fills my mind. Cannot prevent what's mine. Silence life that's sent. Fearing the souls of fate. Death decides rotting ways.  ", "artist": "Obituary", "genre": "Death Metal", "album": "The End Complete", "year": 1992, "source": "Darklyrics"},
{"name": "10. I'm In Pain (Live)", "lyrics": "  ", "artist": "Obituary", "genre": "Death Metal", "album": "The End Complete", "year": 1992, "source": "Darklyrics"},
{"name": "11. Killing Time (Live)", "lyrics": "     ", "artist": "Obituary", "genre": "Death Metal", "album": "The End Complete", "year": 1992, "source": "Darklyrics"}
]