[
{"name": "1. Wreath", "lyrics": "Falling inside again This nightmare always the same Still never enough Halting at the brink of discovery  Moving into the darkness Leaking inside to cover up Dragging me down and under Entangled and undone at once  Old memories I'm not in need but wish to know What are the tragedies The history behind the walls  Pacing further down Familiar children's laughter Dissonant and out of time And their eyes are dead  Watching myself in a pool of water Wearing the mask of a ghost Smeared all across my skin Rotten earth and insects  Endless night Always preserving the calm Movement behind  Bleeding animals in a field of fire There is no absolution Death is but a fairytale They are mere visions They are afraid of me  Clear insight A smoke is rising nearby Dust covering my coat Blend together to spell my name  Pale, covered me with sweat There are no words left Sole provider of death Distorted faith in myself  Human harvest burning Blackest pages turning Twisted perception come true Captured in dreams connected  Staring right back Spiritual decay - Still seeking Frozen in time Mourn this departure - All watching  Calling me back Closure to bleak matters - I'm leaving End of a search Coming of morning  Calling me back Closure to bleak matters - I'm leaving End of a search Coming of morning - Returning  ", "artist": "Opeth", "genre": "Doom Metal", "album": "Deliverance", "year": 2002, "source": "Darklyrics"},
{"name": "2. Deliverance", "lyrics": "Floating on mist Crept up the caverns of my brain Received no warning From nothing to a life code Walk with me, you'll never leave Wait to see your spirit free Tell me how your heart's in need As I drown you in the sea Unwinding snares of distrust Your wrist in my fast grip Look me in the eye, I'm clear This is your time Face down beneath the waterline Gazing into the deep From love to death In a time span of seconds Oblivious to regret Pushed into belief In liquid cellophane Gasping for air Mercy in my eyes Is the shade of the night The piercing sounds you make Soaring higher, higher now And once left in my wake Your memory is nothing but the scars on me All over now Forgotten why I needed this Standing down Disappear into the obscure Resting days Waiting for new disease Biding time Locked inside insanity It always burns within The downward spiral never ends When driven into sin Your salvation's found in a sinner's deed The devil guides the way Tells me what to say Pours himself inside And snuffs the final light  Deliverance Thrown back at me  Deliverance Laughing at me  ", "artist": "Opeth", "genre": "Doom Metal", "album": "Deliverance", "year": 2002, "source": "Darklyrics"},
{"name": "3. A Fair Judgement", "lyrics": "Losing sleep, in too deep Fading sun, what have I done Came so close to what I need most Nothing left here Cut the ties, uncover disguise Left behind all intertwined Lost control, moved out of the role now Nothing's left here Leave it be It was meant for me Soul sacrifice Forgot the advice Lost track of time In a flurry of smoke Waiting anxiety For a fair judgement deserved  ", "artist": "Opeth", "genre": "Doom Metal", "album": "Deliverance", "year": 2002, "source": "Darklyrics"},
{"name": "4. For Absent Friends", "lyrics": "  ", "artist": "Opeth", "genre": "Doom Metal", "album": "Deliverance", "year": 2002, "source": "Darklyrics"},
{"name": "5. Master's Apprentices", "lyrics": "There is a voice calling for me There is a light coming down on me There is a doubt that is clearing There is a day that is dawning There is a wound that is healing There is a season waiting for me There is a road that is turning There is a fire still burning A sickness in me Constant pace towards the end The need is stronger This time the need is deeper  There is a peace I am searching There is a freedom I'm depending on There is a pain that's never ending There is a rain falling only on me There is a dream I am living There is a life I am dreaming of There is a death I'm awaiting There is a home I am deserting  I hold my breath and wait Only moments remain Movement for departed hope Effect for absent friend  Sever the faith from my body Leave me begging for more Take what I have and deliver me Into everlasting sleep  Soothing trance Colours fade And disappear Ethereal light Showing me what I can do without  In a motionless scenes There is only me I take what I can Controlling you to get ahead  Fading away And leaving Long for sleep Closer now Lead the way into death  Every wretched dream I have left behind Every waking hour I lie in wait Sucked inside by will Gone into the flood All my questions unfurled As I was put to the test  Once I'm below there's no turning back  Every wretched dream I have left behind Every waking hour I lie in wait  Plunging into the deepest void Departed shell left drained behind  Pacing roads unknown Searching for a new home Desert in my eye Barren lands inside  ", "artist": "Opeth", "genre": "Doom Metal", "album": "Deliverance", "year": 2002, "source": "Darklyrics"},
{"name": "6. By The Pain I See In Others", "lyrics": "Let me taste Let me feel I need to know what you keep inside No need to speak Just let it be Carry out this wish for me let nothing interfere Rise to submission I'm still beneath in the soil Discard your clothes Let loose you hair We're intertwined forever and have always been Say the word And I'll depart Upon your lips dwells nothing but the meaning of my cause  Rise to submission I'm still beneath in the soil  And so comes the dark Vibrant as ever before Flowers already withered In this endless winter of souls Outside in the park The days move along And nothing ever changes They have nothing on us And we've always knew That nothing ever changes Rise to submission I'm still beneath in the soil This is ours alone Feeding off the warmth Lured out from inside Depending on the life blood  Rise to submission I'm still beneath in the soil This is ours alone Feeding off the warmth Lured out from inside  Silently Whispering Move in me and set me free  \"Htaed otni yaw eht dael Won resolc Peels rof gnol Gnivael dna Yawa gnidaf  Tuohtiw Od Nac I Tahw Em Gniwohs Thgil Laerehte Raeppasid Dna Edaf Sruoloc Ecnart Gnihtoos\"     ", "artist": "Opeth", "genre": "Doom Metal", "album": "Deliverance", "year": 2002, "source": "Darklyrics"}
]