[
{"name": "1. Bornlivedie", "lyrics": "    ", "artist": "Porcupine tree", "genre": "Progressive Metal", "album": "Signify", "year": 1997, "source": "Darklyrics"},
{"name": "2. Signify", "lyrics": "    ", "artist": "Porcupine tree", "genre": "Progressive Metal", "album": "Signify", "year": 1997, "source": "Darklyrics"},
{"name": "3. The Sleep Of No Dreaming", "lyrics": "  At the age of sixteen I grew out of hope I regarded the cosmos Through a circle of rope So I threw out my plans Ran on to the wheel And emptied my head Of all childish ideals The sleep of no feeling Sleep of no being Sleep of no dreaming Sleep of no dreaming I married the first girl Who wasn't a man And smiled as the spiders Ran all over my hands The sleep of no feeling Sleep of no being Sleep of no dreaming Sleep of no dreaming Made a good living By dying it's true As the world in my TV Leaked onto my shoes The sleep of no feeling Sleep of no being Sleep of no dreaming Sleep of no dreaming  ", "artist": "Porcupine tree", "genre": "Progressive Metal", "album": "Signify", "year": 1997, "source": "Darklyrics"},
{"name": "4. Pagan", "lyrics": "    ", "artist": "Porcupine tree", "genre": "Progressive Metal", "album": "Signify", "year": 1997, "source": "Darklyrics"},
{"name": "5. Waiting - Phase One", "lyrics": "  Waiting... to be born again  Wanting... the saddest kind of pain Waiting for the day when I will crawl away  Nothing is what I feel Waiting... for the drugs to make it real Waiting... for the day when I will crawl away  Waiting... to be disciplined Aching... for your nails across my skin Waiting... for the day when I will crawl away  ", "artist": "Porcupine tree", "genre": "Progressive Metal", "album": "Signify", "year": 1997, "source": "Darklyrics"},
{"name": "6. Waiting - Phase Two", "lyrics": "    ", "artist": "Porcupine tree", "genre": "Progressive Metal", "album": "Signify", "year": 1997, "source": "Darklyrics"},
{"name": "7. Sever", "lyrics": "  Telepath Carbon trapped under stone Brother mother pale body is thrown Only way I know to have fun Fill up my blood, my veins, my lungs  ESP city - rainy and blue Burn down this town, I give it to you Aero shallow, photograph blind Stage fright, black light, coma divine  No sense of time Sever tomorrow Exitless mind - ESP Sever tomorrow  School out invective, losing my voice Film shredding on in multiple choice America calls, I must go Oprah saviour, I feel that low  ", "artist": "Porcupine tree", "genre": "Progressive Metal", "album": "Signify", "year": 1997, "source": "Darklyrics"},
{"name": "8. Idiot Prayer", "lyrics": "    ", "artist": "Porcupine tree", "genre": "Progressive Metal", "album": "Signify", "year": 1997, "source": "Darklyrics"},
{"name": "9. Every Home Is Wired", "lyrics": "  Modem load and failsafe Electric teenage dust Hit the solvent keypad Start the neural rust  Power on the highway Data in my head Surfing on the network Part of me is dead  Every Home is Wired  Swimming in the circuit Somebody has expired This world will be the future  Every home is wired  ", "artist": "Porcupine tree", "genre": "Progressive Metal", "album": "Signify", "year": 1997, "source": "Darklyrics"},
{"name": "10. Intermediate Jesus", "lyrics": "    ", "artist": "Porcupine tree", "genre": "Progressive Metal", "album": "Signify", "year": 1997, "source": "Darklyrics"},
{"name": "11. Light Mass Prayers", "lyrics": "    ", "artist": "Porcupine tree", "genre": "Progressive Metal", "album": "Signify", "year": 1997, "source": "Darklyrics"},
{"name": "12. Dark Matter", "lyrics": "  Inside the vehicle the cold is extreme Smoke in my throat kicks me out of my dream I try to relax but its warmer outside I fail to connect, it's a tragic divide  This has become a full time career To die young would take only 21 years Gun down a school or blow up a car The media circus will make you a star  Dark matter flowing out on to a tape Is only as loud as the silence it breaks Most things decay in a matter of days The product is sold the memory fades  Crushed like a rose In the river flow I am I know     ", "artist": "Porcupine tree", "genre": "Progressive Metal", "album": "Signify", "year": 1997, "source": "Darklyrics"}
]