[
{"name": "1. Roots Bloody Roots", "lyrics": "Roots Bloody Roots Roots Bloody Roots Roots Bloody Roots Roots Bloody Roooaaaaaahh  I Believe in our fate We don't need to fake It's all we wanna be Watch me freeeaaak !!  I say We're growing every day Getting stronger in every way I'll take you to a place Where we shall find our  Roots Bloody Roots Roots Bloody Roots Roots Bloody Roots Roots Bloody Roots  Rain Bring me the strength To get to another day and all I want to see Set us free  Why Can't you see Can't you feel This is real Ahhh  I pray We don't need to change Our ways to be saved That all we wanna be Watch us freak  ", "artist": "Sepultura", "genre": "Solid Metal", "album": "Roots", "year": 1996, "source": "Darklyrics"},
{"name": "2. Attitude", "lyrics": "One week of struggling On the real world is.. So you can see !!!  Feel your soul and... Shape your mind to warfare It's all for real  Live your life Not the way they taught you Do what you feel !  Survive the jungle Give me blood Give me Pain These scars won't heal  What were you thinking What a wonderful world !!! You're full of shit  Leave it behind They don't care if you cry All is left is pain  Can you take it ? Can you take it ? Can you take it ? Can you take it ?  The only way To get away Kill your pride Attitude  I won't take it I won't take it I won't take it I won't take it  So in the end I want to see some respect ( I said ) You better show some respect ( I said ) Attitude and respect  ", "artist": "Sepultura", "genre": "Solid Metal", "album": "Roots", "year": 1996, "source": "Darklyrics"},
{"name": "3. Cut-Throat", "lyrics": "Telling lies right into your face Grab your soul and make a disgrace Make you believe you're bigger than life No one cares if you'll live or die  Waiting for the moment to strike To take possession to take your heart Turn your part into a farse Without respect, without regret  Cut-Thoat - cut-throat Cut-Throat Cut-Thoat - cut-throat Cut-Throat  You promise this and promise all Deep inside nothing at all In a war of filth and greed We don't need none of this shit  All I say that will survive We know what's true, we know what's right We're going through this till the end And I know you're not my friend  Cut-Thoat - cut-throat Cut-Throat Cut-Thoat - cut-throat Cut-Throat Fuck !  To give in - no fucking way To give in - no way  So don't tell us it can't be done Putting down what you don't know Money isn't our god Integrity will free our soul  Enslavement pathetic Ignorant corporations  Cut-Thoat - cut-throat Cut-Throat Cut-Thoat - cut-throat Cut-Throat  ", "artist": "Sepultura", "genre": "Solid Metal", "album": "Roots", "year": 1996, "source": "Darklyrics"},
{"name": "4. Ratamahatta", "lyrics": "Biboca Garagem Favela  Fubanga Maloca Bocada  Maloca Bocada Fubanga  Favela Garagem Biboca, porra !!!  Ze Do Caixao Zumbi Lampiao  Hello uptown Hello downtown Hello midtown Hello trenchtown  Ratamahatta !!! ...  Hello uptown Hello downtown Hello midtown Hello trenchtown  Ratamahatta !!! ...  ", "artist": "Sepultura", "genre": "Solid Metal", "album": "Roots", "year": 1996, "source": "Darklyrics"},
{"name": "5. Breed Apart", "lyrics": "Creepy crawl On concrete and dust Asphalt jungle Piles of crust  Non sense thoughts Inside the mind What really means What I want ?  Open up your mind And go your own way Open up your mind And go your own way Open up your mind And go your own way Open up your mind And go your own way  Straight old thoughts To force you down Raping rape Breed apart  Open up your mind And go your own way Open up your mind And go your own way Open up your mind And go your own way  Open up your mind And go your own way Open up your mind And go your own way Open up your mind And go your own way Open up your mind  ", "artist": "Sepultura", "genre": "Solid Metal", "album": "Roots", "year": 1996, "source": "Darklyrics"},
{"name": "6. Straighthate", "lyrics": "I ask myself why I'm so hateful Maybe just part of my nature People say I'm fucked in my mind Feels like there's nothing left inside  Walking now on different dirty streets But the same old feeling still exists Hate is like a shade that will never leave Leave me alone I don't need sympathy  What goes around Comes around You're going down Down  Straighthate, Straighthate Straighthate, Straighthate  Criticize and call me negative You never face life or reality Separate myself from the rest What the fuck do you expect?  What goes around Comes around You're going down Down  Straighthate, Straighthate Straighthate, Straighthate Straight fucking hate  What goes around Comes around Grow up in the ghettos Made me real To deal with my fears Motherfucker you don't understand Pain and Hate  ", "artist": "Sepultura", "genre": "Solid Metal", "album": "Roots", "year": 1996, "source": "Darklyrics"},
{"name": "7. Spit", "lyrics": "Hate them hate them Live your farce Same thing, same way Your karma will come  Ask me no questions I tell no lies Ask me again I spit in your eyes  Live your life Leave me alone !!! Live your life Leave me alone !!!  Face me, face me Feel the cut Open sore Always bleeding  Live your life Leave me alone !!! Live your life Leave me alone !!!  Spit !! Spit !! Spit !! Spit !!  ", "artist": "Sepultura", "genre": "Solid Metal", "album": "Roots", "year": 1996, "source": "Darklyrics"},
{"name": "8. Lookaway", "lyrics": "    Ahhhh...  Each time I pull it apart I get disgusted, can't do it today What makes it so good That a man would kill for it Lie just to lick a bit  Each time I pull it apart I get disgusted, can't do it today What makes it so good To lie just to lick  Fake it, you like it, just take me away. (hold it?), just save it and I'll be repaid  Each time I pull it apart I get disgusted, can't do it today What makes it so good That a man would kill for it To lie just to lick a bit  Each time I pull it apart I get disgusted, can't do it today What makes it so good To lie, to lick  Take it, enlarge it, became it, before Like it, I like it, and I'll be (can't tell)  Fake it, then like it, just take it tonight. Take it  I look at you, (then) you look at me, (then) you look away...   ", "artist": "Sepultura", "genre": "Solid Metal", "album": "Roots", "year": 1996, "source": "Darklyrics"},
{"name": "9. Dusted", "lyrics": "You make me mute Hiding the truth Revealing a farse Created by your mind  What do you expect Exposing your lies Printed in your eyes There's no alibi  To cooperate and not be allowed They're killing my name / sewing my mouth  Prospect in life Lost in the line To cooperate And just be alive  You gonna fall hiding the truth You gonna crawl finding the truth To blame myself it's my disgrace To blame the world by my mistakes  Dusted  Turn around and turning around And turning around and sinside out Turn around and turning around And turning around and inside out  Do not disturb ! Leave me alone The fear within inside and beyond The fear within inside and beyond  You make me mute Hiding the truth Revealing a farse Created by your mind  What do you expect Exposing your lies Printed in your eyes There's no alibi  You gonna fall hiding the truth You gonna crawl finding the truth To blame myself it's my disgrace To blame the world by my mistakes  Dusted  ", "artist": "Sepultura", "genre": "Solid Metal", "album": "Roots", "year": 1996, "source": "Darklyrics"},
{"name": "10. Born Stubborn", "lyrics": "Stubborn from the start Obey no one no matter what ?! Our life it's our right Why don't you go away  We live without orders We live without rules Tearing down the wall That try to hold us in  Born in pain Born stubborn  I got my tribe it's my own right And I don't have to tell you why It's been like that from the start And you can't break it apart Sepultura in our hearts Can't take it away These Roots will always remain  Born in pain Born stubborn  Stubborn from the start Obey no one no matter what ?! Our life it's our right Why don't you go away  We live without orders We live without rules Tearing down the wall That try to hold us in  Born in pain Born stubborn  I got my tribe it's my own right And I don't have to tell you why It's been like that from the start And you can't break it apart Sepultura in our hearts Can't take it away These Roots will always remain  Born in pain Born stubborn Born in pain Born in pain  Suffering life Make us rise  ", "artist": "Sepultura", "genre": "Solid Metal", "album": "Roots", "year": 1996, "source": "Darklyrics"},
{"name": "11. Jasco", "lyrics": "   ", "artist": "Sepultura", "genre": "Solid Metal", "album": "Roots", "year": 1996, "source": "Darklyrics"},
{"name": "12. Itsari", "lyrics": "          ", "artist": "Sepultura", "genre": "Solid Metal", "album": "Roots", "year": 1996, "source": "Darklyrics"},
{"name": "13. Ambush", "lyrics": "Screaming For more justice Amazonia burns Can you hear them ?  I'll fight To save another day So join us And we'll make them leave this land  Threatening To kill how we feel (but) if we stop them it'll be worth dying for  When you go down !!! When you go down motherfucker ! When you go down !!! When you go down fighting !!  When you go down !!! When you go down motherfucker ! When you go down !!! When you go down fighting !! Motherfucker !    When you go down !!! When you go down motherfucker ! When you go down !!! When you go down fighting !!  When you go down !!! When you go down motherfucker ! When you go down !!! When you go down fighting !!  ... Why ? Why ? WHY ? WHY? WHY ? WHY ? WHY ? WHY ?  ", "artist": "Sepultura", "genre": "Solid Metal", "album": "Roots", "year": 1996, "source": "Darklyrics"},
{"name": "14. Endangered Species", "lyrics": "Life !! The struggle to survive Crawling, raging Feed the hate inside  Are we going to see another day ? Are we going to make it all the way ? Are we going to see the light of day ? Are we going to make it till the end ?  Rise !! Bad moon rise Another war, another crime End in sight  Bleak !! Why & what the fuck ?!? Shut your mouth, shut your mind, this the way You're just another prey  Is that what we've became ??  RISE !  Are we going to see another day ? Are we going to make it all the way ? Are we going to see the light of day ? Are we going to make it till the end ?  Endangered Species Is that what we've became ??  ", "artist": "Sepultura", "genre": "Solid Metal", "album": "Roots", "year": 1996, "source": "Darklyrics"},
{"name": "15. Dictatorshit", "lyrics": "1964 Coup d'etat Military force Hundreds dead  Why did they disappear ? Dictatorshit Why did they disappear ? Dictatorshit ...  1995 Spirit still alive We still hear the cry From the one that survived !!  Why did they disappear ? Dictatorshit Why did they disappear ? Dictatorshit     ", "artist": "Sepultura", "genre": "Solid Metal", "album": "Roots", "year": 1996, "source": "Darklyrics"}
]