[
{"name": "Carve", "lyrics": "I salt my wounds, Then lick 'em clean A cloud of dust, Then I'm gone Always dealing with that and this I released then I believe 64 elimination We'll make you understand, How we feel, Facsination, I need a gun, I need a gun to carve  Your pain I see,  Carve! There's something inside! Carve! There's nothing inside! Carve! There's something inside! Carve! It's not done till over Carve! There's something inside! Carve! There's nothing inside! Carve! There's something inside! Carve!  You're in your place trapped, You're gonna get your face slapped, Bring more, Slice, dice and penalize, Gonna getted slam dunk, You fat ass punk, You stick your own face, Yet you can't afford your own place, I am gonna give you a little more, Gonna make you wanna to take it, Thank you anyways, I am just taking you,  Roll your ass, Force you to pass, Least I am not fucked, Whatcha going to do, When God sees through you, (You are fake) You want it even louder, Eyes and ears, Listen to what we say, So there is no way to eliminate, (I want it all!!!!) I am going to show you how to be decieving,  SEE!!!!!! What your lies have done YOU!!! You are the one YOU!!!! Are in your place trapped YOUR!! Have gotten retrapped YOU!!!! ARE GONE YOU!!! ARE MINE!! YOU!! SHOW YOUR OWN FACE TRAPPED YOU!!!! JUST GOT RETRAPPED CARVE!!!!! CCCAARRRVVVEEE  ", "artist": "Slipknot", "genre": "Nu Metal", "album": "non-album songs", "year": "", "source": "Darklyrics"},
{"name": "Coleslaw", "lyrics": "All the pins are out Nothing is leaking any more No less than a thousand times My brain's been scattered about Forced to deal with suffering I make it more than a hobby Leave my past behind me Life... LIFE Show me, show me, SHOW ME  Now the pins are back in I'm through with resort Just one more time To keep my face in  LIFE  Smile, while the blade slides down your face Pain, for at least 2 or 3 days You, will come to love all your scars Feel, all the blessed release  SMILE, WHILE THE BLADE SLIDES DOWN YOUR FACE  ", "artist": "Slipknot", "genre": "Nu Metal", "album": "non-album songs", "year": "", "source": "Darklyrics"},
{"name": "Despise", "lyrics": "Despise!!!  Maze...psychopathic daze...I create this waste Back away from tangents, on the verge of drastic ways...can't escape this place...I deny your face Sweat gets in my eyes, lash out at all I despise  HANDSONMYFACEOVERBEARINGICAN'TGETOUT  Lost...ran at my own cost...hearing laughter, scoffed Searching from the rush, detached from such and such Bleak...standing on my feet...listening incomplete I am not a dog, but I'm the one you dog  HANDSONMYFACEOVERBEARINGICAN'TGETOUT  Never - ever - surrender - I WON'T ALLOW IT! Never - ever - surrender - DESPISE My state of mind gets so one-sided Despise!  Cut me - show me - enter - I am Willing and able and never any danger to myself Knowledge in my pain, knowledge in my pain Or was my tolerance a phase? Empathy, out of my way I can't die  Never - ever - surrender - I WON'T ALLOW IT! Never - ever - surrender - DESPISE My state of mind gets so one-sided  Despise!  Truth hurts when it's in your face Are you afraid of it?  ", "artist": "Slipknot", "genre": "Nu Metal", "album": "non-album songs", "year": "", "source": "Darklyrics"},
{"name": "Get This", "lyrics": "I don't like a fuckin' thing! Music sucks dick Suck the snot end of the tip of my prick You fucking cunts, get off of my back I don't wanna do a show with your shitty fuckin' band - You suck, they suck, guess what, get fucked I can't think of any other words to say but fuck Don't drag our opinions, our opinions are great It's new school face muthafuckers I hate   Local bands (suck these nuts) U.S. bands (suck these nuts) Worldwide bands (suck these nuts) All you bands can suck these fuckin' nuts! Go!  Don't berate me - Cuz you can't stop me From breakin' your face - It's you I'll erase It's Hate - Muthafucker - Hate - Muthafucker - Hate   Local bands (suck these nuts) U.S. bands (suck these nuts) Worldwide bands (suck these nuts) All you bands can suck these fuckin' nuts! Go!  Life's so shitty, but ain't it fuckin' great?  Get this or die!   Local bands (suck these nuts) U.S. bands (suck these nuts) Worldwide bands (suck these nuts) All you bands can suck these fuckin' nuts! Go!  ", "artist": "Slipknot", "genre": "Nu Metal", "album": "non-album songs", "year": "", "source": "Darklyrics"},
{"name": "Interloper", "lyrics": "Many have come and gone, Still left out of the guttural swansong Takin' nothin' but the best in the area, Givin' me grief, but fucker I'll stare you - down, 2-3 you're out of there, Maybe it's me but I'm frantic, in a panic Ain't never had a problem since you stopped comin' here Big man walkin' but bitch, I'm still talkin'  Can't you see it's gotta be this way?  Gimme any reason why I'd need you (boy) Gimme any reason why I'd need you (boy) Gimme any reason why I'd need you (boy) Gimme any reason not to fuck you up  Ain't gonna leave and you know I'm never gone fade, Here it comes again, gotta burn again Time now, throw down, don't dirty me, Right on your ugly-ass face cuz  I aint the one who let you in, And I ain't the one who set you off But I know damn well when someone's pushing my buttons, Let tell you somethin', I'LL PUSH YOU BACK!  \"Soon as that camera goes off, he's gonna fuck that little dog.\"  Gimme any reason why I'd need you (boy) Gimme any reason why I'd need you (boy) Gimme any reason why I'd need you (boy) Gimme any reason not to fuck you up  Gimme any reason why I'd need you (bitch) Gimme any reason why I'd need you (bitch) Gimme any reason why I'd need you (bitch) Gimme any reason not to fuck you up  You're made of flesh.... (What I'm focused on)  ", "artist": "Slipknot", "genre": "Nu Metal", "album": "non-album songs", "year": "", "source": "Darklyrics"},
{"name": "Me Inside", "lyrics": "Giving in to what has got me Feeling claustrophobic, scarred Severed me from all emotion Life is just too fucking hard Snap! Your face was all it took Cuz this need ain't doin' me no good Fall on my face, but can't you see? This fucking life is killing me!  Tearing me / Inside  Too far gone, I'm catatonic Leaving you to criticize Empty shell and running naked All alone... lobotomized Back and forth between my hang-ups It isn't easy to be hated Where do ya go? Whaddya do? Simpleton, impromptu, crazy eight I never cared, not once Gotta get away!  Tearing me / Inside  I wasn't promised a thing You keep mocking me But you will never again Before you know - after you're gone  Gone  Somos feos apestamos y pero reinamos hoto muthafucka  ", "artist": "Slipknot", "genre": "Nu Metal", "album": "non-album songs", "year": "", "source": "Darklyrics"},
{"name": "Nature", "lyrics": "He can feel them turn Spools of milky thread Folding into though Seconds tick apart  You molded it, you made it, you caused it, reaction You licked it, you stole from it, you lied to it, now watch it die You beat it, you ate from it, you spit on it, retraction You ignored it, didn\u2019t explain to it, you starved it, now watch it die  (Reversal!) CAN\u2019T TAKE ANYMORE (Reversal!) CAN\u2019T TAKE ANY\u2026  Resolved to find a way, To curb his skin addiction To calcify his mind, To find the ones who made him MADE HIM THIS WAY  Greasy winged, uh cus-diaper beaking caw fuss, I hear your dung falling, I hear your dung falling down Affing, I mean laughing, I mean affing at me, eyeing my dowNature Fat jaws, winter winter present present sniff Sniff for the fifth time, is no time Do I come, do I go, do they really seem to know Gotsta get me some of that creamy filling  (Reversal!) CAN\u2019T TAKE ANYMORE (Reversal!) CAN\u2019T TAKE ANY-  My assembly line of faces are waiting in a row Stiff, cold, blue complexions that I used to know Burn abide my yearbook, for there I found no friends But the ones I knew were shrink-wrapped in the end  (Reversal!) CAN\u2019T TAKE ANYMORE (Reversal!) CAN\u2019T TAKE ANY\u2026  CAN\u2019T TAKE ANY\u2026  Their feathers are my hair  CAN\u2019T TAKE ANYMORE CAN\u2019T TAKE ANY-  ", "artist": "Slipknot", "genre": "Nu Metal", "album": "non-album songs", "year": "", "source": "Darklyrics"},
{"name": "Snap", "lyrics": "One more time and I'm gonna snap  One more time and I swear I'm gonna SNAP! (I'm gonna snap) I'm gonna snap! (I'm gonna snap)I'm gonna snap! (I'm gonna snap) Gonna snap! ( gonna snap)I'm gonna snap! (I'm gonna snap)I'm gonna snap! (I'm gonna snap)I'm gonna snap! (I'm gonna snap) I'm gonna snap! ( gonna snap)  1, 2, Look out behind you Bitch, gonna be on all you Peace suffocates their freedom This'll better me, a part of me You were a par and a nag Thinkin' that you lost, my friend It doesn't matter what price, you win Blood, sweat, and bastard-size Stare into the killer in your eyes!  Besiege me! I kiss your cancer Deceiving, this doesn't matter Becoming degraded dated, Behind me, one more I swear I'm gonna Snap! (I'm gonna snap) I'm gonna snap! (I'm gonna snap)I'm gonna snap! (I'm gonna snap) Gonna snap! ( gonna snap)I'm gonna snap! (I'm gonna snap)I'm gonna snap! (I'm gonna snap) I'm gonna snap! (I'm gonna snap) I'm gonna snap! ( gonna snap) Snap! (I'm gonna snap) I'm gonna snap! (I'm gonna snap) I'm gonna snap! (I'm gonna snap) Gonna snap! ( gonna snap) I'm gonna snap! (I'm gonna snap) I'm gonna snap! (I'm gonna snap) I'm gonna snap! (I'm gonna snap) I'm gonna snap! ( gonna snap)  All I want is what is mine All I want is what is mine  You ain't no fuckin' friend of mine ain't no fuckin' friend of mine  All I want is what is mine All I want is what is mine (all I wanted!)  You ain't no fuckin' friend of mine ( oh fuck no!)  One more time and I'm gonna snap (Snap!) One more time and I'm going to fucking... Snap! (I'm gonna snap) I'm gonna snap! (I'm gonna snap) I'm gonna snap! (I'm gonna snap) Gonna snap! ( gonna snap) I'm gonna snap! (I'm gonna snap) I'm gonna snap! (I'm gonna snap) I'm gonna snap! (I'm gonna snap) GONNA SNAP ( SNAP )    ", "artist": "Slipknot", "genre": "Nu Metal", "album": "non-album songs", "year": "", "source": "Darklyrics"}
]