[
{"name": "1. Blood, Fire, War, Hate", "lyrics": "Blood, Fire, War, Hate  It's everywhere It's in their faces Blood, Fire, War, Pain Everybody is going insane  Blood, Fire, Hell, Heaven, AK 47 Blood, Fire, War, Hate It's all around It's in your face  Blood, Fire, War, Hate The worlds hostage, no escape Blood, Fire, War, Thunder The whole world under murder  Blood, Fire, Earthquake Retaliation without end Blood, Fire, War, Hate Will it ever end?  Blood, Fire, War, Hate  Entering the final phase Blood, Fire, War, Kill Ritual, Blood spilled  Blood, Fire, Black Death Under the sign of the black flag Blood, Fire, War, Dust Confrontation is a must  Blood fuels the prophets of destruction Blood staining their profits from corruption Fire is all consuming, never ending Flames burn eternal, never ending And these war pigs deliver all their madness War criminals thrive on death and sadness Hate Breeds hate breeds hate, whoa Blood, Fire, War, Hate will never end  ", "artist": "Soulfly", "genre": "Solid Metal", "album": "Conquer", "year": 2008, "source": "Darklyrics"},
{"name": "2. Unleash", "lyrics": "War after war The lion roar Hell after hell Cambodian death bells Scum after scum They blot out the sun Hill after hills In the killing fields  No more fear of failure No more suffering No more lies, I will arise From blood filled rivers of my enemies  Unleash war Unleash my wrath Unleash revenge Unleash my hell  Pig after pig The Blood runs cold Stone after stone The Kingdom comes Doom after doom The fallen ruins Hate after hate Theres no escape  Unleash war Unleash my wrath Unleash revenge Unleash my hell  No more scars of judgement No more tolerance No more compromise, I stand in fire Unleashing my revenge  Unleash war Unleash my wrath Unleash revenge Unleash my hell  Fucked up you never learn I've reached the point of no return No I can't take it anymore You're borrowing the blood I earned From onslaught to oblivion You're never taking me alive Victimized, Brutalized, Terrorized, Crucified, Crucified... In the heavy side of life we live It's not how we chose, But it is how it fucking is.  UNLEASH!!!UNLEASH!!!UNLEASH!!!UNLEASH!!!  ", "artist": "Soulfly", "genre": "Solid Metal", "album": "Conquer", "year": 2008, "source": "Darklyrics"},
{"name": "3. Paranoia", "lyrics": "Feels like paranoia... Feels like a black void Feels like a war, crash, kill, fate, cult, coming Feels like a screaming Feels like a searching Feels like a cold war, cut, raw, kill coming  Feels like a bomb blast Like massive attack Feels like a cold war, kill, pain, no holding back Feels like a doomsday Feels like the end of days Feels like war face, war hate, storm  Paranoia, Paranoia, Paranoia, Paranoia  Paranoia (contagious disease) Paranoia (the fear disease) Paranoia (contagious disease) Paranoia (the fear disease) Paranoia  Feels like damnation Like devastation Feels like a doom force Bomb blast intervention Feels like a prophecy Feels like energy Feels like a fuck all, end all  Paranoia, Paranoia, Paranoia, Paranoia  Paranoia (contagious disease) Paranoia (the fear disease) Paranoia (contagious disease) Paranoia (the fear disease) Paranoia  Can you feel it burning? Can you feel it coming? Can you feel it dropping? Can you feel it exploding? Can you feel it bombing? Can you feel it rising? Can you feel it burning? Can you feel it coming?  Feels like Paranoia... Feels like a black void Feels like a war, crash, kill, fate, cult, coming Feels like a screaming Feels like a searching Feels like a cold war, cut, raw, kill coming  ", "artist": "Soulfly", "genre": "Solid Metal", "album": "Conquer", "year": 2008, "source": "Darklyrics"},
{"name": "4. Warmageddon", "lyrics": "Prophecies unfolding Armageddon coming Sanctuaries burning Revelation screaming Ritual beginning Sacrifices starting Prophecies unfolding Armageddon calling  Calling all the warriors Come to war, now... Calling all the warriors Armagediztan...  Insurgents penetrating In an ill civilization Lurid reality Means confrontation Mutilation, the only solution The Armageddon, the Revolution  Calling all the warriors Come to war, now... Calling all the warriors Armagediztan...  Nihilistic tribes, vengeance is mine Nihilistic tribes, vengeance is mine Armageddon time, the world is blind Armageddon time, the world is blind  AAARRRGGGHH!!! WARMAGEDDON!!!  Hostility crashes in the hands of doom Reality and karma, burn as one Cities collapsing, temples falling Welcome to Armagediztan  Calling all the warriors Come to war, now... Calling all the warriors Armagediztan...  Armageddon!!!  ", "artist": "Soulfly", "genre": "Solid Metal", "album": "Conquer", "year": 2008, "source": "Darklyrics"},
{"name": "5. Enemy Ghost", "lyrics": "You are the enemy You are the enemy ghost Unleash within I turn you soul to dust You are the enemy You are the enemy ghost The Oath is broken I'll take and crush your world  You are the enemy You are the enemy ghost Declare war I turn your soul to stone You are the enemy You are the enemy ghost The fear killer I fucking stand alone  I'm calling all the spirits, In this ritual killing I'm calling all the spirits, Rise above and rise within I'm calling all the spirits, In darkness we scream I'm calling all the spirits, Rise above and rise within  I'm calling all the spirits, Killing instincts I'm calling all the spirits, Rise above and rise within I'm calling all the spirits, Sacrifice all things I'm calling all the spirits, Rise above and rise within  You are the enemy You are the enemy ghost In Desolation But were never alone You are the enemy You are the enemy ghost The world is exploding Their souls are burning...  ", "artist": "Soulfly", "genre": "Solid Metal", "album": "Conquer", "year": 2008, "source": "Darklyrics"},
{"name": "6. Rough", "lyrics": "Doomsday calling Karmas burning Seeing black Chaos forming Vulture culture Total rapture Killing kingdom Now has come  Make it rough, fucking rough It's how you land Not how you fall...  Incendiary... Mercenary... Seeing red, you turn to ashes Eclipse comes, blot out the sun You crash and burn You trash and burn  Make it rough, fucking rough It's how you land Not how you fall...  Hostility... Brutality... I'll blind the world - reality  Against the world we're coming rough The king of kings designed me though  The riots, the bombs The city is a tomb corrosion, corruption Unleash destruction Critical time, critical mass Make it rough, killing fast Make it rough, fucking rough It's how you land Not how you fall...  ", "artist": "Soulfly", "genre": "Solid Metal", "album": "Conquer", "year": 2008, "source": "Darklyrics"},
{"name": "7. Fall Of The Sycophants", "lyrics": "I'm talking revolution Destroy this fucking Place I'm talking retribution Destroy this fucking Place I'm talking devastation Destroy this fucking Place I'm talking execution Destroy this fucking Place  I'm talking confrontation Destroy this fucking Place I'm talking murdernation Destroy this fucking Place I'm talking desperation Destroy this fucking Place I'm talking desolation Destroy this fucking Place  A thousand years of war and hate Now you bow down in the city of the dead...  I'm talking terminate Destroy this fucking Place I'm talking full of hate Destroy this fucking Place I'm talking bloodbath Destroy this fucking Place I'm talking doomsday Destroy this fucking Place  The rites of war brought down the walls The fall of the sycophants...  ", "artist": "Soulfly", "genre": "Solid Metal", "album": "Conquer", "year": 2008, "source": "Darklyrics"},
{"name": "8. Doom", "lyrics": "Welcome to planet - Doom!!! There's no salvation - Doom!!! There's no redemption - Doom!!! No matter who is who  Welcome to planet - Doom!!! The dark side of Doom!! For who the bells toll, who? For you the end is soon  Scream Motherfucker... Scream Motherfucker... Scream Motherfucker... Doom...  The death squads of - Doom!!! The killing fields of - Doom!!! Guns in the air shout - Doom!!! So join the march of - Doom!!! Buildings collapsing - Doom!!! Empires falling - Ruins!!! Abomination - Doom!!! Civilization - Doom!!!  Scream Motherfucker... Scream Motherfucker... Scream Motherfucker... Doom...  ", "artist": "Soulfly", "genre": "Solid Metal", "album": "Conquer", "year": 2008, "source": "Darklyrics"},
{"name": "9. For Those About To Rot", "lyrics": "The youth in the war They say, they kill no more Fuck you and your wars They say they fear no more The youth in the war They say they feel no more Fuck you and your wars They say they hear no more  Time of war, time to rot Time of horror, time of sorrow Time of killing, time of bleeding Time to fight, time to die For those about to... rot For those about to... die For those about to... rot For those about to...  The youth in the war They say, they see no more Fuck you and your wars They say they feel no more The youth in the war They say, they breath no more Fuck you and your wars They are no more  Time of war time to rot Time of horror, time of sorrow Time of killing, time of bleeding Time to fight, time to die For those about to... rot For those about to... die For those about to... rot For those about to...  Fuck you and your wars Motherless children Fuck you and your wars Fatherless sons Fuck you and your wars Enough is enough Fuck you and your wars Why don't Presidents die in war?  Time of war time to rot Time of horror, time of sorrow Time of killing, time of bleeding Time to fight, time to die For those about to... rot For those about to... die For those about to... rot For those about to...  ", "artist": "Soulfly", "genre": "Solid Metal", "album": "Conquer", "year": 2008, "source": "Darklyrics"},
{"name": "10. Touching The Void", "lyrics": "I'm touching the void I seek and destroy, to be reborn I'm touching the void The ghost of troy, burned and destroyed I'm touching the void Bleed and destroy, the sacrifice of war...  I'm touching the void I creep and destroy, the paradise lost I'm touching the void I breed and destroy, no more idols to burn I'm touching the void I scream and destroy, I follow the storm I'm touching the void I've killed them before, I'll kill them again...  Void!!! The return of the wicked... Void!!! The revenge of the sickest...  I'm touching the void From stone and crust, to ashes and dust I'm touching the void The Sycophants will fall in the doom of it all...  ", "artist": "Soulfly", "genre": "Solid Metal", "album": "Conquer", "year": 2008, "source": "Darklyrics"},
{"name": "11. Soulfly VI", "lyrics": "  ", "artist": "Soulfly", "genre": "Solid Metal", "album": "Conquer", "year": 2008, "source": "Darklyrics"},
{"name": "12. Mypath", "lyrics": " MY PATH, NOT YOURS I FOLLOW NO ONE MY LIFE, NOT YOURS I'LL LIVE, ON AND ON MY FIGHT, NOT YOURS AND I'LL FIGHT THEM ALL MY PATH, NOT YOURS AND I'LL FOLLOW WY SOUL  MY WAR, NOT YOURS AND I'LL FOLLOW THE STORM MY SOUL, NOT YOURS AND YOU WILL BE GONE MY ROOTS, NOT YOURS AND I'LL FOLLOW MY SOUL MY PATH, NOT YOURS SO FUCK YOU ALL  MY PATH - NO REGRETS, NO REMORSE, FUCK THE REST MY WAR - NO SURVIVORS, NO ESCAPE, NO RETURN MY FIGHT - NEVER ENDS, NEVER FADES, NEVER DIES MY PATH - NO REGRETS, NO REMORSE, MY PATH...  MY RULES, NOT YOURS AND I WILL GO ON MY BLOOD, NOT YOURS AND I'M BLEEDING THROUGH MY WORLD, NOT YOURS JUST LIKE IT WAS BEFORE MY PATH, NOT YOURS AND I WILL FOLLOW MY SOUL  MY PATH, MY WAY AND I DON'T CARE WHAT THEY SAY MY OWN INNER SELF FOREVER I REBEL MY PATH, MY FIRE THE FLAMES ARE GETTING HIGHER MY PATH, NOT YOURS AND I'LL FOLLOW MY SOUL  MY PATH - NO REGRETS, NO REMORSE, FUCK THE REST MY WAR - NO SURVIVORS, NO ESCAPE, NO RETURN MY FIGHT - NEVER ENDS, NEVER FADES, NEVER DIES MY PATH - NO REGRETS, NO REMORSE, MY PATH...     ", "artist": "Soulfly", "genre": "Solid Metal", "album": "Conquer", "year": 2008, "source": "Darklyrics"}
]