[
{"name": "1. We Sold Our Souls To Metal", "lyrics": "Born to rage against the order Fuck the world live forever We wage war against you all I don't need society I don't need your politricks We live our lives the way we want  We sold our souls to metal We sold our souls We sold our souls to metal We sold our souls  Fuck you all We don't belong I want to burn your fucking world Destroy 'em all Fuck your laws Metal flows through my veins I wanna rage I am insane C'mon punk make my day  We sold our souls to metal We sold our souls We sold our souls to metal We sold our souls  ", "artist": "Soulfly", "genre": "Solid Metal", "album": "Archangel", "year": 2015, "source": "Darklyrics"},
{"name": "2. Archangel", "lyrics": "war in heaven, angels fell lash out against the dragon's spell rise above the abyss consecrate yeshua's dream  archangel, archangel kingdom, power, and glory maljuth ge bu rah ge du lah  israfil (the burning one) azrael (the Septuagint)  archangel, archangel kingdom, power, and glory maljuth ge bu rah ge du lah  ", "artist": "Soulfly", "genre": "Solid Metal", "album": "Archangel", "year": 2015, "source": "Darklyrics"},
{"name": "3. Sodomites", "lyrics": "I am about to bring war upon you I will kill your people in front of your idols. The place will be littered with corpses and you will know that I alone I am the Lord   I am the brethren marked by the banishment My tribe wage war until god decimates  Sodomites  There shall be no whores of the daughters of Israel. Nor a sodomite of the sons of Israel.   Wines of Sodom Sin of Gomorrah Dissolved by flame In Leviathan's den  Hail hosanna Slaying the prophets Rape the covenant None shall escape  Sodomites  Hail Sin of flesh Hail Manifest Hail Tempest rasp Hail Serpent lion Hail Jebel usdum Hail I am possessed  ", "artist": "Soulfly", "genre": "Solid Metal", "album": "Archangel", "year": 2015, "source": "Darklyrics"},
{"name": "4. Ishtar Rising", "lyrics": "by ancient decree I call upon thee from the heavens asu - sunamir ereshkigal, queen of hell the seven gates of namtar fell  ishtar rising, adonal... ishtar ishtar rising, adonal...  I the equinox the ancient law the dead will rise up the dead will come inhaling the incense deity woe to Babylon woe to the...  ishtar ishtar rising ishtar ishtar rising, adonal...  ", "artist": "Soulfly", "genre": "Solid Metal", "album": "Archangel", "year": 2015, "source": "Darklyrics"},
{"name": "5. Live Life Hard!", "lyrics": "live it and we learn it and we breathe it everyday sacafical soul - embryonic brain rising from the ashes and the gutters and the drains we seek - no other way stop, don't get ahead of yourself the writings on the wall - evacuating hell burn the leeches - stand your ground get the fuck out - lets throw down  strike fast, strike first a storm inside of us draw blood, first blood the levee breaks the flood old habits, die hard the living sacrifice you burn, we burn nobody moves, nobody gets hurt...  go hard or go home go hard or fuck off go hard or go home go hard or fuck off  live life hard! aaaarrrrrrggghhhhh!!!  go hard or go home go hard or fuck off go hard or go home go hard or fuck off  live life hard! aaaarrrrrrggghhhhh!!!  hey! what the fuck did you say? get the fuck out of my way  I stand my ground motherfucker lets throw down!  ", "artist": "Soulfly", "genre": "Solid Metal", "album": "Archangel", "year": 2015, "source": "Darklyrics"},
{"name": "6. Shamash", "lyrics": "shamash - ira deorum (wrath of the gods) shamash, the fire burning sun supreme ruler of akkadian behold, sun god, behold I bear the fire from hell below  in nomini domini (in the name of god) in nomini diaboli (in the name of the devil)  shamash - ira deorum shamash - ira deorum  shamash, the center of the soul agathos daemon (good spirit) behold, fire, behold nothing comes from nothing ex nihilo (out of nothing)  shamash - ira deorum shamash - ira deorum  root of david - eradicate - violate the sabbath Hammurabi code - eye for an eye stabbing the heavens - mount Sinai tribe of Judah - splendor of light... retaliate  ", "artist": "Soulfly", "genre": "Solid Metal", "album": "Archangel", "year": 2015, "source": "Darklyrics"},
{"name": "7. Bethlehem's Blood", "lyrics": "chaldean - the sacrosanct like pagan gods burning incense betrayal in gethsemane fallen angels of perdition let it be written, let it be done... and cut the flesh - unholy one yerushalaim nehereset Jerusalem is falling... falling  let the streets flood with Bethlehem's blood  let the streets flood with Bethlehem's blood  inflict the hate - odium of Cain like an abortion in the womb of pain baphomet or belial threshold - primordial let it be written - let it be done accuser of the blackened sun yerushalaim nehereset Jerusalem is burning... burning  on my command...  let the streets flood with Bethlehem's blood  let the streets flood with Bethlehem's blood  die by my hand may the blood descend again adonai - Jerusalem die by your hand execution in the holy land Elohim - Jerusalem... amen...  ", "artist": "Soulfly", "genre": "Solid Metal", "album": "Archangel", "year": 2015, "source": "Darklyrics"},
{"name": "8. Titans", "lyrics": "fly, fly... serpent and the lion winged son of appolion rise, rise... titans of the light immaculate divine with wings like this I fly on the abyss return to the eve golden throne of Elohim slay the prophet's arteries  war war of the titans war titanomachy  kornos, koios, krios, Prometheus... Hyperion, chaos, tartarus, Zeus...  I, the messenger I erupt the firmament I, I ascend to heavens sitting on the throne of hate with claws like this in this symmetry I cut my eyes and tore my wings impaled the sun - amen...  war war of the titans war titanomachy   kornos, koios, krios, Prometheus... Hyperion, chaos, tartarus, Zeus...  war of the titans war of the titans  ", "artist": "Soulfly", "genre": "Solid Metal", "album": "Archangel", "year": 2015, "source": "Darklyrics"},
{"name": "9. Deceiver", "lyrics": "From your mouth shit comes out I know what you're all about Spreading lies and misery Why don't you face reality  Deceiver - Spawn the bastard Deceiver - Your grotesque existence Deceiver - I vomit on you Deceiver - I curse your soul  With this dagger, I kill the leper Accuser of all, I the rapture Come back from the dead to fuck with me again Sucking my bloody veins, your shame has no end  Deceiver - Your filthy corruption Deceiver - Your mental abortion Deceiver - Your terminal cancer Deceiver - A slave to your master  ", "artist": "Soulfly", "genre": "Solid Metal", "album": "Archangel", "year": 2015, "source": "Darklyrics"},
{"name": "10. Mother Of Dragons", "lyrics": "Mater Thunder and lightning Halo of Light Mother of Dragons Draco - Warrior They call me - Spitfire  A phoenix from the ash, this is my destiny My reign is forever, no way you can kill me A battle I will wage, the dawn of this new age My time has arrived, now feel my rage...  Black wings unfurl the life to my bones Dying in smoke, I'm born in the coals Scales hard as iron, you'll never pierce my hull Run you fucking cowards, pissing as you're burned  Rise my dragons - Rise above it all Rise my dragons - Rise till dawn Rise my dragons - Into the unknown Rise my dragons - Take your throne  Mater Draco Mater Draco Mater Draco   ", "artist": "Soulfly", "genre": "Solid Metal", "album": "Archangel", "year": 2015, "source": "Darklyrics"},
{"name": "11. You Suffer", "lyrics": " ", "artist": "Soulfly", "genre": "Solid Metal", "album": "Archangel", "year": 2015, "source": "Darklyrics"},
{"name": "12. Acosador Nocturno", "lyrics": "Anos 80, o terror come\u00e7a. Latida de cachorro, voz de Satan\u00e1s. Los Angeles, em p\u00e2nico. Eu te vejo na Disneyl\u00e2ndia.  Ram\u00edrez, acosador nocturno. Ram\u00edrez, sin piedad. Ram\u00edrez, ca\u00e7ador da noite. Ram\u00edrez, sem piedade.  Satan\u00e1s, le dio poder. Para cazar hombre y mujer. Robando, violando, matando. La noche lo esconde, escapa en silencio.  Ram\u00edrez, acosador nocturno. Ram\u00edrez, sin piedad. Ram\u00edrez, ca\u00e7ador da noite. Ram\u00edrez, sem piedade.  ", "artist": "Soulfly", "genre": "Solid Metal", "album": "Archangel", "year": 2015, "source": "Darklyrics"},
{"name": "13. Soulfly X", "lyrics": "    ", "artist": "Soulfly", "genre": "Solid Metal", "album": "Archangel", "year": 2015, "source": "Darklyrics"}
]