[
{"name": "1. Bloodshed", "lyrics": "Fire, the burning path Downstroy the weak minds The weak minds rising nature\u2019s demise Enslave system creation   Everywhere is bloodshed Wasteland bloodshed Everywhere is bloodshed Wasteland bloodshed Bloodshed wasteland Bloodshed wasteland Bloodshed  Life, ravage skullduggery Rage, dethrone the enemy Die treacherous leprosy Scorn the self inflict   Everywhere is bloodshed Wasteland bloodshed Everywhere is bloodshed Wasteland bloodshed Bloodshed wasteland Bloodshed wasteland Bloodshed  This is my redemption Strangling superstitions This is my conception Condemned for eternity  Blood of the lamb touching the empty void Slowly eats my soul Drag down the black hole Join the cult of dark hope Swarm of deadly locusts Beware of the prophecy Rulers of reality  ", "artist": "Soulfly", "genre": "Solid Metal", "album": "Savages", "year": 2013, "source": "Darklyrics"},
{"name": "2. Cannibal Holocaust\u2028", "lyrics": "Impaled bodies, impaled souls Treacherous the unknown Skinned alive and left to die Inner fear comes to life  Cannibal holocaust Hope is lost, all is lost Cannibal holocaust Hope is lost, all is lost  Tribal war... jungle law Innermost... denial Self-inflikt... devour Till nothing remains  Cannibal holocaust Hope is lost, all is lost Cannibal holocaust Hope is lost, all is lost  Sharpening the spears The fire eaters Even the jungle Wants him dead Snake worshippers Into oblivion Even hell Wants him dead!!!  Discorporated, asphyxiated Discolorated skin Retaliation, retribution Join the ministry of filth Hung, drawn and quartered Confluence, emptiness Suicidal scorn The neuro-axis stains  Cannibal holocaust Enter the slaughterhouse Cannibal holocaust Enter the slaughterhouse...  ", "artist": "Soulfly", "genre": "Solid Metal", "album": "Savages", "year": 2013, "source": "Darklyrics"},
{"name": "3. Fallen", "lyrics": " This is the end of the world as we know it Weapons of mass destruction are coming Brutality of man is forming Your temples will be destroyed  You are the fallen You are the chosen Your are the calling You are forsaken Fallen imperium - fallen imperium  Subhuman conditions are exposed Sub-standard existence is lost Hardening, a warrior is born Seven pillars of wisdom  You are fallen heroes You fallen angels You are fallen traitors You fallen kings Fallen imperium - fallen imperium  I stare the abyss in its face I'm burning you with my hate Desolation they call this place Witness hell... you maggot's race  Clean off the blood from my blade Let it drop blood from my face  The new war ended but the threat remains Our enemy has learned to live with pain Confronting mutants going insane Treacherous thoughts in your brain  Your fallen cities Your fallen skies Your fallen statues You fall and rise Fallen imperium - fallen imperium  ", "artist": "Soulfly", "genre": "Solid Metal", "album": "Savages", "year": 2013, "source": "Darklyrics"},
{"name": "4. Ayatollah Of Rock 'n' Rolla", "lyrics": "On both banks of the river, red obsidian, Heavy smoke Leather slings, feathered arrows, many Deities carried off in ropes Big drums, small wagers, cold daggers, lambs But all goes very quiet at the sudden shifting At the sudden shifting of the sand  Fear and loathing Highway burning We come to scalp your souls Trench warfare Demolition Unleash the dogs of war  Fuel injected suicide machine Animal instinct, killing disease Hell on Earth I inflict The world is burning The sky is falling  Ayatollah of Rock'n'rolla Ayatollah of Rock'n'rolla  Failed crusaders roam the land Hearts of wind, lungs of sand  Fuel injected - suicide machine Animal instinct - killing disease  Ayatollah of Rock'n'rolla Ayatollah of Rock'n'rolla  Sanctuary burning Looting and pillaging Killing and screaming Punishing coming Brain washing Death dealing Pain inflicting Terror bringing Devil's breathing Face smashing Bomb blasting Thunder roaring...  Failed crusaders roam the land Hearts of wind, lungs of sand  I am defected Nuclear head Follow me till the end I was rejected Children septic Human flesh I ate  Fuel injected - suicide machine Animal instinct - killing disease  Ayatollah of Rock'n'rolla Ayatollah of Rock'n'rolla  The stars quickened westward, the broken Beast charge away Speaking of the angels that many years ago Fell upon the plain Covenant, vengeance, the mortality of men Another day at the doorstep begging mercy Before the palace of the djinn  ", "artist": "Soulfly", "genre": "Solid Metal", "album": "Savages", "year": 2013, "source": "Darklyrics"},
{"name": "5. Master Of Savagery\u2028", "lyrics": "Disciple gods of cyanide Bewailing my final demise Forever engraved within Enslaved by my apathy  Master of savagery Master... savage  Dethroned the master, cut his head The veil of trust is shattered Forcing social regression The swallow's ostentation  Master of savagery Master... savage  New age dogma darkened forms In this hell beneath, I rot  Master of savagery Master... savage  Certain is suffering Morbid premonition Obliterate ourselves Toxic death corrosion  ", "artist": "Soulfly", "genre": "Solid Metal", "album": "Savages", "year": 2013, "source": "Darklyrics"},
{"name": "6. Spiral", "lyrics": "Extreme... Fighting to control me Sanctified Your soul will be denied  Arise Beyond the black sky Straighthate Shave them heads  I, I spiral of the mind Mega - Therion Spiral in the sky I, I spiral of the mind Magnetic vortex Spiral in the sky  Resist Temptations of the beast Infest Scorge of the psalmist Inflikt Sorrow and misery Death threat Tormented reality  I, I spiral of the mind Control aesthetic Spiral in the sky I, I spiral of the mind Circle the tangent Spiral in the sky  (Spiral - spiral) this is hypnotic This is hypnotic death  Vermind Vulgar system creeps Void Terminate within Leper Blood of the congregation Point blank Declare it a new age  I, I spiral of the mind Demonized inside Spiral in the sky I, I spiral of the mind Weaponize Spiral in the sky  (Spiral - spiral) this is psychotic This is psychotic death  I, I spiral of the mind Out of control Spiral in the sky I, I spiral of the mind Out of the dark Spiral in the sky...  ", "artist": "Soulfly", "genre": "Solid Metal", "album": "Savages", "year": 2013, "source": "Darklyrics"},
{"name": "7. This Is Violence", "lyrics": "You race towards an early grave Your head explodes in a trance The clouds bursts, thunder in your face You raise the blade, it's time to pay  Justice Vengeance Freedom Murder Poison Hatred Wisdom Terror  This is violence - this is hate This is violence - this is pain This is violence - this is death This is violence - this is hell  We found a thousand ways to burn up the planet Onwards to peace with hate in our minds Like fucking cancer, screaming inside Welcome to hell, consuming fire  Helter Skelter Seeking Shelter Karma Burning Manifest Destiny  This is violence - this is hate This is violence - this is pain This is violence - this is death This is violence - this is hell!  We all raise to rot and die Purification is just a lie Corruption burns the sky For salvation you must fight  Immaculate conception The wars we wage upon ourselves The poison seeps into every pore Kill your idols, kill your law  ", "artist": "Soulfly", "genre": "Solid Metal", "album": "Savages", "year": 2013, "source": "Darklyrics"},
{"name": "8. K.C.S.", "lyrics": "Sacred Suffocate Burial Terminate Putrid Bloodbath Tyrants Bastards  Evil Ominous Sacrifice Contagion Carnivore Sabotage Master Ritual  We're cannibals all around the fire The heart of jungle is my power Born of darkness and slaughter We're fucking savages chanting war!  Kill, cut, scalp - all your bodies Kill, cut, scalp - all your souls Kill, cut, scalp - all your heads Kill, cut, scalp - all of you...  Hunting down they come for you Sacrifice enters your doom Bleed for your sins and bleed for me Civilization under siege  Kill, cut, scalp - all your bodies Kill, cut, scalp - all your souls Kill, cut, scalp - all your heads Kill, cut, scalp - all of you...  Consuming human to stay human Force-fed children of scum Consuming flesh to grow flesh Radiation up in ashes!  ", "artist": "Soulfly", "genre": "Solid Metal", "album": "Savages", "year": 2013, "source": "Darklyrics"},
{"name": "9. El Comegente", "lyrics": "No soy un pinche loco Solo quiero comer gente Con tubo para lanza Un chingazo, caes en mi panza  El comegente Hannibal Lecter de los Andes El comegente Hannibal Lecter de los Andes El comegente Hannibal, animal, canibal El comegente Hannibal, animal, canibal El comegente  Era um mendigo Viviendo do lixo Se tornou canibal Sua alma e do mal  El comegente Hannibal Lecter de los Andes El comegente Hannibal Lecter de los Andes El comegente Hannibal, animal, canibal El comegente Hannibal, animal, canibal El comegente  Latino sujo com sangue maldito Vai se acabar todo fudido Vagabundo e salvagem O inferno espera voce  Carne rica y deliciosa Comer a gente es lo normal Pendejos, nunca me dejen ir Si salgo, te voy a comer a ti  ", "artist": "Soulfly", "genre": "Solid Metal", "album": "Savages", "year": 2013, "source": "Darklyrics"},
{"name": "10. Soulfliktion\u2028", "lyrics": "The age of the rapture has fall upon us Beyond the threshold \"Don't make me come down there\" Said got to the world Humans got to prepare  Risa and fall - inna Babylon Flesh and bones - obsession  Who would you die for? Who? Who? Soulfliktion Who would you kill for? Who? Who? Soulfliktion Who would you fight for? Who? Who? Soulfliktion Who would you rise for? Who? Who? Soulfliktion  Skeptalepsy Your soul's in penury Dethroned sanctuary Remember the sermon The crucifixion The crown of thorns  Rapture visions - enshrouding my eyes  Who would you burn for? Who? Who? Soulfliktion Who would you bleed for? Who? Who?  Soulfliktion Who would you slay for? Who? Who? Soulfliktion Who would you pray for? Who? Who? Soulfliktion  Evil will fall Fallen angel Immortal covenant Reaper's scythe  Inner judgement Red sea opens Moses trod on Behold your soul  ", "artist": "Soulfly", "genre": "Solid Metal", "album": "Savages", "year": 2013, "source": "Darklyrics"},
{"name": "11. Fuck Reality", "lyrics": " Brainwashed zombies Hypnotized by TV Shubhuman animosity Shroud of insecurity Downtrodden exploitation Striving for perfection Fear of rejection Powers of deception  Fuck, fuck reality I say fuck, fuck reality I say fuck, fuck reality I say fuck, fuck reality I say...  Infest your weak minds Subconcious landmines Reverse into decline Dysfunctional life I am the epitome Burden breaking the mold Holy, the war The living suffer  Fuck, fuck reality I say fuck, fuck reality I say fuck, fuck reality I say fuck, fuck reality I say...  Infestation, confrontation, provocation - planet dies Incineration, pacification, regression - mankind dies Deception, regression, extinction - all of life Subservience, dominance, negligence - man must die  Brutalized, sacrified, sanctified - you will die Holy war, execution, gas chamber - firing squad  Slaves to be sold Shackled to the bone Broadcast noise pollution Televised execution  Fuck, fuck reality I say fuck, fuck reality I say fuck, fuck reality I say fuck, fuck reality I say...  Invented, never repented For the sins that killed my skin  ", "artist": "Soulfly", "genre": "Solid Metal", "album": "Savages", "year": 2013, "source": "Darklyrics"},
{"name": "12. Soulfly IX", "lyrics": "    ", "artist": "Soulfly", "genre": "Solid Metal", "album": "Savages", "year": 2013, "source": "Darklyrics"}
]