[
{"name": "1. Bloodbath And Beyond", "lyrics": "The river runs red The sky falls in your head The river runs red Another death ahead  Bloodbath and beyond Bloodbath and beyond  The river runs red The fall of the west The river runs red I'll give you my hate instead  Bloodbath and beyond Bloodbath and beyond  The river runs red Welcome to the end The river runs red Bloodbath is everywhere  Bloodbath and beyond Bloodbath and beyond  The river runs red In the kingdom of the dread The river runs red The hate of the land  Bloodbath and beyond Bloodbath and beyond  ", "artist": "Soulfly", "genre": "Solid Metal", "album": "Omen", "year": 2010, "source": "Darklyrics"},
{"name": "2. Rise Of The Fallen", "lyrics": "Up from the ashes of despair and loss Years of enslavement now come with a higher cost Bureaucracy, you chose to rule with fear Now feel the wrath that comes from all those years  You choose to shut your eyes, now repent  Rise of the fallen, suffer the hand you dealt yourself Rise of the fallen, the fallacy of fractured wealth Rise of the fallen, ignore the parts of your machine Rise of the fallen, drink from the fountain of your poisoned dream  Destroy the world and all the wars we're on Ashes to ashes, dust to dust will come I, the destroyer of both worlds Born from the womb of insult I come  You choose to shut your eyes, now repent You choose to shut your eyes, now repent  Rise of the fallen, suffer the hand you dealt yourself Rise of the fallen, the fallacy of fractured wealth Rise of the fallen, ignore the parts of your machine Rise of the fallen, drink from the fountain of your poisoned dream  Drink from the fountain of your poisoned dream Bled from your machine Choke on the spirits that you tried to eat Now on you they feed  You build the part, now you play it We become the master, drown in all the laughter Law from below, now you obey it Death comes never faster, this is the disaster  ", "artist": "Soulfly", "genre": "Solid Metal", "album": "Omen", "year": 2010, "source": "Darklyrics"},
{"name": "3. Great Depression", "lyrics": "Fall into ashes, hole of the imperium Rise of the fallen, come to the omen Lords of chaos awaits, signs of the times Cold and dark approaches, brutal depression arrives Arise  Great depression in a fraction The empire is gone Great depression in a fraction The empire is gone  Forward and don't look back, never stop and rest Forever your spirit should go away, away from it all Sky, blood red, rise beneath the sky Fly to nowhere fast, survive the massive test Survive  Great depression in a fraction The empire is gone Great depression in a fraction The empire is gone, gone  Skulls and crossbones lay dark fear and decay Slow finding its way, crawl out of this plague Numb, you don't feel it all, womb maggots will crawl Frozen and paralyzed to life, crumble, the empires die Die  Great depression in a fraction The empire is gone Great depression in a fraction The empire is gone, is gone  Fall into ashes, hole of the imperium Rise of the fallen, come to the omen Lords of chaos awaits, signs of the times  ", "artist": "Soulfly", "genre": "Solid Metal", "album": "Omen", "year": 2010, "source": "Darklyrics"},
{"name": "4. Lethal Injection", "lyrics": "Die, your fate is sealed by lethal injection Tried by a jury of false perception Lied to, they bribe you Submit to the wrong correction Your final dose is a lethal injection  Your time has come, it's time to die Your soul is heavy, your heart is dry Inner fear takes control Say goodbye to this world  Die, your fate is sealed by lethal injection Tried by a jury of false perception Lied to, they bribe you Submit to the wrong correction Your final dose is a lethal injection  Judgment falls from the sky Lethal injection, you die tonight The bleeding starts, your life passes by Darkness falls, the end of life  Die, your fate is sealed by lethal injection Tried by a jury of false perception Lied to, they bribe you Submit to the wrong correction Your final dose is a lethal injection  Die, your fate is sealed by lethal injection Tried by a jury of false perception Lied to, they bribe you  ", "artist": "Soulfly", "genre": "Solid Metal", "album": "Omen", "year": 2010, "source": "Darklyrics"},
{"name": "5. Kingdom", "lyrics": "We reach our hands towards the sky And wait for the killing sign So follow me through the desert night As we prepare for the fight  No one knows what the future brings It can all end tonight So kneel down, pray to the sky That we can make it through the night  Under the moon, this march of doom, it comes too soon Under the sun, prophecy undone, the omen will come Blood, fire, follow the fire in this funeral pyre Killing time, slowly freezes what's left behind  Kingdom of hate, kingdom of pain Kingdom of doom, kingdom of death Kingdom of hate, kingdom of pain Kingdom of doom, kingdom of death  They slaughter without mercy, killing frenzy starts Stone cold bloody mercenaries to the death Brimstone and fire falls from the sky Doomsday comes crashing in the air tonight  Kingdom of hate, kingdom of pain Kingdom of doom, kingdom of death Kingdom of hate, kingdom of pain Kingdom of doom, kingdom of death  Forever your soul will hold What you could not control Forever your soul will hold What you could not control  Kingdom, kingdom, kingdom, kingdom Kingdom, kingdom, kingdom  We reach our hands towards the sky And wait for the killing sign So follow me through the desert night  ", "artist": "Soulfly", "genre": "Solid Metal", "album": "Omen", "year": 2010, "source": "Darklyrics"},
{"name": "6. Jeffrey Dahmer", "lyrics": "In blood his victims will crawl Body parts all over his house They feed the need of his cannibal mind Bloody murders he left behind  Jeffrey Dahmer, master cannibal Jeffrey Dahmer, master of the gruesome Jeffrey Dahmer, master cannibal Jeffrey Dahmer, master of the gruesome  Psychologic interviews in jail To understand this behavior, insane Set him free, he'll do it again A life dedicated to pain  Jeffrey Dahmer, master cannibal Jeffrey Dahmer, master of the gruesome Jeffrey Dahmer, master cannibal Jeffrey Dahmer, master of the gruesome  Stalking victims through the night Dismember every body part Stalking, killing in the night Consuming every body part  Stalking victims through the night Dismember every body part Stalking, killing in the night Consuming every body part  Jeffrey Dahmer, master cannibal Jeffrey Dahmer, master of the gruesome Jeffrey Dahmer, master cannibal Jeffrey Dahmer, master of the gruesome  ", "artist": "Soulfly", "genre": "Solid Metal", "album": "Omen", "year": 2010, "source": "Darklyrics"},
{"name": "7. Off With Their Heads", "lyrics": "Off with their heads all across the land Off with their heads, ritual will prepare Off with their heads, crossbones and skulls dead Off with their heads, kill all them inbreds  Off with their heads, beware of what's ahead Off with their heads, betray and now they're dead Off with their heads just like the old ones had Off with their heads, hate without end  Off with their heads in this no man's land Off with their heads, their fate is now in hand Off with their heads, to kill is their intent Off with their heads, in blood this will end  Off with their heads, sacrifice 'til death Off with their heads, now they learn to obey Off with their heads in between life and death Off with their heads, you're born with a price on your head  Skulls, bones, Rome burns Doom falls, war comes Die, lie, sick soul Scream, sin in between  Skulls, bones, Rome burns Doom falls, war comes Die, lie, sick soul Scream, sin in between  Off with their heads all across the land Off with their heads, ritual will prepare Off with their heads, crossbones and skulls dead  ", "artist": "Soulfly", "genre": "Solid Metal", "album": "Omen", "year": 2010, "source": "Darklyrics"},
{"name": "8. Vulture Culture", "lyrics": "Vulture culture is here to stay No tomorrow, no today In no man's land they lay to waste Vulture culture is here to stay  Vulture culture is here to stay Paradise lost beyond the grave Search your soul in dark land Vulture culture is here to stay  Vulture culture Vulture culture  Vulture culture is here to stay In the walls and in your brain Final conflict at the gates Vulture culture is here to stay  Chaos mongers are on their way Change the future in decay Lose your soul in anyway Vulture culture is here to stay  Vulture culture Vulture culture  Bleed the skies above Blood red clouds will form Bleed the skies above Vulture culture comes  Vulture culture is here to stay Your soul is dark, your soul in pain Allied forces come to play Vulture culture is here to stay  Propaganda lost in vain Nothing to conquer, nothing to gain Reality you must erase Vulture culture is here to stay  Vulture culture Vulture culture  Vulture culture is here to stay The killing kingdom in display Dog eat dog, man hates man Vulture culture is here to stay  Piece by piece they go insane Where the poison hits the brain No one hears a word you say Vulture culture is here to stay  Vulture culture Vulture culture  Bleed the skies above Blood red clouds will form Bleed the skies above Vulture culture comes  Vulture culture is here to stay No tomorrow, no today In no man's land they lay to waste  ", "artist": "Soulfly", "genre": "Solid Metal", "album": "Omen", "year": 2010, "source": "Darklyrics"},
{"name": "9. Mega-doom", "lyrics": "When the great number seven completes itself Games begin at the tomb side Not far from the turn of the millennium The dead will rise out of their graves  Visions of things to come, visions of things undone Visions, immortality, visions, reality Visions of prophecy, visions of lunacy Visions beyond the grave, visions behold the name  Near the gates and inside two cities Two hitherto unimaginable scourges will occur Hunger and plague within Outside people are put out to the sword They will call for help from immortal God  Visions in red, visions of nightmare Visions of your soul, visions of your world Visions, the sky, visions, the night Visions of screams, visions of dreams  Welcome to mega-doom Enter the mega-doom Follow the mega-doom Welcome to mega-doom Enter the mega-doom Follow the mega-doom  Killing, bleeding Killing, bleeding Killing, bleeding Killing, bleeding Killing, bleeding Killing, bleeding  Welcome to mega-doom Enter the mega-doom Follow the mega-doom Welcome to mega-doom Enter the mega-doom Follow the mega-doom  Killing, bleeding Killing, bleeding Killing, bleeding Killing, bleeding Killing, bleeding Killing, bleeding  When the great number seven completes itself Games begin at the tomb side Not far from the turn of the millennium  ", "artist": "Soulfly", "genre": "Solid Metal", "album": "Omen", "year": 2010, "source": "Darklyrics"},
{"name": "10. Counter Sabotage", "lyrics": "Counter sabotage will bring them to demise Counter sabotage will bring them to demise Counter sabotage will bring them to demise Counter sabotage will bring them to demise  Truth hits one and all Soul keep from falling Control your thoughts and mind Corrode your thoughts and mind  Feel nothing at all, scream but no one hears Fall and can't get up, visions of things to come  Cannot speak, cannot speak never Cannot speak, cannot speak never  Rule, rule your world, fate cannot be touched Slow, the worms will crawl, crawl from inside out Deep, deep inside you feel, escape to nowhere fast Destroy all your demons, lay and laid to waste  Cannot speak, cannot speak never Cannot speak, cannot speak never  Counter sabotage will bring them to demise Counter sabotage will bring them to demise  Lost, cannot be found, worms are coming out Blind, you cannot see, face your reality Strength, beyond strength, scars are deep inside Lies you cannot hide, alive, alive you rise  Cannot speak, cannot speak never Cannot speak, cannot speak never  Control your destiny, slaughter your enemies Sabotage, one and all, watch, watch them fall Die, forget your lies, sky will fall tonight Obey 'til the end, end is now in hand  Cannot speak, cannot speak never Cannot speak, cannot speak never  Counter sabotage will bring them to demise Counter sabotage will bring them to demise Counter sabotage will bring them to demise Counter sabotage will bring them to demise  Counter sabotage will bring them to demise Counter sabotage will bring them to demise Counter sabotage will bring them to demise  ", "artist": "Soulfly", "genre": "Solid Metal", "album": "Omen", "year": 2010, "source": "Darklyrics"},
{"name": "11. Soulfly Vii", "lyrics": "     ", "artist": "Soulfly", "genre": "Solid Metal", "album": "Omen", "year": 2010, "source": "Darklyrics"}
]