[
{"name": "1. The Dark Ages", "lyrics": "  ", "artist": "Soulfly", "genre": "Solid Metal", "album": "Dark Ages", "year": 2005, "source": "Darklyrics"},
{"name": "2. Babylon", "lyrics": "Lightning and thunder Fear and wonder Murder and murder Chaos, disorder Hate and pain Will rise again Nothing remains Bring it on again...  On and on and on and on... On and on and on and on... Inna babylon  Hell on earth Like a curse War is hell Time will tell Apocalypse meets The final disease Death now creeps The enemy within...  On and on and on and on... On and on and on and on... Inna babylon  United nations Divided tensions Body count rises While leaders lie  Desolation Separation Sufferation Confrontation  On and on and on and on... On and on and on and on... Inna babylon  Desolation... Annihilation... Decapitation... Seperation... Murder nation... Sufferation... Confrontation... Retaliation... Mutilation... Devastation... Confrontation... Too much tension...  On and on and on and on... On and on and on and on... Inna babylon  ", "artist": "Soulfly", "genre": "Solid Metal", "album": "Dark Ages", "year": 2005, "source": "Darklyrics"},
{"name": "3. I And I", "lyrics": "Why you deny - criticize You deny - criticize Don't feed me with your lies Why you deny - crucified You deny - crucified Out of this world demise... Realize - realize In this time - realize My soul will rise Realize - realize In this time - realize You can't fuck with the tribe  I and I - see the signs I and I - in the sky I and I - see the signs I and I - in the sky  ", "artist": "Soulfly", "genre": "Solid Metal", "album": "Dark Ages", "year": 2005, "source": "Darklyrics"},
{"name": "4. Carved Inside", "lyrics": "Carved inside - carved outside Scream at the sky - forever fight My peace of mind - I got to find True peace of mind - so hard to find  Now... I feel your soul inside Now... Carved inside  They try to bring us down We're growing all around Inside you must be free To find your destiny Lose yourself Find yourself Nothing to prove To nobody else  Now... Feel your soul inside Now... Carved inside  My life is mine My right is mine Your eyes petrified Fire from inside...  Carved inside - carved outside Feel your soul glow - in the sky... Let your soul now - move the world now Feel your soul now - let your soulfly...  You must change from Inside out You fall, we rise Inside out  ", "artist": "Soulfly", "genre": "Solid Metal", "album": "Dark Ages", "year": 2005, "source": "Darklyrics"},
{"name": "5. Arise Again", "lyrics": "Lost in a ritual rage I lost my normal behavior Muthafucka - show your face Hide on your invisible cage Behind your fake name Why don't you say that shit To my face...  Arise again - arise again People like you just fuel my hate Arise again - arise again  At war with you again I don't think you understand Muthafucka, I don't pretend Fuck you and your friends Fuck you and your dreams Can't you see we are not the same?  Arise again - arise again People like you just fuel my hate Arise again - arise again...  ", "artist": "Soulfly", "genre": "Solid Metal", "album": "Dark Ages", "year": 2005, "source": "Darklyrics"},
{"name": "6. Molotov", "lyrics": "Porra, Caralho Porra, Caralho Porra, Caralho No fio da navalha  Com toda a raiva Com toda a raiva No fio da navalha No fio da navalha  Porra, Caralho Porra, Caralho Porra, Caralho No fio da navalha...  Porra, Caralho Porra, Caralho Porra, Caralho No fio da navalha  Life is a journey, not a mystery Open your eyes, live what you see Life is a journey, beautiful and free Life is a wonder, beautiful and free  ", "artist": "Soulfly", "genre": "Solid Metal", "album": "Dark Ages", "year": 2005, "source": "Darklyrics"},
{"name": "7. Frontlines", "lyrics": "I don't give a fuck You don't give a fuck They don't give a fuck Get back in the front  I don't give a fuck You don't give a fuck We don't give a fuck Get back to the front  No one to trust Just blood in the dust Things just getting worse Worse, worse, and worse  You kill - no remorse You die - for what cause They kill - no remorse They die - for what cause  Back to the... Back to the... Back to the frontlines Back to the... Back to the... Back to the frontlines  I don't give a fuck You don't give a fuck They don't give a fuck Get back in the front  I don't give a fuck You don't give a fuck We don't give a fuck Get back to the front  At war, once more Peace is another sign that falls I didn't want to be in war But it follows me once more  For what, I don't know I don't understand Can you tell me who has won? When nothing remains...  Back to the... Back to the... Back to the frontlines Back to the... Back to the... Back to the frontlines  Back da fuck up now Shut da fuck up now Back to da front now Back to the frontlines  ", "artist": "Soulfly", "genre": "Solid Metal", "album": "Dark Ages", "year": 2005, "source": "Darklyrics"},
{"name": "8. Innerspirit", "lyrics": "Clean the sins - be blessed within Look upon - St. Michael's wings  Can you feel? That this armmagideon is near Can you feel? The ancient prophecy ago reveal  Soldier of God - like it was before 2,000 years - the lion roar  Can you feel? The final armmagideon is near Can you feel? The ancient prophecy ago reveal  Inner Spirit Inner Spirit Inner Spirit  Wealth of their world Have no meaning if what's coming after Things of this world Have no meaning Things of this world Have no meaning in what's coming after Things of this world Have no meaning...  ", "artist": "Soulfly", "genre": "Solid Metal", "album": "Dark Ages", "year": 2005, "source": "Darklyrics"},
{"name": "9. Corrosion Creeps", "lyrics": "Keep an eye in the sky Night after night Sign after sign Don't fall behind Land of the sun Empires will burn Can't trust no one No return...  Live on the edge No man's land Blood on the sand End of all things Killing edge Khyber pass City of God Dreader than dread  This corrosion creeps And it's crawling too deep This corrosion creeps And it's making you sick  Life after life Ragin inside Sign after sign Thorn on your side Curse undone Burn as one Trust no soul You're on your own  This corrosion creeps And it's crawling too deep This corrosion creeps And it's making you sick  This corrosion This corrosion...  Emptiness, fearless It's not for you to understand Self-destruct, don't give a fuck Cut-throat, you can't tame my soul Suicidal, schizophrenic Killing like a feeding frenzy Wicked, brutal Cut you down like a thousand swords  This corrosion creeps And it's crawling too deep This corrosion creeps And it's making you sick  This corrosion This corrosion This corrosion This corrosion...  Keep an eye in the sky The sky is falling tonight It's not so far Babylon is not far  A thousand feet high At the mercy of the skies As the souls dive The new millenium is crucified  ", "artist": "Soulfly", "genre": "Solid Metal", "album": "Dark Ages", "year": 2005, "source": "Darklyrics"},
{"name": "10. Riotstarter", "lyrics": "\"Zumbi e o senhor das guerras Zumbi e o senhor das demandas Quando Zumbi chega E Zumbi quem manda\"  I'm a riotstarter Molotov's on fire Flame is getting higher Higher, higher, higher  I'm the bullet holes I'm the nailbomb Sodom and Gomarrah  I'm in tribal war I'm spitting on your grave A face without a name The killer and the prey The song remains insane Insane...  I'm the cop blaster Fuel and disaster I'm societ's end Yeah you know my name...  Pissed off... And get the fuck out Pissed off... And get the fuck out Pissed off... And get the fuck out Pissed off... And get the fuck out  ", "artist": "Soulfly", "genre": "Solid Metal", "album": "Dark Ages", "year": 2005, "source": "Darklyrics"},
{"name": "11. Bleak", "lyrics": "Maggots crawling Posers falling Suffocating in garbage So much trash In excess Feed your ego up your ass  On your knees Blood sucking pigs Die of your own disease Worms and ashes Feed the masses Up your ass, blood cloth dead!  Maggots crawling Two-face falling Suffocate on your vomit Just like sheeps To the slaughter Follow suit, follow orders  On your knees Blood sucking pigs Drowning on your own shit Parasites Full of lies You got nothing left inside  Bleak Bleak - like crass Bleak Bleak - like crass  Maggots crawling Posers falling Suffocating in garbage Final warning No return It's the end, you fucking scum  On your knees Blood sucking pigs Die of your own disease Parasites Full of lies You've got nothing left inside  Bleak Bleak - like crass Bleak Bleak - like crass Bleak - fucking sick Bleak - fucking sick  ", "artist": "Soulfly", "genre": "Solid Metal", "album": "Dark Ages", "year": 2005, "source": "Darklyrics"},
{"name": "12. (The) March", "lyrics": "Dark ages upon us Hate surround us Fear embrace us Tragedy behind us Media brainwash us Spirits guide us Weakness expose us Memories behind us  Journey in front of us Roots under us Strange attracts us Inner voice calls us Envy destroy us Music lift us Scars remind us Spark ignite us  Everything will pass on We must go on Everything will pass on We must go on It's up to us... It's up to us... It's up to us...  ", "artist": "Soulfly", "genre": "Solid Metal", "album": "Dark Ages", "year": 2005, "source": "Darklyrics"},
{"name": "13. Fuel The Hate", "lyrics": "\"Monday, July 16, 1945, 5:30 A.M.\"   Fuel this hate And you'll never be the same again Now I'm feeling again and again Fuel this hate And you're living on the edge again Just like we felt back then Fuel this hate And you'll never be the same again When you just don't give a damn Fuel this hate And you're living on the edge again I don't give a damn...  Thrashing Raging Fighting Screamin Thrashing Raging Fighting Fuel the hate  Fuel this hate And you'll never be the same again Now I'm feeling again and again and again Fuel this hate And you're living on the edge again Just like we felt back then Fuel this hate And you'll never be the same again When you just don't give a damn Fuel this hate And I'm living on the edge again I don't give a damn  Thrashing Raging Fighting Screamin Thrashing Raging Fighting Fuel the hate  Sometimes - suicide - genocide - suicide I don't give a fuck if I live or die Sometimes - suicide - genocide - suicide I don't give a fuck if you live or die Sometimes - crucified - terrorize - crucified I don't care about this fucked up life Sometimes - crucified - terrorize - crucified I don't care about your fucked up life Sometimes - suicide - genocide - suicide I don't give a fuck if I live or die Sometimes - suicide - genocide - suicide I don't give a fuck if you live or die Sometimes - agonize - open arms - agonize Let the world burn tonight Sometimes - agonize - sacrifice - agonzie If it's up to me - sacrifice  Fuel this hate And you'll never be the same again Just like we felt back then Fuel this hate And you're living on the edge again Happiness, I don't understand Fuel this hate And you'll never be the same again There is no other way Fuel this hate And I'm living on the edge again Let them feel the pain  Um, Dois, Tres, Quatro... Past the point of no return.. Past the point of no return...  \"Voce mata porque ja nasceu morto Sangue morto, amaldiscoado Voce mata porque ja nasceu morto Sangue morto, amaldiscoado...\"  ", "artist": "Soulfly", "genre": "Solid Metal", "album": "Dark Ages", "year": 2005, "source": "Darklyrics"},
{"name": "14. Stay Strong", "lyrics": "Material things can't conquer me Matter nothing to me, only your soul can be free When we connect, spiritually I feel you never went away from me Waking up and I freak  Now it's so hard to breathe Blood, sweat, and my tears Make the fear disappear  Now that you are gone I try staying strong  All these painful years All these fallin' tears Will never bring you back Bring you back to me  I know one day I'll see you again I know this can't be the end I know you'll be there waiting for me Waiting for me  Carry on Stay strong Carry on...  Now that you are gone All these painful things That make us bleed inside I try staying strong I just want to see you I just want to see you Dana Moses Watch me Watch me  Oh God, take the pain away I'll give you my life instead Oh God, take the pain away For you, my life I'll trade Waking up and I freak Now it's so hard to breathe Blood, sweat, and my tears Make the fear disappear  Now that you are gone I try staying strong  Carry on Stay strong Carry on...  ", "artist": "Soulfly", "genre": "Solid Metal", "album": "Dark Ages", "year": 2005, "source": "Darklyrics"},
{"name": "15. Soulfly V", "lyrics": "     ", "artist": "Soulfly", "genre": "Solid Metal", "album": "Dark Ages", "year": 2005, "source": "Darklyrics"}
]