[
{"name": "1. Blood Oath", "lyrics": "From my soul I dispose the weak Enslave, all kings left dethroned I pronounce My oath in Blood  Withdrawn from my veins I spill An existence defined By the paths I saturate  Laws you impose Get overruled Irrelevant ways of the fools Sentenced before higher courts I'm self detained, In ways you judge not  Detours denied, Tell tales, of masses who failed Unearth and incinerate the old Feeble ways  From my soul I dispose the weak Enslave, all kings left dethroned I pronounce My oath in Blood  Bleed the fucking truth Or die by the fraud That's become of you Denounce clones and amongst Kings, who use the flame and burn  Blood in, blood out Blood in, blood out  Detours denied, Tell tales, of masses who failed Unearth and incinerate the old Feeble ways  Bleed for the oath taken Bleed for the oath taken  Detours denied, Tell tales, of masses who failed Unearth and incinerate the old Feeble ways  From my soul I dispose the weak Enslave, all kings left dethroned I pronounce My oath in Blood  ", "artist": "Suffocation", "genre": "Death Metal", "album": "Blood Oath", "year": 2009, "source": "Darklyrics"},
{"name": "2. Dismal Dream", "lyrics": "Violently ripped from the arms of my bliss. An end to what is, life's dismissed. My screams, my pain, I am no longer sane how can this be the end of my reign?  What have I done to deserve all of this? In the blink of an eye all things have changed and how will I make it through all this? This nightmare that I cannot wake from.  My dismal dream I live and breathe I realize I cannot leave  Embracing this plane of insane mental state of strange confusion- consumes me whole and somehow I'm trapped here within perceiving no escape wretched horror wraps my fate  My dismal dream I live and breathe I realize I cannot leave  Dismal dream impressions of fear deception of self, am I stuck here? Made to see, soul stripped from me no chance of escape  My dismal dream I live and breathe I realize I cannot leave I cannot leave  Sanity Collapses in the blink of an eye irrational behavior manifests from inside  Violently ripped from the arms of my bliss. An end to what is, life's dismissed. My screams, my pain, I am no longer sane how can this be the end of my reign?  ", "artist": "Suffocation", "genre": "Death Metal", "album": "Blood Oath", "year": 2009, "source": "Darklyrics"},
{"name": "3. Pray For Forgiveness", "lyrics": "To pray for forgiveness what have I done? No one seems to care ask for guidance but it falls on deaf ears if theres is one who will hear me how does he not answer look to the sky sins rain down from above once again I ask for thee to forgive me a mishandling of a situation  Leaves me at your mercy I only ask to look at my life as a whole why do you not answer  Cant it be there is no answer after all we have been taught    Mislead teachings lead to no conclusions a false hope that all would be forgiven allows one to do as he pleases.  So I ask of thee again to forgive me forgive me no answer to my plea  What I can't hear you have left me to rot  ", "artist": "Suffocation", "genre": "Death Metal", "album": "Blood Oath", "year": 2009, "source": "Darklyrics"},
{"name": "4. Images Of Purgatory", "lyrics": "Darkness falls covering the day Ghoulish figures move between the shadows unexplained voices come from nowhere Caught between here and there Left over fragments repeat A life once lost over and over.    Disturbing images unfold Tortures figures recreate a deed Evil is the host this night Demonic sounds consume the darkness  Darkness falls covering the day Ghoulish figures move between the shadows unexplained voices come from nowhere Caught between here and there Left over fragments repeat A life once lost played over and over.  As they prey upon the living concede made flesh delivers to he transpondent unremorseful plea relinquish thy soul and transcend forth  Between here and now deliver unto darkness befall the pits of despair and rise from the shadows to reclaim an heir. Sit upon my side to rule.  ", "artist": "Suffocation", "genre": "Death Metal", "album": "Blood Oath", "year": 2009, "source": "Darklyrics"},
{"name": "5. Cataclysmic Purification", "lyrics": "A calamitous future- warning cries of inhuman terror as time elapses a period of purification draws near. Those who survive will endure endless dark periods of spaces and time  Visionary - profound  The wounds of all have become one  Rise to power Ominous games of slaughter a future yet to unfold Fire and swords shall sweep the land the end of time this unnumbered the terrible judge will judge his people. Indigenous events plague  Indigenous events plague first light of wisdom the 4th world will end and the 5th will begin Cataclysmic changes will soon be upon us.  Disillusion The world will be set on fire the great day of purification Upheaval period of worthy change.  Indigenous events plague Indigenous events plague Indigenous events plague Indigenous events plague  ", "artist": "Suffocation", "genre": "Death Metal", "album": "Blood Oath", "year": 2009, "source": "Darklyrics"},
{"name": "6. Mental Hemorrhage", "lyrics": "Disconnected from virtuous opinions a shift of reality transposed and redefined remedial decisions become complex. Voices come from all angles sifting through disorder to scheive stability. So many ways to choose. Vile atrocities fill one corner.  Righteousness and honesty cing to a small fragment. Greed and power jump around at frantic pace.  Admission off inner conflict drops one to his knees make them stop, make them stop, stop whispering to me.  It doesn't want to hurt anymore one can't decipher right or wrong disablement of neural senses relish in the thought of self preservation.  Scars inside his head, he now only sees in red MENTAL HEMORRHAGE truth erodes over time, expiring what's left of his find  Rip the flesh - Tear the limb blood pours from within Rip the flesh - Tear the limb blood pours from within    Visions of tranquility shrouded by violence. Peace and serenity clouds over.  Now broken and exposed by inept judgement the end draws close he knows what he must do Thoughts within guide him down the path knows one will survive the aftermath.  ", "artist": "Suffocation", "genre": "Death Metal", "album": "Blood Oath", "year": 2009, "source": "Darklyrics"},
{"name": "7. Come Hell Or High Priest", "lyrics": "Enemies from the womb hypocrites will consume tales they claim shall guide our lost souls.  Sodomized by your priest consoled though punished Slaves before your lord  Effigies slowly burn Disdained, views you preach threaten mankind Restrain the god fearing Sickening masses zombifies existence run from fear through prayer.  COME HELL OR COME HELL OR HIGH... PRIEST  Ignorance Thee oblivion of bliss Search untraceable gods Is there, no other... means to breathe... Content as a sinner?  Impending wrath of truth drive my mind to burn My own... Law and existence reign on all deserved    Impending wrath of truth drive my mind to burn My own... Law and existence reign on all deserved  Shroud of deceit Unravel and crumble at the feet of... sickening masses not questioning like sheep led to slaughter Truth and death the only permanence death the only truth  Demise creeps in and fills the skies it's heavy reality should open your eyes zombified progression towards a cliff Ignorance their oblivion of bliss  Shroud of deceit Unravel and crumble at the feet of... sickening masses not questioning like sheep led to slaughter Truth and death the only permanence death the only truth  Enemies from the womb hypocrites will consume tales they claim shall guide our lost souls Sodomized by your priest consoled though punished Slaves before your lord Effigies slowly burn Disdained, views you preach threaten mankind  Restrain the god fearing Sickening masses alienate the truth COME HELL OR HIGH... PRIEST  ", "artist": "Suffocation", "genre": "Death Metal", "album": "Blood Oath", "year": 2009, "source": "Darklyrics"},
{"name": "8. Undeserving", "lyrics": "A lifetime of misdeeds has lead you to me you've made your last mistake. This time you won't get away.    I'll see to it that these are you last breaths, and strip the life with my bare hands. You never saw me coming, now I've got you It's gone on too long, this time it ends.  And now I'm to take your life, and still this will not rectify what have you down. What have you done? To torture the soul, undeserving seems to be the only way, to solve your unjust ways  A lifetime of misdeeds has lead you to me you've made your last mistake. This time you won't get away.  You never saw me coming, now I've got you Now that I have you, I'll do as I please staring into me while these hands grip around your throat Your life flashing before you, how could this have happened? I clench, tighter and tighter, Staring into your blood filled eyes. I know what you want to say, but I care not to hear  You cannot undo what you've done, this is forever. Theres no going back, you did this to yourself, through a life mis-lived and no one can save you now  Holding on, tightly gripped Realize that this is my last resort latched on to what is worthless it ends here and now  What can you possibly be thinking? As these eyes stare into yours... Is this happening to me? Here and now? Undeserving.  ", "artist": "Suffocation", "genre": "Death Metal", "album": "Blood Oath", "year": 2009, "source": "Darklyrics"},
{"name": "9. Provoking The Disturbed", "lyrics": "Scarred souls, remain raw Unveiling my world as blood soaked  Mankind, Expired paralyzed Broken by the doctrines imposed civilized breed A myth portrayed to pacify and enslave  Starve the basic needs Of born kings classified as insane. lies are thy mask of the cowards faceless beings.  Fear Unveils your weak feeble beliefs you dare diagnose those who obey no laws As disturbed and unstable Though the strength of the lunatics will survive Thee apocalyptic wars.  Truth. We're all insane my hands are tied, restrained Truth, define your truth reality reigns in pain PROVOKING THE DISTURBED!  Desensitized behavior, ensures I despise equally release is my, savior from confined masochistic beliefs  Civilized breed a myth portrayed to pacify and enslave Starve the basic needs of born kings classified as insane.    Lies truth be untold Impressions of lawless society. Clash of the evident curse. Demise of those who are out spoken. Chaotic reign of the insane. Lies truth be untold Impressions of lawless society.  Scarred souls, remain raw Unveiling my world as blood soaked  Mankind, expire paralyzed broken by the doctrines imposed Lies, are the mask of the cowards faceless beings.  Fear Unveils your weak feeble beliefs you dare diagnose those who obey no laws as disturbed and unstable  Though the strength of the lunatics will survive thee apocalyptic wars.  Truth, we're all insane my hands are tied, restrained Truth, define your truth Reality reigns in pain PROVOKING THE DISTURBED!  ", "artist": "Suffocation", "genre": "Death Metal", "album": "Blood Oath", "year": 2009, "source": "Darklyrics"},
{"name": "10. Marital Decimation", "lyrics": "I sit as tomorrow I die and today I will unburden my soul These events have tortured me and destroyed me I can still hear her faint screams engulfed in the atmosphere around me The stench of ammonia still encircles the room where her disemboweled corpse lies One night returning home, much intoxicated, I fancied my wife to avoid me  I seized her with, with the fury of a demon instantaneously possessed I knew myself no longer My original soul, At once to leave my body and a more than fiendish malevolence, gin-nurtured, thrilled every fiber of my frame At an instant, I grabbed the knife from the kitchen and left incision from ear to ear In turn, her limp weak corpse fell instantaneously  I in return having received much pleasure from the initial blow Had begun to cut into her abdomen Once inside I began exploring the regions of her innards The warm blood still running, The warm blood still running down my hands is cold and damp.  I began to remove her intestines, stopping to take a little nibble or two Her uterus seems to mesmerize me as I bury my head into it And lose myself into a world of the subconscious For now I know the many pleasures of my wife And I will soon be joining her     ", "artist": "Suffocation", "genre": "Death Metal", "album": "Blood Oath", "year": 2009, "source": "Darklyrics"}
]