[
{"name": "1. D.N.R.", "lyrics": "Lies... broken dreams Dismal past is there more in life... should I... know Ending wars... ending pain Ending of mankind is insane and there's all the possibilities some will fail and some will achieve Even through in my youth I didn't know but what can I do and I may not ever see In my pain, my suffering Can not live for the rest of my life DNR Do not resuscitate me...  Life... lost unseen behind the mask and with the open arms will I grasp Open doors... open minds... Ending all the madness I hate  And I may not ever see In my pain, my Misery Can not live for the rest of my life DNR Do not resuscitate me... DNR...  Wing of sadness... will hold my prayers all this madness... will end my fears contempt in life Conceptualize, wrong or right The ending of life... God save me now...  Time... end it now No going back Can you see the light as you pass Ending wars, ending pain... Waited all my life to be saves  And I will not ever see All the pain and suffering Can not live for the rest of my life DNR Do not resuscitate me... DNR  ", "artist": "Testament", "genre": "Thrash Metal", "album": "The Gathering", "year": 1999, "source": "Darklyrics"},
{"name": "2. Down For Life", "lyrics": "When I see my brother What I see is like no other What we had forever lost Can't deny our friendship Feeling like it's time to end this bad relation ripped apart  When we're young and disarranged We didn't know it any other way Now were grown He's still the same People see him suffering  I am not about to run away Turn my back to him In his darkest hour Give him will to fight Antagonize his thoughts See him thew his thoughest times Purify his weakened heart  All the friends We feel the same the way it was back in the day The more we change He stays the same Will we ever see our friend again  I... feel that... I can't protect my friend from himself  All I've got are these lessons learned in life The lessons I've been taught They still remain inside me thoughts Even as we speak as troubled as it seems He'll always be a friend of mind That's the way it was and always will be  When we're young and disarranged We didn't know it any other way Now were grown He's still the same People see him suffering  I... feel... I cannot help my friend help him self  You... can't hear what I say Never going away... still friends down for life... can you still fight...  All I've got are these lessons learned in life The lessons I've been taught They still remain inside me thoughts Even as we speak as troubled as it seems He'll always be a friend of mind That's the way it was and always will be  Now in the end it plain to see what kind of friend He has been for me all along he could never see Who he was and always be  I... feel... I cannot help my friend help him self  ", "artist": "Testament", "genre": "Thrash Metal", "album": "The Gathering", "year": 1999, "source": "Darklyrics"},
{"name": "3. Eyes Of Wrath", "lyrics": "Eyes of wrath The beast is on your back Razor blade slice your neck Slowly tear you down Takes another life To feed his bloody lust Random crime spree attack There's no random at all  Dead city nights Another daughter's done Another victim of circumstance Took the wrong way home Can you hear the screams The music of the dead A ritual of broken flesh Anoints the silver blade  No one lives forever There is no forever And I'll tell you why Rage, rage soothes the pain Pain, pain soothes the rage Lash out in anger That never will change I can never escape Rage, rage soothes the pain Pain, pain soothes the rage Rage, pain  ", "artist": "Testament", "genre": "Thrash Metal", "album": "The Gathering", "year": 1999, "source": "Darklyrics"},
{"name": "4. True Believer", "lyrics": "Do you believe in the darkness below Well I can summon them up If you really want to know As I tow the line between bad and evil Nothing can touch me now True believer  Born in sin where I pledge my evil oath Violence is golden now Did you really want to go As I draw the line between bad and evil Nothing can touch me now True believer  True believer... nothing can stop me now and nothing can touch me now True believer...  No use in praying forever shall I roam Smoke dusted angels now It's the only way I know As I cross the line between bad and evil Nothing can touch me now True believer  Ash to ashes, Dust to dust all I ever wanted was power of the blood  Pause, Now look what I have done What I have become I'm the chosen one  Never gonna take me Never gonna change me Never gonna escape me now...  Do you believe there is evil in my soul One final high is the way That I really want to go As I cross the line between bad and evil Nothing can touch me now True believer  ", "artist": "Testament", "genre": "Thrash Metal", "album": "The Gathering", "year": 1999, "source": "Darklyrics"},
{"name": "5. Three Days In Darkness", "lyrics": "In a world polluted inside let's pretend the nightmare is done from the earth the magma will rise From the sea comes cancerous tides The meaning of life ends in prophecy Premonitions bring tragedy is the hope for humanity  Molten fire.. flies through the sky Burning high... eclipse of the sun Blackened skies Rites of the night The days in darkness in 2012  Mother earth's been withered by time Already dead and we didn't even know it Watch the stars to give us a sign From above, all the angels descend The meaning of life ends in agony Raped by impurities Not chance for humanity  Molten fire.. flies through the sky Burning high... eclipse of the sun Blackened skies Rites of the night The days in darkness in 2012  Magma splits the earth and shifts below Molten lava bursts and overflow Rise as we wait, annihilate Burning earth pulls to the sun Rise as we wait, obliterate Burning earth pulls to the sun Three days of darkness in 2012  Mega cities still blaze in the night Burning the ashes they choke From the earth the magma will rise Enveloped in poisonous smoke so the meaning of life ends in prophecy Premonitions of tragedy still no hope for humanity  Molten fire.. flies through the sky Burning high... eclipse of the sun Blackened skies Rites of the night The days in darkness in 2012  ", "artist": "Testament", "genre": "Thrash Metal", "album": "The Gathering", "year": 1999, "source": "Darklyrics"},
{"name": "6. Legions Of The Dead", "lyrics": "Chant incantate See his legions march in trace Destroy desecrate Church of lies The priest await to be Right in this world By fate the host of hate Arose from a whirl Sealed the earth from all it's sins From fire that he spreads Where's your God to save you know from the hordes of the undead Hear the locust roar...  The legions of the dead Envoked in this world The legions of the dead Envoked all hell on earth Choked this world dead Paralyzed by what they believe to be... unholy, all evil Immortal, unholy, infernal... Unholy, all evil Immortal, unholy unfernal one... The legions of the dead... envoked all hell on earth  ", "artist": "Testament", "genre": "Thrash Metal", "album": "The Gathering", "year": 1999, "source": "Darklyrics"},
{"name": "7. Careful What You Wish For", "lyrics": "Grace - in a perfect world On shines the light Praise - an angelic song but there's another side you'll see Now hide salvation easily denied  Reigns - Down with misery Life's not always what it seems False hope written in the testament of old Take heed stop believing every word you read Truth inconsistencies Distorts the lie False imprisonment Forever lost inside your mind Fates door Just be careful what you wish for Death's door Just be careful what you wish for  Peace of mind I can't find Don't be blind take the ride  Hey... we live in a fucked up world Walking on through the demise We step into the unknown Your better save yourself...  Hey... we live in a fucked up world Hiding behind the disguise Never let your feelings show Why can't you be yourself... We live in a fucked up world Walking on through the demise We step into the unknown Your better save yourself...  ", "artist": "Testament", "genre": "Thrash Metal", "album": "The Gathering", "year": 1999, "source": "Darklyrics"},
{"name": "8. Riding The Snake", "lyrics": "Caged... and riding the snake Straight down from the night True love for the fix and she never been able one minute to kick back the feelings enticed and you know it's never the same Venomous poison constricting your life  Life... enough of the taste Sweet demonic night Raised up on her legs Everytime you encounter the demon Your future forever forever is lost While riding the snake who suffers the loss  Is there no shame Is life so bad without you... So far away and I still can't fight you!!!  Climb... straight into the veins Ran into the cell Straight up to the snake and it never will ever be  Hiding from futures of innocence lost Will we ever escape the clinch of the jaws  Drowning in pools filled with lies Filled in with pain Watch how the serpent survives... Simmering hate!!!  Caged... and riding the snake Love loss for the fix bit down on the snake Fates sending her back No place to go She will never change her ways Spent to many nights and can not take raw emotions from others  Drowning in pools filled with lies Condemned in pain Watch how the serpent survives... Simmering hate!!!  ", "artist": "Testament", "genre": "Thrash Metal", "album": "The Gathering", "year": 1999, "source": "Darklyrics"},
{"name": "9. Allegiance", "lyrics": "Hey everybody Join together unified Hey are you ready for us all to fight for pride It's our last chance to defend our war cries to the bitter end  Pray up to the heavens Our creator justifies...  A war dance of Indians It's my own allegiance to the fight Me... white... breed... Everybody symbolize Join together unified  Hey everybody come together, raise the knife same old promise that we've heard a thousand times  It's our last chance to defend war cries to the bitter end as man shows his ignorance it's my own allegiance to the fight Fight... me... white... breed... Everybody symbolize Join together unified Fight... me... white... breed... Everybody stand and rise and join together unified  ", "artist": "Testament", "genre": "Thrash Metal", "album": "The Gathering", "year": 1999, "source": "Darklyrics"},
{"name": "10. Sewn Shut Eyes", "lyrics": "Hate... Hate is a lesson we know Alone on its own it will die It eats what it needs to survive... It wants to survive Every night you look deep in your soul Burn the fields Where the the hatred is grown...  Hate... Hate always seething to find some way to get to your brain Infesting what's pure in the mind Hatred divine... Look around you is anyone pure Free of hatred Inside this cold world  Pre-conceived Truth from lies Blind to see Through sewn shut eyes Hate breeds hate  Hate... Always eager to rise Above all to gain full control Infesting what's pure in the mind Evil entwined... Even now that the seeds have been sewn Burn the fields Where the hatred still grows... Hate breeds hate  How many have die before we realize hate undermines  Hate... Hate always eager to find some way to tear out your soul Surviving the passage of time Dirty white lies... Back in time as our history shows Endless cycles of hatred still flow  Pre-conceived heartless lies Blind to see - through sewn shut eyes Is there still hope for us now? I said - is there still hope for us now? NO!!!  ", "artist": "Testament", "genre": "Thrash Metal", "album": "The Gathering", "year": 1999, "source": "Darklyrics"},
{"name": "11. Fall Of Siple Dome", "lyrics": "Melting Ice Beneath the wave Frozen ice sheets Slowly start to break away Another cycle has begun The ice is flowing The melt down has begun Fall of siple dome... The core reveals the past Of a world once lost...  Shifting ice plates below without warning inter glacial sudden death Land of ice, free to roam Global warming The sea will overflow  Sheets below, float in time Arctic death millennium Melted ice, it floods the earth in twenty thousand years the process will repeat.  Under ice the river flows Swiftly moving Falling earth into the sea Death is slowly on the move The level's rising and there's nothing we can do Fall of siple dome... The core revealed the past Of a world once lost...  Man will find the climate change mandatory Extinction of the human race Apocalypse millennium Our world gets colder to meltdown by the sun  Sheets below, float in time Arctic death millennium Melted ice, it floods the earth in twenty thousand years the process will repeat  And in the end you will find under the sea earth will rise Freezing, melting, oceans, rise...  Tidal waves found the shore Destroying cities No longer can be recognised Devastation to us all The sea will rise and a world soon to fall  Fall of siple doom... The core revealed the past... of a world once lost... Fall of siple dome!!!     ", "artist": "Testament", "genre": "Thrash Metal", "album": "The Gathering", "year": 1999, "source": "Darklyrics"}
]