[
{"name": "1. For The Glory Of", "lyrics": "  ", "artist": "Testament", "genre": "Thrash Metal", "album": "The Formation Of Damnation", "year": 2008, "source": "Darklyrics"},
{"name": "2. More Than Meets the Eye", "lyrics": "Life in the world untold, question the unknown This prison captures me, my cell is all I know I thought I knew it all, stubborn in my ways My sentence has begun, my future's what I waste  Next chapter of my life is filled with violent scenes I stay awake at night hiding from my dreams The voices haunting me, driving me insane Can't seem to get away, they're calling out my name I feel that I am slipping Are they out to get me My life is upside down More than meets the eye  For now I am in control, choosing my own fate And now I sleep at night because I'm not afraid My demons haunting me, I chased them all away I've conquered all my fears, my destiny awaits I'm no longer slipping I'm not slipping away No one's out to get me No one will get in my way No longer upside down I've turned my life around More than meets the eye  More than More than meets the eye  ", "artist": "Testament", "genre": "Thrash Metal", "album": "The Formation Of Damnation", "year": 2008, "source": "Darklyrics"},
{"name": "3. The Evil Has Landed", "lyrics": "The sky began to fall, ripping open a path up to Heaven Time slowed to a crawl early morning September eleventh Steel crumbling frames, the scales of justice are decimated Hate ignites the flames, New York city incinerated See the flames on the river, is this our judgement day? Praying hands of a killer when evil flies our way Our way  The towers got hit, a steel bird with wings of destruction As the building split, the skyline has been deconstructed So many people killed, two thousand nine hundred and seventy four Innocent blood spilled, extremist plotting a holy war See the flames on the river, terrorism sealed our fate Praying hands of a killer reciting a sermon of hate Will you please reconsider, is this our judgement day? Time to stand and deliver when evil flies our way Flies our way  We will pick up the pieces We never cast the first stone Through all the bereavement We will rebuild our home  The sky began to fall, ripping opening a path up to Heaven Time slowed to a crawl early morning September eleventh See the flames on the river, terrorism sealed our fate Praying hands of a killer reciting a sermon of hate Will you please reconsider, is this our judgement day? Time to stand and deliver when evil flies our way Flies our way  ", "artist": "Testament", "genre": "Thrash Metal", "album": "The Formation Of Damnation", "year": 2008, "source": "Darklyrics"},
{"name": "4. The Formation of Damnation", "lyrics": "False leaders crowned, a world of mass destruction Can't wash the lies away death messiah to whom people pray Election day spitting bullshit to the enslaved Make them believe compromised insanity The time is now, rise up from destitution We won't lay down, resist the persecution  Inspired hate controlled by endless faith Sins washed away the bloody shores of humanity Unholy war, mankind is blind and bleeding Indoctrinate, shatter all of the people's faith The time is now, rise up from destitution We won't lay down, resist the persecution The time is now, rise up from destitution We won't lay down, resist the persecution  I will fight relentlessly I stand tall defiantly I see what you cannot see I invoke the beast in me  I fear not the agony I breathe hope inside of thee I will kill the enemy I fulfill my destiny  A swarm of death engulfs the sky forever Blocks out the sun, the desecration of salvation The end is near, elected false messiah Plan put in gear, the formation of damnation The time is now, rise up from destitution We won't lay down, resist the persecution The time is now, rise up from destitution We won't lay down, resist the persecution  Eyes, see, hands bleed Set, free, the formation of damnation  ", "artist": "Testament", "genre": "Thrash Metal", "album": "The Formation Of Damnation", "year": 2008, "source": "Darklyrics"},
{"name": "5. Dangers of the Faithless", "lyrics": "Predicting war, predicting life, predicting when disaster strikes Living life, living death, living on borrowed time End of time, end of days, end of all the things you save See the future, see the past, what does he have in store... Through the years, through the eyes and the lies The world he sees has become no surprise Through the years and the tears and the lies Condemned to hell, condemned to fate, condemned to time  Sacrament, sacrilege, altar to a sacrifice Smell the blood, smell the death, smell the stench of demons' breath Filled with love, filled with hate, filled with hope that dissipates Fallen hero, fallen god, fallen victims that we've become Through the years, through the eyes and the lies The world he sees has become no surprise Through the years and the tears and the lies Condemned to hell, condemned to fate, condemned to time  When you step into the circle prepare yourself as we choose your fate As you're bleeding at the altar for your sins with blood you'll pay  ", "artist": "Testament", "genre": "Thrash Metal", "album": "The Formation Of Damnation", "year": 2008, "source": "Darklyrics"},
{"name": "6. The Persecuted Won't Forget", "lyrics": "The noose around my neck cinched in tight unmercifully The tighter that it gets enables only my eyes to see Truth through all the dust, twisted lies, which you decree System unjust, you will never bend my knees  The broken and the blessed both sides try to preach to me Social unrest, who labeled me the enemy In pieces shall we rest, for those who choose not to believe So put me to the test, who wrote those pages of history? Subject to another threat, living without regrets Pay the price with my death, the persecuted won't forget  I cannot breath, you watch the pain suffocating me, lie lies I cannot breath, you watch me bleed suffocating me Can't break away my heart still beats unsevered My soul be saved amen condemned forever I've been awakened can't be mistaken The lessons beseech you break free from the noose  The noose around my neck cinched in tight relentlessly The tighter that it gets, my heart still beats but I can't breath In pieces shall we rest, for those who chose not to believe Liberty in death, after all is said you won't break me Subject to another threat, living without regrets Pay the price with my death, the persecuted won't forget  ", "artist": "Testament", "genre": "Thrash Metal", "album": "The Formation Of Damnation", "year": 2008, "source": "Darklyrics"},
{"name": "7. Henchman Ride", "lyrics": "One life is the way they live Not far from a world of sin Ride hard is the reason to Live life with a fist of doom No rest, no time, no fear In the way they die Last dance in the dead of night A steel horse is what the henchmen ride  American bliss, American pride In a world where they live and die Respect for the members in Their club when the henchmen ride  Forward, shifting gears In the wind the henchmen ride Engines roar with the energy More miles and the wind and speed Going fast is a way of life Living life when the henchmen ride  Forward, shifting gears In the wind the henchmen ride  Their brotherhood is blood That's all they really need Never asking for forgiveness Their only love is life Cause life is their machine Riding hard is the future that they see Freedom, rider, henchman, lifer  Forward, shifting gears In the wind the henchmen ride  Ride  American bliss, American pride In a world where the henchmen ride Going fast is a way of life No fear in the way they die  Forward, shifting gears In the wind the henchmen ride  ", "artist": "Testament", "genre": "Thrash Metal", "album": "The Formation Of Damnation", "year": 2008, "source": "Darklyrics"},
{"name": "8. Killing Season", "lyrics": "Asking for salvation at the stations of the cross, eternal is my pledge if eternal is thy loss Back in the days of yore my country summoned me, enlisted willingly in defense of liberty Eroding all alone like the mist upon the moss, eternal is my pledge an eternal holocaust They summoned me, honorably, defend the cause, never repent, away I went, to defend the cause When I was sent away they made a soldier from a boy Victory will be achieved lethal weapons to destroy  Killing season, has begun with blood in my eyes the truth blames the lies Machine gun, no place to run killing season I was taught the art of war, kill Exploding all alone like the blood upon the moss, Eternal is my pledge if eternal is thy loss They summoned me, honorably, defend the cause, never repent, Away I went, to defend the cause When I was sent away they made a soldier from a boy Victory will be achieved lethal weapons to destroy  Killing season, has begun with blood in my eyes the truth blames the lies Machine gun, no place to run killing season Chosen one, with death on my hands, killing season Art of war, kill on command, killing season Killing season, killing season Killing season, killing season  ", "artist": "Testament", "genre": "Thrash Metal", "album": "The Formation Of Damnation", "year": 2008, "source": "Darklyrics"},
{"name": "9. Afterlife", "lyrics": "When my old man he said to me you're growing fast boy there's so much to see You take a wife, new born, a family, he said you'd see when it comes time To be a man to do what's right You'll always find a way to make your way through life When my old man he said to me treat mankind with dignity Start with no one finding someone that you need Wonder where we go, is there really an afterlife Never growing old, going home will free his spirit  When my old man he said to me the world moves fast boy with no guarantees Trust in no one till you find someone you believe Then my father past away from this world to a grave Mother earth, sands of time a better place, the afterlife Wonder where we go, is there really an afterlife Never growing old, going home will free his spirit Never ending love, is there hope in the afterlife Reach into my soul, I'll see my dad in the afterlife  When my old man was alive he always would teach When my old man was alive he always believed in me He helps shape his son, the man that I've become  Then my old man said to me embrace the past Listen son carry on our legacy Then my father passed away from this world to a grave Mother earth, sands of time a better place, the afterlife Wonder where we go, is there really an afterlife Never growing old, going home will free his spirit Never ending love, is there hope in the afterlife Reach into my soul, I'll see my dad in the afterlife  ", "artist": "Testament", "genre": "Thrash Metal", "album": "The Formation Of Damnation", "year": 2008, "source": "Darklyrics"},
{"name": "10. F.E.A.R.", "lyrics": "The psycho logic of the civilized, controlling thoughts within their eyes Contamination of the chemical, the hidden force within the soul Fear alive will come alive fear will go, through the darkness and the woes There will be a light deep below, the sub-conscience only knows fear  The politician and their freedom fight, when all is wrong there is no right The key of lies opening the door, to sacrifices in the holy war The promise of eternal afterlife, manipulation internal strife Forever-after has a fatal flaw, religious leaders above the law Fear will come alive fear will go, through the darkness and the woes There will be a light deep below, the sub-conscience only knows Fear, fear, shattering the atmosphere fear, fear, travesty is here Here, here, covering the path that's clear Fear is only what you feel... false evidence appearing real  Black emotions grow on trees of scorn, seeds are planted from the day we're born Plucked from darkness rushing to the light, instinct pulling you to fight or flight Paralyzed, vilified, voices within your soul are calling from deep inside Terrorized, victimized, false prophets - nothing more than thoughts within your mind  The penetration of a deep abyss, along a passage to nothingness Within the corners of the hidden eye, is where the sources of evil lie So if you suffer with no end in sight, the veil of fear is an endless night Through confrontation it will be gone, the night is dark just before the dawn Fear will come alive fear will go, through the darkness and the woes There will be a light deep below, the sub-conscience only knows Fear, fear, shattering the atmosphere fear, fear, travesty is here Here, here, covering the path that's clear Fear is only what you feel... false evidence appearing real  ", "artist": "Testament", "genre": "Thrash Metal", "album": "The Formation Of Damnation", "year": 2008, "source": "Darklyrics"},
{"name": "11. Leave Me Forever", "lyrics": "Promises you never meant to keep what I thought we had was love Used to say I was the only one how could I be so wrong When you chose me to be the one our life together has not begun Manipulation, presume control the lights are broken inside my soul  Overcome by the emptiness delusions of true love Cast into a very dark abyss crest fallen and undone When you chose me to be the one you broke my spirit we can't go on Insinuation it takes it's toll the lights are broken inside my soul Now I have my reason to turn my back on you Now I don't believe in you love lies bleeding through  Everything that meant so much to me I left it all for love I gave you all that I had to give but it wasn't good enough I thought I loved you but it's too late you said you love me but now I hate Dead and buried let's fill the hole the lights are broken inside my soul Now I have my reason to turn my back on you Now I don't believe in you love lies bleeding through  I can't get away I hope you suffer I won't let love ever drive me insane Unleash the pain laugh as you suffer you turned our love into my ugly shame Sick of your ways sick of the future I take my life back to live it my way Just walk away leave me forever you can't erase all the damage you've done     ", "artist": "Testament", "genre": "Thrash Metal", "album": "The Formation Of Damnation", "year": 2008, "source": "Darklyrics"}
]